store,store_type,date,hour,persona,passers,enters
零食店-长沙银杉路店,零食店,2026-03-27,0,家庭主妇,13,0
零食店-长沙银杉路店,零食店,2026-03-27,0,退休老人,0,0
零食店-长沙银杉路店,零食店,2026-03-27,0,中青年,25,0
零食店-长沙银杉路店,零食店,2026-03-27,0,上班族,13,0
零食店-长沙银杉路店,零食店,2026-03-27,0,学生,0,0
零食店-长沙银杉路店,零食店,2026-03-27,1,家庭主妇,6,0
零食店-长沙银杉路店,零食店,2026-03-27,1,退休老人,0,0
零食店-长沙银杉路店,零食店,2026-03-27,1,中青年,3,0
零食店-长沙银杉路店,零食店,2026-03-27,1,上班族,9,0
零食店-长沙银杉路店,零食店,2026-03-27,1,学生,0,0
零食店-长沙银杉路店,零食店,2026-03-27,2,家庭主妇,6,0
零食店-长沙银杉路店,零食店,2026-03-27,2,退休老人,0,0
零食店-长沙银杉路店,零食店,2026-03-27,2,中青年,12,0
零食店-长沙银杉路店,零食店,2026-03-27,2,上班族,4,0
零食店-长沙银杉路店,零食店,2026-03-27,2,学生,0,0
零食店-长沙银杉路店,零食店,2026-03-27,3,家庭主妇,0,0
零食店-长沙银杉路店,零食店,2026-03-27,3,退休老人,0,0
零食店-长沙银杉路店,零食店,2026-03-27,3,中青年,9,0
零食店-长沙银杉路店,零食店,2026-03-27,3,上班族,0,0
零食店-长沙银杉路店,零食店,2026-03-27,3,学生,0,0
零食店-长沙银杉路店,零食店,2026-03-27,4,家庭主妇,2,0
零食店-长沙银杉路店,零食店,2026-03-27,4,退休老人,0,0
零食店-长沙银杉路店,零食店,2026-03-27,4,中青年,2,0
零食店-长沙银杉路店,零食店,2026-03-27,4,上班族,2,0
零食店-长沙银杉路店,零食店,2026-03-27,4,学生,0,0
零食店-长沙银杉路店,零食店,2026-03-27,5,家庭主妇,0,0
零食店-长沙银杉路店,零食店,2026-03-27,5,退休老人,0,0
零食店-长沙银杉路店,零食店,2026-03-27,5,中青年,5,0
零食店-长沙银杉路店,零食店,2026-03-27,5,上班族,3,0
零食店-长沙银杉路店,零食店,2026-03-27,5,学生,0,0
零食店-长沙银杉路店,零食店,2026-03-27,6,家庭主妇,24,0
零食店-长沙银杉路店,零食店,2026-03-27,6,退休老人,0,0
零食店-长沙银杉路店,零食店,2026-03-27,6,中青年,36,0
零食店-长沙银杉路店,零食店,2026-03-27,6,上班族,12,0
零食店-长沙银杉路店,零食店,2026-03-27,6,学生,0,0
零食店-长沙银杉路店,零食店,2026-03-27,7,家庭主妇,61,1
零食店-长沙银杉路店,零食店,2026-03-27,7,退休老人,0,1
零食店-长沙银杉路店,零食店,2026-03-27,7,中青年,79,2
零食店-长沙银杉路店,零食店,2026-03-27,7,上班族,306,6
零食店-长沙银杉路店,零食店,2026-03-27,7,学生,0,4
零食店-长沙银杉路店,零食店,2026-03-27,8,家庭主妇,224,6
零食店-长沙银杉路店,零食店,2026-03-27,8,退休老人,0,2
零食店-长沙银杉路店,零食店,2026-03-27,8,中青年,158,5
零食店-长沙银杉路店,零食店,2026-03-27,8,上班族,376,12
零食店-长沙银杉路店,零食店,2026-03-27,8,学生,0,2
零食店-长沙银杉路店,零食店,2026-03-27,9,家庭主妇,152,11
零食店-长沙银杉路店,零食店,2026-03-27,9,退休老人,6,1
零食店-长沙银杉路店,零食店,2026-03-27,9,中青年,208,12
零食店-长沙银杉路店,零食店,2026-03-27,9,上班族,93,6
零食店-长沙银杉路店,零食店,2026-03-27,9,学生,0,5
零食店-长沙银杉路店,零食店,2026-03-27,10,家庭主妇,124,6
零食店-长沙银杉路店,零食店,2026-03-27,10,退休老人,10,1
零食店-长沙银杉路店,零食店,2026-03-27,10,中青年,170,5
零食店-长沙银杉路店,零食店,2026-03-27,10,上班族,48,3
零食店-长沙银杉路店,零食店,2026-03-27,10,学生,4,3
零食店-长沙银杉路店,零食店,2026-03-27,11,家庭主妇,69,5
零食店-长沙银杉路店,零食店,2026-03-27,11,退休老人,8,1
零食店-长沙银杉路店,零食店,2026-03-27,11,中青年,114,4
零食店-长沙银杉路店,零食店,2026-03-27,11,上班族,223,6
零食店-长沙银杉路店,零食店,2026-03-27,11,学生,0,4
零食店-长沙银杉路店,零食店,2026-03-27,12,家庭主妇,54,0
零食店-长沙银杉路店,零食店,2026-03-27,12,退休老人,0,1
零食店-长沙银杉路店,零食店,2026-03-27,12,中青年,50,3
零食店-长沙银杉路店,零食店,2026-03-27,12,上班族,368,12
零食店-长沙银杉路店,零食店,2026-03-27,12,学生,0,2
零食店-长沙银杉路店,零食店,2026-03-27,13,家庭主妇,207,9
零食店-长沙银杉路店,零食店,2026-03-27,13,退休老人,0,0
零食店-长沙银杉路店,零食店,2026-03-27,13,中青年,180,3
零食店-长沙银杉路店,零食店,2026-03-27,13,上班族,88,6
零食店-长沙银杉路店,零食店,2026-03-27,13,学生,0,3
零食店-长沙银杉路店,零食店,2026-03-27,14,家庭主妇,109,9
零食店-长沙银杉路店,零食店,2026-03-27,14,退休老人,1,3
零食店-长沙银杉路店,零食店,2026-03-27,14,中青年,152,8
零食店-长沙银杉路店,零食店,2026-03-27,14,上班族,63,3
零食店-长沙银杉路店,零食店,2026-03-27,14,学生,0,4
零食店-长沙银杉路店,零食店,2026-03-27,15,家庭主妇,160,10
零食店-长沙银杉路店,零食店,2026-03-27,15,退休老人,0,0
零食店-长沙银杉路店,零食店,2026-03-27,15,中青年,135,12
零食店-长沙银杉路店,零食店,2026-03-27,15,上班族,73,4
零食店-长沙银杉路店,零食店,2026-03-27,15,学生,1,6
零食店-长沙银杉路店,零食店,2026-03-27,16,家庭主妇,210,10
零食店-长沙银杉路店,零食店,2026-03-27,16,退休老人,7,2
零食店-长沙银杉路店,零食店,2026-03-27,16,中青年,206,9
零食店-长沙银杉路店,零食店,2026-03-27,16,上班族,74,6
零食店-长沙银杉路店,零食店,2026-03-27,16,学生,1,7
零食店-长沙银杉路店,零食店,2026-03-27,17,家庭主妇,232,9
零食店-长沙银杉路店,零食店,2026-03-27,17,退休老人,0,3
零食店-长沙银杉路店,零食店,2026-03-27,17,中青年,180,9
零食店-长沙银杉路店,零食店,2026-03-27,17,上班族,505,28
零食店-长沙银杉路店,零食店,2026-03-27,17,学生,0,13
零食店-长沙银杉路店,零食店,2026-03-27,18,家庭主妇,195,12
零食店-长沙银杉路店,零食店,2026-03-27,18,退休老人,0,6
零食店-长沙银杉路店,零食店,2026-03-27,18,中青年,98,5
零食店-长沙银杉路店,零食店,2026-03-27,18,上班族,1152,42
零食店-长沙银杉路店,零食店,2026-03-27,18,学生,0,8
零食店-长沙银杉路店,零食店,2026-03-27,19,家庭主妇,484,29
零食店-长沙银杉路店,零食店,2026-03-27,19,退休老人,3,7
零食店-长沙银杉路店,零食店,2026-03-27,19,中青年,269,20
零食店-长沙银杉路店,零食店,2026-03-27,19,上班族,181,17
零食店-长沙银杉路店,零食店,2026-03-27,19,学生,0,19
零食店-长沙银杉路店,零食店,2026-03-27,20,家庭主妇,197,26
零食店-长沙银杉路店,零食店,2026-03-27,20,退休老人,3,3
零食店-长沙银杉路店,零食店,2026-03-27,20,中青年,144,17
零食店-长沙银杉路店,零食店,2026-03-27,20,上班族,79,11
零食店-长沙银杉路店,零食店,2026-03-27,20,学生,5,12
零食店-长沙银杉路店,零食店,2026-03-27,21,家庭主妇,144,14
零食店-长沙银杉路店,零食店,2026-03-27,21,退休老人,2,2
零食店-长沙银杉路店,零食店,2026-03-27,21,中青年,98,18
零食店-长沙银杉路店,零食店,2026-03-27,21,上班族,54,9
零食店-长沙银杉路店,零食店,2026-03-27,21,学生,3,9
零食店-长沙银杉路店,零食店,2026-03-27,22,家庭主妇,95,6
零食店-长沙银杉路店,零食店,2026-03-27,22,退休老人,0,1
零食店-长沙银杉路店,零食店,2026-03-27,22,中青年,70,9
零食店-长沙银杉路店,零食店,2026-03-27,22,上班族,39,6
零食店-长沙银杉路店,零食店,2026-03-27,22,学生,1,5
零食店-长沙银杉路店,零食店,2026-03-27,23,家庭主妇,0,0
零食店-长沙银杉路店,零食店,2026-03-27,23,退休老人,0,0
零食店-长沙银杉路店,零食店,2026-03-27,23,中青年,0,0
零食店-长沙银杉路店,零食店,2026-03-27,23,上班族,0,0
零食店-长沙银杉路店,零食店,2026-03-27,23,学生,0,0
零食店-长沙银杉路店,零食店,2026-03-28,0,家庭主妇,11,0
零食店-长沙银杉路店,零食店,2026-03-28,0,退休老人,0,0
零食店-长沙银杉路店,零食店,2026-03-28,0,中青年,13,0
零食店-长沙银杉路店,零食店,2026-03-28,0,上班族,7,0
零食店-长沙银杉路店,零食店,2026-03-28,0,学生,0,0
零食店-长沙银杉路店,零食店,2026-03-28,1,家庭主妇,0,0
零食店-长沙银杉路店,零食店,2026-03-28,1,退休老人,0,0
零食店-长沙银杉路店,零食店,2026-03-28,1,中青年,8,0
零食店-长沙银杉路店,零食店,2026-03-28,1,上班族,9,0
零食店-长沙银杉路店,零食店,2026-03-28,1,学生,0,0
零食店-长沙银杉路店,零食店,2026-03-28,2,家庭主妇,5,0
零食店-长沙银杉路店,零食店,2026-03-28,2,退休老人,0,0
零食店-长沙银杉路店,零食店,2026-03-28,2,中青年,2,0
零食店-长沙银杉路店,零食店,2026-03-28,2,上班族,0,0
零食店-长沙银杉路店,零食店,2026-03-28,2,学生,0,0
零食店-长沙银杉路店,零食店,2026-03-28,3,家庭主妇,5,0
零食店-长沙银杉路店,零食店,2026-03-28,3,退休老人,0,0
零食店-长沙银杉路店,零食店,2026-03-28,3,中青年,5,0
零食店-长沙银杉路店,零食店,2026-03-28,3,上班族,2,0
零食店-长沙银杉路店,零食店,2026-03-28,3,学生,0,0
零食店-长沙银杉路店,零食店,2026-03-28,4,家庭主妇,1,0
零食店-长沙银杉路店,零食店,2026-03-28,4,退休老人,0,0
零食店-长沙银杉路店,零食店,2026-03-28,4,中青年,2,0
零食店-长沙银杉路店,零食店,2026-03-28,4,上班族,0,0
零食店-长沙银杉路店,零食店,2026-03-28,4,学生,0,0
零食店-长沙银杉路店,零食店,2026-03-28,5,家庭主妇,0,0
零食店-长沙银杉路店,零食店,2026-03-28,5,退休老人,0,0
零食店-长沙银杉路店,零食店,2026-03-28,5,中青年,2,0
零食店-长沙银杉路店,零食店,2026-03-28,5,上班族,0,0
零食店-长沙银杉路店,零食店,2026-03-28,5,学生,0,0
零食店-长沙银杉路店,零食店,2026-03-28,6,家庭主妇,13,0
零食店-长沙银杉路店,零食店,2026-03-28,6,退休老人,0,0
零食店-长沙银杉路店,零食店,2026-03-28,6,中青年,26,0
零食店-长沙银杉路店,零食店,2026-03-28,6,上班族,3,0
零食店-长沙银杉路店,零食店,2026-03-28,6,学生,0,0
零食店-长沙银杉路店,零食店,2026-03-28,7,家庭主妇,35,1
零食店-长沙银杉路店,零食店,2026-03-28,7,退休老人,0,0
零食店-长沙银杉路店,零食店,2026-03-28,7,中青年,14,1
零食店-长沙银杉路店,零食店,2026-03-28,7,上班族,76,3
零食店-长沙银杉路店,零食店,2026-03-28,7,学生,0,0
零食店-长沙银杉路店,零食店,2026-03-28,8,家庭主妇,55,6
零食店-长沙银杉路店,零食店,2026-03-28,8,退休老人,0,0
零食店-长沙银杉路店,零食店,2026-03-28,8,中青年,54,3
零食店-长沙银杉路店,零食店,2026-03-28,8,上班族,117,6
零食店-长沙银杉路店,零食店,2026-03-28,8,学生,0,1
零食店-长沙银杉路店,零食店,2026-03-28,9,家庭主妇,83,7
零食店-长沙银杉路店,零食店,2026-03-28,9,退休老人,5,1
零食店-长沙银杉路店,零食店,2026-03-28,9,中青年,105,7
零食店-长沙银杉路店,零食店,2026-03-28,9,上班族,60,4
零食店-长沙银杉路店,零食店,2026-03-28,9,学生,2,1
零食店-长沙银杉路店,零食店,2026-03-28,10,家庭主妇,102,10
零食店-长沙银杉路店,零食店,2026-03-28,10,退休老人,4,1
零食店-长沙银杉路店,零食店,2026-03-28,10,中青年,119,6
零食店-长沙银杉路店,零食店,2026-03-28,10,上班族,38,3
零食店-长沙银杉路店,零食店,2026-03-28,10,学生,9,13
零食店-长沙银杉路店,零食店,2026-03-28,11,家庭主妇,71,5
零食店-长沙银杉路店,零食店,2026-03-28,11,退休老人,8,3
零食店-长沙银杉路店,零食店,2026-03-28,11,中青年,55,3
零食店-长沙银杉路店,零食店,2026-03-28,11,上班族,148,5
零食店-长沙银杉路店,零食店,2026-03-28,11,学生,5,4
零食店-长沙银杉路店,零食店,2026-03-28,12,家庭主妇,36,4
零食店-长沙银杉路店,零食店,2026-03-28,12,退休老人,7,2
零食店-长沙银杉路店,零食店,2026-03-28,12,中青年,57,4
零食店-长沙银杉路店,零食店,2026-03-28,12,上班族,349,21
零食店-长沙银杉路店,零食店,2026-03-28,12,学生,0,8
零食店-长沙银杉路店,零食店,2026-03-28,13,家庭主妇,224,10
零食店-长沙银杉路店,零食店,2026-03-28,13,退休老人,4,4
零食店-长沙银杉路店,零食店,2026-03-28,13,中青年,197,8
零食店-长沙银杉路店,零食店,2026-03-28,13,上班族,112,5
零食店-长沙银杉路店,零食店,2026-03-28,13,学生,10,8
零食店-长沙银杉路店,零食店,2026-03-28,14,家庭主妇,268,21
零食店-长沙银杉路店,零食店,2026-03-28,14,退休老人,3,3
零食店-长沙银杉路店,零食店,2026-03-28,14,中青年,220,6
零食店-长沙银杉路店,零食店,2026-03-28,14,上班族,114,9
零食店-长沙银杉路店,零食店,2026-03-28,14,学生,4,22
零食店-长沙银杉路店,零食店,2026-03-28,15,家庭主妇,212,17
零食店-长沙银杉路店,零食店,2026-03-28,15,退休老人,7,2
零食店-长沙银杉路店,零食店,2026-03-28,15,中青年,234,14
零食店-长沙银杉路店,零食店,2026-03-28,15,上班族,164,9
零食店-长沙银杉路店,零食店,2026-03-28,15,学生,30,15
零食店-长沙银杉路店,零食店,2026-03-28,16,家庭主妇,296,15
零食店-长沙银杉路店,零食店,2026-03-28,16,退休老人,2,3
零食店-长沙银杉路店,零食店,2026-03-28,16,中青年,356,11
零食店-长沙银杉路店,零食店,2026-03-28,16,上班族,166,9
零食店-长沙银杉路店,零食店,2026-03-28,16,学生,12,13
零食店-长沙银杉路店,零食店,2026-03-28,17,家庭主妇,199,19
零食店-长沙银杉路店,零食店,2026-03-28,17,退休老人,9,7
零食店-长沙银杉路店,零食店,2026-03-28,17,中青年,182,17
零食店-长沙银杉路店,零食店,2026-03-28,17,上班族,481,33
零食店-长沙银杉路店,零食店,2026-03-28,17,学生,11,15
零食店-长沙银杉路店,零食店,2026-03-28,18,家庭主妇,132,6
零食店-长沙银杉路店,零食店,2026-03-28,18,退休老人,7,6
零食店-长沙银杉路店,零食店,2026-03-28,18,中青年,66,4
零食店-长沙银杉路店,零食店,2026-03-28,18,上班族,790,31
零食店-长沙银杉路店,零食店,2026-03-28,18,学生,0,11
零食店-长沙银杉路店,零食店,2026-03-28,19,家庭主妇,505,29
零食店-长沙银杉路店,零食店,2026-03-28,19,退休老人,3,5
零食店-长沙银杉路店,零食店,2026-03-28,19,中青年,262,21
零食店-长沙银杉路店,零食店,2026-03-28,19,上班族,202,20
零食店-长沙银杉路店,零食店,2026-03-28,19,学生,0,21
零食店-长沙银杉路店,零食店,2026-03-28,20,家庭主妇,403,22
零食店-长沙银杉路店,零食店,2026-03-28,20,退休老人,7,5
零食店-长沙银杉路店,零食店,2026-03-28,20,中青年,189,20
零食店-长沙银杉路店,零食店,2026-03-28,20,上班族,173,10
零食店-长沙银杉路店,零食店,2026-03-28,20,学生,0,15
零食店-长沙银杉路店,零食店,2026-03-28,21,家庭主妇,274,28
零食店-长沙银杉路店,零食店,2026-03-28,21,退休老人,7,3
零食店-长沙银杉路店,零食店,2026-03-28,21,中青年,155,20
零食店-长沙银杉路店,零食店,2026-03-28,21,上班族,137,18
零食店-长沙银杉路店,零食店,2026-03-28,21,学生,2,19
零食店-长沙银杉路店,零食店,2026-03-28,22,家庭主妇,153,12
零食店-长沙银杉路店,零食店,2026-03-28,22,退休老人,0,4
零食店-长沙银杉路店,零食店,2026-03-28,22,中青年,101,15
零食店-长沙银杉路店,零食店,2026-03-28,22,上班族,71,9
零食店-长沙银杉路店,零食店,2026-03-28,22,学生,3,8
零食店-长沙银杉路店,零食店,2026-03-28,23,家庭主妇,0,0
零食店-长沙银杉路店,零食店,2026-03-28,23,退休老人,0,0
零食店-长沙银杉路店,零食店,2026-03-28,23,中青年,0,0
零食店-长沙银杉路店,零食店,2026-03-28,23,上班族,0,0
零食店-长沙银杉路店,零食店,2026-03-28,23,学生,0,0
零食店-长沙银杉路店,零食店,2026-03-29,0,家庭主妇,19,0
零食店-长沙银杉路店,零食店,2026-03-29,0,退休老人,0,0
零食店-长沙银杉路店,零食店,2026-03-29,0,中青年,8,0
零食店-长沙银杉路店,零食店,2026-03-29,0,上班族,5,0
零食店-长沙银杉路店,零食店,2026-03-29,0,学生,0,0
零食店-长沙银杉路店,零食店,2026-03-29,1,家庭主妇,9,0
零食店-长沙银杉路店,零食店,2026-03-29,1,退休老人,0,0
零食店-长沙银杉路店,零食店,2026-03-29,1,中青年,6,0
零食店-长沙银杉路店,零食店,2026-03-29,1,上班族,0,0
零食店-长沙银杉路店,零食店,2026-03-29,1,学生,0,0
零食店-长沙银杉路店,零食店,2026-03-29,2,家庭主妇,7,0
零食店-长沙银杉路店,零食店,2026-03-29,2,退休老人,0,0
零食店-长沙银杉路店,零食店,2026-03-29,2,中青年,6,0
零食店-长沙银杉路店,零食店,2026-03-29,2,上班族,0,0
零食店-长沙银杉路店,零食店,2026-03-29,2,学生,0,0
零食店-长沙银杉路店,零食店,2026-03-29,3,家庭主妇,2,0
零食店-长沙银杉路店,零食店,2026-03-29,3,退休老人,2,0
零食店-长沙银杉路店,零食店,2026-03-29,3,中青年,2,0
零食店-长沙银杉路店,零食店,2026-03-29,3,上班族,0,0
零食店-长沙银杉路店,零食店,2026-03-29,3,学生,0,0
零食店-长沙银杉路店,零食店,2026-03-29,4,家庭主妇,0,0
零食店-长沙银杉路店,零食店,2026-03-29,4,退休老人,0,0
零食店-长沙银杉路店,零食店,2026-03-29,4,中青年,0,0
零食店-长沙银杉路店,零食店,2026-03-29,4,上班族,0,0
零食店-长沙银杉路店,零食店,2026-03-29,4,学生,3,0
零食店-长沙银杉路店,零食店,2026-03-29,5,家庭主妇,0,0
零食店-长沙银杉路店,零食店,2026-03-29,5,退休老人,0,0
零食店-长沙银杉路店,零食店,2026-03-29,5,中青年,0,0
零食店-长沙银杉路店,零食店,2026-03-29,5,上班族,0,0
零食店-长沙银杉路店,零食店,2026-03-29,5,学生,3,0
零食店-长沙银杉路店,零食店,2026-03-29,6,家庭主妇,8,0
零食店-长沙银杉路店,零食店,2026-03-29,6,退休老人,0,0
零食店-长沙银杉路店,零食店,2026-03-29,6,中青年,21,0
零食店-长沙银杉路店,零食店,2026-03-29,6,上班族,11,0
零食店-长沙银杉路店,零食店,2026-03-29,6,学生,0,0
零食店-长沙银杉路店,零食店,2026-03-29,7,家庭主妇,19,1
零食店-长沙银杉路店,零食店,2026-03-29,7,退休老人,1,0
零食店-长沙银杉路店,零食店,2026-03-29,7,中青年,19,0
零食店-长沙银杉路店,零食店,2026-03-29,7,上班族,129,2
零食店-长沙银杉路店,零食店,2026-03-29,7,学生,0,1
零食店-长沙银杉路店,零食店,2026-03-29,8,家庭主妇,95,5
零食店-长沙银杉路店,零食店,2026-03-29,8,退休老人,0,2
零食店-长沙银杉路店,零食店,2026-03-29,8,中青年,66,4
零食店-长沙银杉路店,零食店,2026-03-29,8,上班族,145,6
零食店-长沙银杉路店,零食店,2026-03-29,8,学生,0,1
零食店-长沙银杉路店,零食店,2026-03-29,9,家庭主妇,81,6
零食店-长沙银杉路店,零食店,2026-03-29,9,退休老人,2,1
零食店-长沙银杉路店,零食店,2026-03-29,9,中青年,83,4
零食店-长沙银杉路店,零食店,2026-03-29,9,上班族,56,4
零食店-长沙银杉路店,零食店,2026-03-29,9,学生,2,7
零食店-长沙银杉路店,零食店,2026-03-29,10,家庭主妇,93,5
零食店-长沙银杉路店,零食店,2026-03-29,10,退休老人,0,1
零食店-长沙银杉路店,零食店,2026-03-29,10,中青年,85,7
零食店-长沙银杉路店,零食店,2026-03-29,10,上班族,66,3
零食店-长沙银杉路店,零食店,2026-03-29,10,学生,0,3
零食店-长沙银杉路店,零食店,2026-03-29,11,家庭主妇,74,6
零食店-长沙银杉路店,零食店,2026-03-29,11,退休老人,0,1
零食店-长沙银杉路店,零食店,2026-03-29,11,中青年,108,6
零食店-长沙银杉路店,零食店,2026-03-29,11,上班族,162,10
零食店-长沙银杉路店,零食店,2026-03-29,11,学生,8,11
零食店-长沙银杉路店,零食店,2026-03-29,12,家庭主妇,21,4
零食店-长沙银杉路店,零食店,2026-03-29,12,退休老人,6,3
零食店-长沙银杉路店,零食店,2026-03-29,12,中青年,37,2
零食店-长沙银杉路店,零食店,2026-03-29,12,上班族,283,17
零食店-长沙银杉路店,零食店,2026-03-29,12,学生,0,8
零食店-长沙银杉路店,零食店,2026-03-29,13,家庭主妇,164,9
零食店-长沙银杉路店,零食店,2026-03-29,13,退休老人,3,2
零食店-长沙银杉路店,零食店,2026-03-29,13,中青年,170,6
零食店-长沙银杉路店,零食店,2026-03-29,13,上班族,86,3
零食店-长沙银杉路店,零食店,2026-03-29,13,学生,0,7
零食店-长沙银杉路店,零食店,2026-03-29,14,家庭主妇,184,17
零食店-长沙银杉路店,零食店,2026-03-29,14,退休老人,2,2
零食店-长沙银杉路店,零食店,2026-03-29,14,中青年,191,12
零食店-长沙银杉路店,零食店,2026-03-29,14,上班族,114,8
零食店-长沙银杉路店,零食店,2026-03-29,14,学生,0,11
零食店-长沙银杉路店,零食店,2026-03-29,15,家庭主妇,290,19
零食店-长沙银杉路店,零食店,2026-03-29,15,退休老人,0,3
零食店-长沙银杉路店,零食店,2026-03-29,15,中青年,200,16
零食店-长沙银杉路店,零食店,2026-03-29,15,上班族,129,8
零食店-长沙银杉路店,零食店,2026-03-29,15,学生,0,12
零食店-长沙银杉路店,零食店,2026-03-29,16,家庭主妇,313,20
零食店-长沙银杉路店,零食店,2026-03-29,16,退休老人,2,2
零食店-长沙银杉路店,零食店,2026-03-29,16,中青年,187,13
零食店-长沙银杉路店,零食店,2026-03-29,16,上班族,123,8
零食店-长沙银杉路店,零食店,2026-03-29,16,学生,9,16
零食店-长沙银杉路店,零食店,2026-03-29,17,家庭主妇,191,22
零食店-长沙银杉路店,零食店,2026-03-29,17,退休老人,11,5
零食店-长沙银杉路店,零食店,2026-03-29,17,中青年,150,15
零食店-长沙银杉路店,零食店,2026-03-29,17,上班族,349,29
零食店-长沙银杉路店,零食店,2026-03-29,17,学生,3,21
零食店-长沙银杉路店,零食店,2026-03-29,18,家庭主妇,99,10
零食店-长沙银杉路店,零食店,2026-03-29,18,退休老人,3,4
零食店-长沙银杉路店,零食店,2026-03-29,18,中青年,45,6
零食店-长沙银杉路店,零食店,2026-03-29,18,上班族,512,34
零食店-长沙银杉路店,零食店,2026-03-29,18,学生,7,9
零食店-长沙银杉路店,零食店,2026-03-29,19,家庭主妇,243,13
零食店-长沙银杉路店,零食店,2026-03-29,19,退休老人,2,2
零食店-长沙银杉路店,零食店,2026-03-29,19,中青年,112,17
零食店-长沙银杉路店,零食店,2026-03-29,19,上班族,132,11
零食店-长沙银杉路店,零食店,2026-03-29,19,学生,0,10
零食店-长沙银杉路店,零食店,2026-03-29,20,家庭主妇,146,18
零食店-长沙银杉路店,零食店,2026-03-29,20,退休老人,2,4
零食店-长沙银杉路店,零食店,2026-03-29,20,中青年,99,15
零食店-长沙银杉路店,零食店,2026-03-29,20,上班族,71,9
零食店-长沙银杉路店,零食店,2026-03-29,20,学生,4,5
零食店-长沙银杉路店,零食店,2026-03-29,21,家庭主妇,148,12
零食店-长沙银杉路店,零食店,2026-03-29,21,退休老人,1,2
零食店-长沙银杉路店,零食店,2026-03-29,21,中青年,107,12
零食店-长沙银杉路店,零食店,2026-03-29,21,上班族,42,6
零食店-长沙银杉路店,零食店,2026-03-29,21,学生,0,2
零食店-长沙银杉路店,零食店,2026-03-29,22,家庭主妇,69,10
零食店-长沙银杉路店,零食店,2026-03-29,22,退休老人,0,3
零食店-长沙银杉路店,零食店,2026-03-29,22,中青年,47,10
零食店-长沙银杉路店,零食店,2026-03-29,22,上班族,35,7
零食店-长沙银杉路店,零食店,2026-03-29,22,学生,0,3
零食店-长沙银杉路店,零食店,2026-03-29,23,家庭主妇,0,0
零食店-长沙银杉路店,零食店,2026-03-29,23,退休老人,0,0
零食店-长沙银杉路店,零食店,2026-03-29,23,中青年,0,0
零食店-长沙银杉路店,零食店,2026-03-29,23,上班族,0,0
零食店-长沙银杉路店,零食店,2026-03-29,23,学生,0,0
零食店-长沙银杉路店,零食店,2026-03-30,0,家庭主妇,8,0
零食店-长沙银杉路店,零食店,2026-03-30,0,退休老人,0,0
零食店-长沙银杉路店,零食店,2026-03-30,0,中青年,10,0
零食店-长沙银杉路店,零食店,2026-03-30,0,上班族,2,0
零食店-长沙银杉路店,零食店,2026-03-30,0,学生,0,0
零食店-长沙银杉路店,零食店,2026-03-30,1,家庭主妇,4,0
零食店-长沙银杉路店,零食店,2026-03-30,1,退休老人,0,0
零食店-长沙银杉路店,零食店,2026-03-30,1,中青年,3,0
零食店-长沙银杉路店,零食店,2026-03-30,1,上班族,6,0
零食店-长沙银杉路店,零食店,2026-03-30,1,学生,0,0
零食店-长沙银杉路店,零食店,2026-03-30,2,家庭主妇,6,0
零食店-长沙银杉路店,零食店,2026-03-30,2,退休老人,0,0
零食店-长沙银杉路店,零食店,2026-03-30,2,中青年,0,0
零食店-长沙银杉路店,零食店,2026-03-30,2,上班族,0,0
零食店-长沙银杉路店,零食店,2026-03-30,2,学生,0,0
零食店-长沙银杉路店,零食店,2026-03-30,3,家庭主妇,4,0
零食店-长沙银杉路店,零食店,2026-03-30,3,退休老人,0,0
零食店-长沙银杉路店,零食店,2026-03-30,3,中青年,1,0
零食店-长沙银杉路店,零食店,2026-03-30,3,上班族,1,0
零食店-长沙银杉路店,零食店,2026-03-30,3,学生,1,0
零食店-长沙银杉路店,零食店,2026-03-30,4,家庭主妇,0,0
零食店-长沙银杉路店,零食店,2026-03-30,4,退休老人,0,0
零食店-长沙银杉路店,零食店,2026-03-30,4,中青年,0,0
零食店-长沙银杉路店,零食店,2026-03-30,4,上班族,0,0
零食店-长沙银杉路店,零食店,2026-03-30,4,学生,0,0
零食店-长沙银杉路店,零食店,2026-03-30,5,家庭主妇,2,0
零食店-长沙银杉路店,零食店,2026-03-30,5,退休老人,0,0
零食店-长沙银杉路店,零食店,2026-03-30,5,中青年,1,0
零食店-长沙银杉路店,零食店,2026-03-30,5,上班族,2,0
零食店-长沙银杉路店,零食店,2026-03-30,5,学生,0,0
零食店-长沙银杉路店,零食店,2026-03-30,6,家庭主妇,50,0
零食店-长沙银杉路店,零食店,2026-03-30,6,退休老人,0,0
零食店-长沙银杉路店,零食店,2026-03-30,6,中青年,12,0
零食店-长沙银杉路店,零食店,2026-03-30,6,上班族,15,0
零食店-长沙银杉路店,零食店,2026-03-30,6,学生,0,0
零食店-长沙银杉路店,零食店,2026-03-30,7,家庭主妇,34,0
零食店-长沙银杉路店,零食店,2026-03-30,7,退休老人,0,0
零食店-长沙银杉路店,零食店,2026-03-30,7,中青年,51,2
零食店-长沙银杉路店,零食店,2026-03-30,7,上班族,277,4
零食店-长沙银杉路店,零食店,2026-03-30,7,学生,0,0
零食店-长沙银杉路店,零食店,2026-03-30,8,家庭主妇,120,7
零食店-长沙银杉路店,零食店,2026-03-30,8,退休老人,0,2
零食店-长沙银杉路店,零食店,2026-03-30,8,中青年,106,4
零食店-长沙银杉路店,零食店,2026-03-30,8,上班族,246,5
零食店-长沙银杉路店,零食店,2026-03-30,8,学生,0,1
零食店-长沙银杉路店,零食店,2026-03-30,9,家庭主妇,91,5
零食店-长沙银杉路店,零食店,2026-03-30,9,退休老人,0,1
零食店-长沙银杉路店,零食店,2026-03-30,9,中青年,71,5
零食店-长沙银杉路店,零食店,2026-03-30,9,上班族,32,4
零食店-长沙银杉路店,零食店,2026-03-30,9,学生,0,0
零食店-长沙银杉路店,零食店,2026-03-30,10,家庭主妇,86,7
零食店-长沙银杉路店,零食店,2026-03-30,10,退休老人,0,1
零食店-长沙银杉路店,零食店,2026-03-30,10,中青年,89,3
零食店-长沙银杉路店,零食店,2026-03-30,10,上班族,23,3
零食店-长沙银杉路店,零食店,2026-03-30,10,学生,0,2
零食店-长沙银杉路店,零食店,2026-03-30,11,家庭主妇,50,3
零食店-长沙银杉路店,零食店,2026-03-30,11,退休老人,0,1
零食店-长沙银杉路店,零食店,2026-03-30,11,中青年,69,3
零食店-长沙银杉路店,零食店,2026-03-30,11,上班族,161,10
零食店-长沙银杉路店,零食店,2026-03-30,11,学生,0,1
零食店-长沙银杉路店,零食店,2026-03-30,12,家庭主妇,36,3
零食店-长沙银杉路店,零食店,2026-03-30,12,退休老人,0,2
零食店-长沙银杉路店,零食店,2026-03-30,12,中青年,32,5
零食店-长沙银杉路店,零食店,2026-03-30,12,上班族,341,16
零食店-长沙银杉路店,零食店,2026-03-30,12,学生,0,2
零食店-长沙银杉路店,零食店,2026-03-30,13,家庭主妇,167,1
零食店-长沙银杉路店,零食店,2026-03-30,13,退休老人,0,0
零食店-长沙银杉路店,零食店,2026-03-30,13,中青年,177,1
零食店-长沙银杉路店,零食店,2026-03-30,13,上班族,83,1
零食店-长沙银杉路店,零食店,2026-03-30,13,学生,0,0
零食店-长沙银杉路店,零食店,2026-03-30,14,家庭主妇,148,7
零食店-长沙银杉路店,零食店,2026-03-30,14,退休老人,0,1
零食店-长沙银杉路店,零食店,2026-03-30,14,中青年,152,2
零食店-长沙银杉路店,零食店,2026-03-30,14,上班族,80,2
零食店-长沙银杉路店,零食店,2026-03-30,14,学生,0,1
零食店-长沙银杉路店,零食店,2026-03-30,15,家庭主妇,187,7
零食店-长沙银杉路店,零食店,2026-03-30,15,退休老人,7,1
零食店-长沙银杉路店,零食店,2026-03-30,15,中青年,171,3
零食店-长沙银杉路店,零食店,2026-03-30,15,上班族,100,2
零食店-长沙银杉路店,零食店,2026-03-30,15,学生,2,1
零食店-长沙银杉路店,零食店,2026-03-30,16,家庭主妇,181,5
零食店-长沙银杉路店,零食店,2026-03-30,16,退休老人,7,1
零食店-长沙银杉路店,零食店,2026-03-30,16,中青年,183,2
零食店-长沙银杉路店,零食店,2026-03-30,16,上班族,96,2
零食店-长沙银杉路店,零食店,2026-03-30,16,学生,1,1
零食店-长沙银杉路店,零食店,2026-03-30,17,家庭主妇,183,6
零食店-长沙银杉路店,零食店,2026-03-30,17,退休老人,0,1
零食店-长沙银杉路店,零食店,2026-03-30,17,中青年,130,6
零食店-长沙银杉路店,零食店,2026-03-30,17,上班族,391,13
零食店-长沙银杉路店,零食店,2026-03-30,17,学生,0,3
零食店-长沙银杉路店,零食店,2026-03-30,18,家庭主妇,153,10
零食店-长沙银杉路店,零食店,2026-03-30,18,退休老人,3,2
零食店-长沙银杉路店,零食店,2026-03-30,18,中青年,90,6
零食店-长沙银杉路店,零食店,2026-03-30,18,上班族,986,44
零食店-长沙银杉路店,零食店,2026-03-30,18,学生,0,12
零食店-长沙银杉路店,零食店,2026-03-30,19,家庭主妇,539,21
零食店-长沙银杉路店,零食店,2026-03-30,19,退休老人,0,6
零食店-长沙银杉路店,零食店,2026-03-30,19,中青年,303,27
零食店-长沙银杉路店,零食店,2026-03-30,19,上班族,211,14
零食店-长沙银杉路店,零食店,2026-03-30,19,学生,0,19
零食店-长沙银杉路店,零食店,2026-03-30,20,家庭主妇,356,26
零食店-长沙银杉路店,零食店,2026-03-30,20,退休老人,5,4
零食店-长沙银杉路店,零食店,2026-03-30,20,中青年,187,17
零食店-长沙银杉路店,零食店,2026-03-30,20,上班族,161,7
零食店-长沙银杉路店,零食店,2026-03-30,20,学生,2,17
零食店-长沙银杉路店,零食店,2026-03-30,21,家庭主妇,215,20
零食店-长沙银杉路店,零食店,2026-03-30,21,退休老人,0,5
零食店-长沙银杉路店,零食店,2026-03-30,21,中青年,139,16
零食店-长沙银杉路店,零食店,2026-03-30,21,上班族,101,7
零食店-长沙银杉路店,零食店,2026-03-30,21,学生,0,9
零食店-长沙银杉路店,零食店,2026-03-30,22,家庭主妇,84,7
零食店-长沙银杉路店,零食店,2026-03-30,22,退休老人,0,2
零食店-长沙银杉路店,零食店,2026-03-30,22,中青年,80,10
零食店-长沙银杉路店,零食店,2026-03-30,22,上班族,58,5
零食店-长沙银杉路店,零食店,2026-03-30,22,学生,0,3
零食店-长沙银杉路店,零食店,2026-03-30,23,家庭主妇,0,0
零食店-长沙银杉路店,零食店,2026-03-30,23,退休老人,0,0
零食店-长沙银杉路店,零食店,2026-03-30,23,中青年,0,0
零食店-长沙银杉路店,零食店,2026-03-30,23,上班族,0,0
零食店-长沙银杉路店,零食店,2026-03-30,23,学生,0,0
零食店-长沙银杉路店,零食店,2026-03-31,0,家庭主妇,10,0
零食店-长沙银杉路店,零食店,2026-03-31,0,退休老人,0,0
零食店-长沙银杉路店,零食店,2026-03-31,0,中青年,13,0
零食店-长沙银杉路店,零食店,2026-03-31,0,上班族,3,0
零食店-长沙银杉路店,零食店,2026-03-31,0,学生,0,0
零食店-长沙银杉路店,零食店,2026-03-31,1,家庭主妇,3,0
零食店-长沙银杉路店,零食店,2026-03-31,1,退休老人,0,0
零食店-长沙银杉路店,零食店,2026-03-31,1,中青年,7,0
零食店-长沙银杉路店,零食店,2026-03-31,1,上班族,2,0
零食店-长沙银杉路店,零食店,2026-03-31,1,学生,0,0
零食店-长沙银杉路店,零食店,2026-03-31,2,家庭主妇,5,0
零食店-长沙银杉路店,零食店,2026-03-31,2,退休老人,0,0
零食店-长沙银杉路店,零食店,2026-03-31,2,中青年,4,0
零食店-长沙银杉路店,零食店,2026-03-31,2,上班族,0,0
零食店-长沙银杉路店,零食店,2026-03-31,2,学生,0,0
零食店-长沙银杉路店,零食店,2026-03-31,3,家庭主妇,2,0
零食店-长沙银杉路店,零食店,2026-03-31,3,退休老人,0,0
零食店-长沙银杉路店,零食店,2026-03-31,3,中青年,2,0
零食店-长沙银杉路店,零食店,2026-03-31,3,上班族,2,0
零食店-长沙银杉路店,零食店,2026-03-31,3,学生,1,0
零食店-长沙银杉路店,零食店,2026-03-31,4,家庭主妇,1,0
零食店-长沙银杉路店,零食店,2026-03-31,4,退休老人,0,0
零食店-长沙银杉路店,零食店,2026-03-31,4,中青年,1,0
零食店-长沙银杉路店,零食店,2026-03-31,4,上班族,1,0
零食店-长沙银杉路店,零食店,2026-03-31,4,学生,1,0
零食店-长沙银杉路店,零食店,2026-03-31,5,家庭主妇,0,0
零食店-长沙银杉路店,零食店,2026-03-31,5,退休老人,0,0
零食店-长沙银杉路店,零食店,2026-03-31,5,中青年,3,0
零食店-长沙银杉路店,零食店,2026-03-31,5,上班族,0,0
零食店-长沙银杉路店,零食店,2026-03-31,5,学生,0,0
零食店-长沙银杉路店,零食店,2026-03-31,6,家庭主妇,16,0
零食店-长沙银杉路店,零食店,2026-03-31,6,退休老人,0,0
零食店-长沙银杉路店,零食店,2026-03-31,6,中青年,15,0
零食店-长沙银杉路店,零食店,2026-03-31,6,上班族,20,0
零食店-长沙银杉路店,零食店,2026-03-31,6,学生,0,0
零食店-长沙银杉路店,零食店,2026-03-31,7,家庭主妇,22,0
零食店-长沙银杉路店,零食店,2026-03-31,7,退休老人,0,0
零食店-长沙银杉路店,零食店,2026-03-31,7,中青年,16,0
零食店-长沙银杉路店,零食店,2026-03-31,7,上班族,175,0
零食店-长沙银杉路店,零食店,2026-03-31,7,学生,0,0
零食店-长沙银杉路店,零食店,2026-03-31,8,家庭主妇,69,2
零食店-长沙银杉路店,零食店,2026-03-31,8,退休老人,0,2
零食店-长沙银杉路店,零食店,2026-03-31,8,中青年,56,1
零食店-长沙银杉路店,零食店,2026-03-31,8,上班族,147,3
零食店-长沙银杉路店,零食店,2026-03-31,8,学生,0,0
零食店-长沙银杉路店,零食店,2026-03-31,9,家庭主妇,45,2
零食店-长沙银杉路店,零食店,2026-03-31,9,退休老人,0,0
零食店-长沙银杉路店,零食店,2026-03-31,9,中青年,52,4
零食店-长沙银杉路店,零食店,2026-03-31,9,上班族,36,2
零食店-长沙银杉路店,零食店,2026-03-31,9,学生,0,1
零食店-长沙银杉路店,零食店,2026-03-31,10,家庭主妇,34,3
零食店-长沙银杉路店,零食店,2026-03-31,10,退休老人,1,2
零食店-长沙银杉路店,零食店,2026-03-31,10,中青年,59,9
零食店-长沙银杉路店,零食店,2026-03-31,10,上班族,14,3
零食店-长沙银杉路店,零食店,2026-03-31,10,学生,0,0
零食店-长沙银杉路店,零食店,2026-03-31,11,家庭主妇,34,3
零食店-长沙银杉路店,零食店,2026-03-31,11,退休老人,0,1
零食店-长沙银杉路店,零食店,2026-03-31,11,中青年,23,5
零食店-长沙银杉路店,零食店,2026-03-31,11,上班族,78,4
零食店-长沙银杉路店,零食店,2026-03-31,11,学生,0,2
零食店-长沙银杉路店,零食店,2026-03-31,12,家庭主妇,23,3
零食店-长沙银杉路店,零食店,2026-03-31,12,退休老人,0,1
零食店-长沙银杉路店,零食店,2026-03-31,12,中青年,11,2
零食店-长沙银杉路店,零食店,2026-03-31,12,上班族,228,16
零食店-长沙银杉路店,零食店,2026-03-31,12,学生,0,3
零食店-长沙银杉路店,零食店,2026-03-31,13,家庭主妇,134,5
零食店-长沙银杉路店,零食店,2026-03-31,13,退休老人,0,1
零食店-长沙银杉路店,零食店,2026-03-31,13,中青年,136,3
零食店-长沙银杉路店,零食店,2026-03-31,13,上班族,78,5
零食店-长沙银杉路店,零食店,2026-03-31,13,学生,0,2
零食店-长沙银杉路店,零食店,2026-03-31,14,家庭主妇,141,8
零食店-长沙银杉路店,零食店,2026-03-31,14,退休老人,2,1
零食店-长沙银杉路店,零食店,2026-03-31,14,中青年,124,4
零食店-长沙银杉路店,零食店,2026-03-31,14,上班族,70,3
零食店-长沙银杉路店,零食店,2026-03-31,14,学生,0,1
零食店-长沙银杉路店,零食店,2026-03-31,15,家庭主妇,154,10
零食店-长沙银杉路店,零食店,2026-03-31,15,退休老人,0,1
零食店-长沙银杉路店,零食店,2026-03-31,15,中青年,154,8
零食店-长沙银杉路店,零食店,2026-03-31,15,上班族,74,4
零食店-长沙银杉路店,零食店,2026-03-31,15,学生,0,4
零食店-长沙银杉路店,零食店,2026-03-31,16,家庭主妇,193,10
零食店-长沙银杉路店,零食店,2026-03-31,16,退休老人,5,1
零食店-长沙银杉路店,零食店,2026-03-31,16,中青年,192,6
零食店-长沙银杉路店,零食店,2026-03-31,16,上班族,112,2
零食店-长沙银杉路店,零食店,2026-03-31,16,学生,1,7
零食店-长沙银杉路店,零食店,2026-03-31,17,家庭主妇,149,12
零食店-长沙银杉路店,零食店,2026-03-31,17,退休老人,1,3
零食店-长沙银杉路店,零食店,2026-03-31,17,中青年,173,10
零食店-长沙银杉路店,零食店,2026-03-31,17,上班族,392,18
零食店-长沙银杉路店,零食店,2026-03-31,17,学生,0,16
零食店-长沙银杉路店,零食店,2026-03-31,18,家庭主妇,136,7
零食店-长沙银杉路店,零食店,2026-03-31,18,退休老人,0,6
零食店-长沙银杉路店,零食店,2026-03-31,18,中青年,107,6
零食店-长沙银杉路店,零食店,2026-03-31,18,上班族,940,27
零食店-长沙银杉路店,零食店,2026-03-31,18,学生,0,10
零食店-长沙银杉路店,零食店,2026-03-31,19,家庭主妇,486,34
零食店-长沙银杉路店,零食店,2026-03-31,19,退休老人,3,6
零食店-长沙银杉路店,零食店,2026-03-31,19,中青年,291,32
零食店-长沙银杉路店,零食店,2026-03-31,19,上班族,234,20
零食店-长沙银杉路店,零食店,2026-03-31,19,学生,0,22
零食店-长沙银杉路店,零食店,2026-03-31,20,家庭主妇,403,32
零食店-长沙银杉路店,零食店,2026-03-31,20,退休老人,14,10
零食店-长沙银杉路店,零食店,2026-03-31,20,中青年,264,26
零食店-长沙银杉路店,零食店,2026-03-31,20,上班族,149,20
零食店-长沙银杉路店,零食店,2026-03-31,20,学生,7,26
零食店-长沙银杉路店,零食店,2026-03-31,21,家庭主妇,230,18
零食店-长沙银杉路店,零食店,2026-03-31,21,退休老人,0,4
零食店-长沙银杉路店,零食店,2026-03-31,21,中青年,144,14
零食店-长沙银杉路店,零食店,2026-03-31,21,上班族,86,10
零食店-长沙银杉路店,零食店,2026-03-31,21,学生,5,7
零食店-长沙银杉路店,零食店,2026-03-31,22,家庭主妇,108,12
零食店-长沙银杉路店,零食店,2026-03-31,22,退休老人,0,3
零食店-长沙银杉路店,零食店,2026-03-31,22,中青年,83,10
零食店-长沙银杉路店,零食店,2026-03-31,22,上班族,61,4
零食店-长沙银杉路店,零食店,2026-03-31,22,学生,0,5
零食店-长沙银杉路店,零食店,2026-03-31,23,家庭主妇,0,0
零食店-长沙银杉路店,零食店,2026-03-31,23,退休老人,0,0
零食店-长沙银杉路店,零食店,2026-03-31,23,中青年,0,0
零食店-长沙银杉路店,零食店,2026-03-31,23,上班族,0,0
零食店-长沙银杉路店,零食店,2026-03-31,23,学生,0,0
零食店-长沙银杉路店,零食店,2026-04-01,0,家庭主妇,13,0
零食店-长沙银杉路店,零食店,2026-04-01,0,退休老人,0,0
零食店-长沙银杉路店,零食店,2026-04-01,0,中青年,19,0
零食店-长沙银杉路店,零食店,2026-04-01,0,上班族,5,0
零食店-长沙银杉路店,零食店,2026-04-01,0,学生,0,0
零食店-长沙银杉路店,零食店,2026-04-01,1,家庭主妇,7,0
零食店-长沙银杉路店,零食店,2026-04-01,1,退休老人,0,0
零食店-长沙银杉路店,零食店,2026-04-01,1,中青年,3,0
零食店-长沙银杉路店,零食店,2026-04-01,1,上班族,2,0
零食店-长沙银杉路店,零食店,2026-04-01,1,学生,0,0
零食店-长沙银杉路店,零食店,2026-04-01,2,家庭主妇,7,0
零食店-长沙银杉路店,零食店,2026-04-01,2,退休老人,0,0
零食店-长沙银杉路店,零食店,2026-04-01,2,中青年,4,0
零食店-长沙银杉路店,零食店,2026-04-01,2,上班族,2,0
零食店-长沙银杉路店,零食店,2026-04-01,2,学生,0,0
零食店-长沙银杉路店,零食店,2026-04-01,3,家庭主妇,6,0
零食店-长沙银杉路店,零食店,2026-04-01,3,退休老人,0,0
零食店-长沙银杉路店,零食店,2026-04-01,3,中青年,5,0
零食店-长沙银杉路店,零食店,2026-04-01,3,上班族,5,0
零食店-长沙银杉路店,零食店,2026-04-01,3,学生,0,0
零食店-长沙银杉路店,零食店,2026-04-01,4,家庭主妇,1,0
零食店-长沙银杉路店,零食店,2026-04-01,4,退休老人,0,0
零食店-长沙银杉路店,零食店,2026-04-01,4,中青年,1,0
零食店-长沙银杉路店,零食店,2026-04-01,4,上班族,0,0
零食店-长沙银杉路店,零食店,2026-04-01,4,学生,0,0
零食店-长沙银杉路店,零食店,2026-04-01,5,家庭主妇,3,0
零食店-长沙银杉路店,零食店,2026-04-01,5,退休老人,0,0
零食店-长沙银杉路店,零食店,2026-04-01,5,中青年,1,0
零食店-长沙银杉路店,零食店,2026-04-01,5,上班族,2,0
零食店-长沙银杉路店,零食店,2026-04-01,5,学生,0,0
零食店-长沙银杉路店,零食店,2026-04-01,6,家庭主妇,32,0
零食店-长沙银杉路店,零食店,2026-04-01,6,退休老人,0,0
零食店-长沙银杉路店,零食店,2026-04-01,6,中青年,68,0
零食店-长沙银杉路店,零食店,2026-04-01,6,上班族,21,0
零食店-长沙银杉路店,零食店,2026-04-01,6,学生,0,0
零食店-长沙银杉路店,零食店,2026-04-01,7,家庭主妇,48,2
零食店-长沙银杉路店,零食店,2026-04-01,7,退休老人,0,1
零食店-长沙银杉路店,零食店,2026-04-01,7,中青年,35,1
零食店-长沙银杉路店,零食店,2026-04-01,7,上班族,451,5
零食店-长沙银杉路店,零食店,2026-04-01,7,学生,0,0
零食店-长沙银杉路店,零食店,2026-04-01,8,家庭主妇,167,5
零食店-长沙银杉路店,零食店,2026-04-01,8,退休老人,0,3
零食店-长沙银杉路店,零食店,2026-04-01,8,中青年,213,4
零食店-长沙银杉路店,零食店,2026-04-01,8,上班族,417,7
零食店-长沙银杉路店,零食店,2026-04-01,8,学生,0,1
零食店-长沙银杉路店,零食店,2026-04-01,9,家庭主妇,163,10
零食店-长沙银杉路店,零食店,2026-04-01,9,退休老人,22,2
零食店-长沙银杉路店,零食店,2026-04-01,9,中青年,192,9
零食店-长沙银杉路店,零食店,2026-04-01,9,上班族,103,6
零食店-长沙银杉路店,零食店,2026-04-01,9,学生,2,5
零食店-长沙银杉路店,零食店,2026-04-01,10,家庭主妇,118,4
零食店-长沙银杉路店,零食店,2026-04-01,10,退休老人,5,2
零食店-长沙银杉路店,零食店,2026-04-01,10,中青年,166,7
零食店-长沙银杉路店,零食店,2026-04-01,10,上班族,62,1
零食店-长沙银杉路店,零食店,2026-04-01,10,学生,0,1
零食店-长沙银杉路店,零食店,2026-04-01,11,家庭主妇,68,10
零食店-长沙银杉路店,零食店,2026-04-01,11,退休老人,5,2
零食店-长沙银杉路店,零食店,2026-04-01,11,中青年,142,4
零食店-长沙银杉路店,零食店,2026-04-01,11,上班族,221,13
零食店-长沙银杉路店,零食店,2026-04-01,11,学生,0,5
零食店-长沙银杉路店,零食店,2026-04-01,12,家庭主妇,48,3
零食店-长沙银杉路店,零食店,2026-04-01,12,退休老人,0,3
零食店-长沙银杉路店,零食店,2026-04-01,12,中青年,44,5
零食店-长沙银杉路店,零食店,2026-04-01,12,上班族,463,19
零食店-长沙银杉路店,零食店,2026-04-01,12,学生,0,4
零食店-长沙银杉路店,零食店,2026-04-01,13,家庭主妇,214,12
零食店-长沙银杉路店,零食店,2026-04-01,13,退休老人,0,1
零食店-长沙银杉路店,零食店,2026-04-01,13,中青年,232,10
零食店-长沙银杉路店,零食店,2026-04-01,13,上班族,132,5
零食店-长沙银杉路店,零食店,2026-04-01,13,学生,0,3
零食店-长沙银杉路店,零食店,2026-04-01,14,家庭主妇,193,13
零食店-长沙银杉路店,零食店,2026-04-01,14,退休老人,0,2
零食店-长沙银杉路店,零食店,2026-04-01,14,中青年,209,12
零食店-长沙银杉路店,零食店,2026-04-01,14,上班族,101,6
零食店-长沙银杉路店,零食店,2026-04-01,14,学生,0,4
零食店-长沙银杉路店,零食店,2026-04-01,15,家庭主妇,176,0
零食店-长沙银杉路店,零食店,2026-04-01,15,退休老人,0,0
零食店-长沙银杉路店,零食店,2026-04-01,15,中青年,191,0
零食店-长沙银杉路店,零食店,2026-04-01,15,上班族,111,0
零食店-长沙银杉路店,零食店,2026-04-01,15,学生,0,1
零食店-长沙银杉路店,零食店,2026-04-01,16,家庭主妇,233,12
零食店-长沙银杉路店,零食店,2026-04-01,16,退休老人,13,2
零食店-长沙银杉路店,零食店,2026-04-01,16,中青年,221,5
零食店-长沙银杉路店,零食店,2026-04-01,16,上班族,129,4
零食店-长沙银杉路店,零食店,2026-04-01,16,学生,1,5
零食店-长沙银杉路店,零食店,2026-04-01,17,家庭主妇,165,17
零食店-长沙银杉路店,零食店,2026-04-01,17,退休老人,0,3
零食店-长沙银杉路店,零食店,2026-04-01,17,中青年,175,9
零食店-长沙银杉路店,零食店,2026-04-01,17,上班族,435,11
零食店-长沙银杉路店,零食店,2026-04-01,17,学生,0,10
零食店-长沙银杉路店,零食店,2026-04-01,18,家庭主妇,154,8
零食店-长沙银杉路店,零食店,2026-04-01,18,退休老人,0,2
零食店-长沙银杉路店,零食店,2026-04-01,18,中青年,95,6
零食店-长沙银杉路店,零食店,2026-04-01,18,上班族,1000,53
零食店-长沙银杉路店,零食店,2026-04-01,18,学生,0,10
零食店-长沙银杉路店,零食店,2026-04-01,19,家庭主妇,544,20
零食店-长沙银杉路店,零食店,2026-04-01,19,退休老人,7,5
零食店-长沙银杉路店,零食店,2026-04-01,19,中青年,315,19
零食店-长沙银杉路店,零食店,2026-04-01,19,上班族,229,13
零食店-长沙银杉路店,零食店,2026-04-01,19,学生,3,17
零食店-长沙银杉路店,零食店,2026-04-01,20,家庭主妇,466,18
零食店-长沙银杉路店,零食店,2026-04-01,20,退休老人,3,3
零食店-长沙银杉路店,零食店,2026-04-01,20,中青年,291,15
零食店-长沙银杉路店,零食店,2026-04-01,20,上班族,179,8
零食店-长沙银杉路店,零食店,2026-04-01,20,学生,4,16
零食店-长沙银杉路店,零食店,2026-04-01,21,家庭主妇,233,15
零食店-长沙银杉路店,零食店,2026-04-01,21,退休老人,3,3
零食店-长沙银杉路店,零食店,2026-04-01,21,中青年,199,11
零食店-长沙银杉路店,零食店,2026-04-01,21,上班族,107,10
零食店-长沙银杉路店,零食店,2026-04-01,21,学生,0,8
零食店-长沙银杉路店,零食店,2026-04-01,22,家庭主妇,137,15
零食店-长沙银杉路店,零食店,2026-04-01,22,退休老人,0,2
零食店-长沙银杉路店,零食店,2026-04-01,22,中青年,100,17
零食店-长沙银杉路店,零食店,2026-04-01,22,上班族,55,8
零食店-长沙银杉路店,零食店,2026-04-01,22,学生,0,4
零食店-长沙银杉路店,零食店,2026-04-01,23,家庭主妇,0,0
零食店-长沙银杉路店,零食店,2026-04-01,23,退休老人,0,0
零食店-长沙银杉路店,零食店,2026-04-01,23,中青年,0,0
零食店-长沙银杉路店,零食店,2026-04-01,23,上班族,0,0
零食店-长沙银杉路店,零食店,2026-04-01,23,学生,0,0
零食店-长沙银杉路店,零食店,2026-04-02,0,家庭主妇,16,0
零食店-长沙银杉路店,零食店,2026-04-02,0,退休老人,0,0
零食店-长沙银杉路店,零食店,2026-04-02,0,中青年,38,0
零食店-长沙银杉路店,零食店,2026-04-02,0,上班族,11,0
零食店-长沙银杉路店,零食店,2026-04-02,0,学生,0,0
零食店-长沙银杉路店,零食店,2026-04-02,1,家庭主妇,5,0
零食店-长沙银杉路店,零食店,2026-04-02,1,退休老人,0,0
零食店-长沙银杉路店,零食店,2026-04-02,1,中青年,13,0
零食店-长沙银杉路店,零食店,2026-04-02,1,上班族,9,0
零食店-长沙银杉路店,零食店,2026-04-02,1,学生,0,0
零食店-长沙银杉路店,零食店,2026-04-02,2,家庭主妇,2,0
零食店-长沙银杉路店,零食店,2026-04-02,2,退休老人,0,0
零食店-长沙银杉路店,零食店,2026-04-02,2,中青年,2,0
零食店-长沙银杉路店,零食店,2026-04-02,2,上班族,4,0
零食店-长沙银杉路店,零食店,2026-04-02,2,学生,0,0
零食店-长沙银杉路店,零食店,2026-04-02,3,家庭主妇,3,0
零食店-长沙银杉路店,零食店,2026-04-02,3,退休老人,0,0
零食店-长沙银杉路店,零食店,2026-04-02,3,中青年,13,0
零食店-长沙银杉路店,零食店,2026-04-02,3,上班族,2,0
零食店-长沙银杉路店,零食店,2026-04-02,3,学生,0,0
零食店-长沙银杉路店,零食店,2026-04-02,4,家庭主妇,4,0
零食店-长沙银杉路店,零食店,2026-04-02,4,退休老人,0,0
零食店-长沙银杉路店,零食店,2026-04-02,4,中青年,3,0
零食店-长沙银杉路店,零食店,2026-04-02,4,上班族,0,0
零食店-长沙银杉路店,零食店,2026-04-02,4,学生,0,0
零食店-长沙银杉路店,零食店,2026-04-02,5,家庭主妇,4,0
零食店-长沙银杉路店,零食店,2026-04-02,5,退休老人,1,0
零食店-长沙银杉路店,零食店,2026-04-02,5,中青年,4,0
零食店-长沙银杉路店,零食店,2026-04-02,5,上班族,2,0
零食店-长沙银杉路店,零食店,2026-04-02,5,学生,0,0
零食店-长沙银杉路店,零食店,2026-04-02,6,家庭主妇,23,0
零食店-长沙银杉路店,零食店,2026-04-02,6,退休老人,3,0
零食店-长沙银杉路店,零食店,2026-04-02,6,中青年,41,0
零食店-长沙银杉路店,零食店,2026-04-02,6,上班族,23,0
零食店-长沙银杉路店,零食店,2026-04-02,6,学生,0,0
零食店-长沙银杉路店,零食店,2026-04-02,7,家庭主妇,33,2
零食店-长沙银杉路店,零食店,2026-04-02,7,退休老人,0,0
零食店-长沙银杉路店,零食店,2026-04-02,7,中青年,29,1
零食店-长沙银杉路店,零食店,2026-04-02,7,上班族,288,1
零食店-长沙银杉路店,零食店,2026-04-02,7,学生,0,1
零食店-长沙银杉路店,零食店,2026-04-02,8,家庭主妇,89,3
零食店-长沙银杉路店,零食店,2026-04-02,8,退休老人,0,2
零食店-长沙银杉路店,零食店,2026-04-02,8,中青年,108,4
零食店-长沙银杉路店,零食店,2026-04-02,8,上班族,205,5
零食店-长沙银杉路店,零食店,2026-04-02,8,学生,0,2
零食店-长沙银杉路店,零食店,2026-04-02,9,家庭主妇,97,3
零食店-长沙银杉路店,零食店,2026-04-02,9,退休老人,0,1
零食店-长沙银杉路店,零食店,2026-04-02,9,中青年,73,4
零食店-长沙银杉路店,零食店,2026-04-02,9,上班族,43,4
零食店-长沙银杉路店,零食店,2026-04-02,9,学生,0,1
零食店-长沙银杉路店,零食店,2026-04-02,10,家庭主妇,37,1
零食店-长沙银杉路店,零食店,2026-04-02,10,退休老人,0,0
零食店-长沙银杉路店,零食店,2026-04-02,10,中青年,60,4
零食店-长沙银杉路店,零食店,2026-04-02,10,上班族,28,2
零食店-长沙银杉路店,零食店,2026-04-02,10,学生,0,0
零食店-长沙银杉路店,零食店,2026-04-02,11,家庭主妇,30,3
零食店-长沙银杉路店,零食店,2026-04-02,11,退休老人,0,1
零食店-长沙银杉路店,零食店,2026-04-02,11,中青年,38,1
零食店-长沙银杉路店,零食店,2026-04-02,11,上班族,78,8
零食店-长沙银杉路店,零食店,2026-04-02,11,学生,0,1
零食店-长沙银杉路店,零食店,2026-04-02,12,家庭主妇,13,2
零食店-长沙银杉路店,零食店,2026-04-02,12,退休老人,0,3
零食店-长沙银杉路店,零食店,2026-04-02,12,中青年,28,2
零食店-长沙银杉路店,零食店,2026-04-02,12,上班族,170,10
零食店-长沙银杉路店,零食店,2026-04-02,12,学生,0,0
零食店-长沙银杉路店,零食店,2026-04-02,13,家庭主妇,131,10
零食店-长沙银杉路店,零食店,2026-04-02,13,退休老人,1,2
零食店-长沙银杉路店,零食店,2026-04-02,13,中青年,124,7
零食店-长沙银杉路店,零食店,2026-04-02,13,上班族,56,4
零食店-长沙银杉路店,零食店,2026-04-02,13,学生,0,3
零食店-长沙银杉路店,零食店,2026-04-02,14,家庭主妇,107,7
零食店-长沙银杉路店,零食店,2026-04-02,14,退休老人,0,1
零食店-长沙银杉路店,零食店,2026-04-02,14,中青年,85,5
零食店-长沙银杉路店,零食店,2026-04-02,14,上班族,48,6
零食店-长沙银杉路店,零食店,2026-04-02,14,学生,0,0
零食店-长沙银杉路店,零食店,2026-04-02,15,家庭主妇,97,9
零食店-长沙银杉路店,零食店,2026-04-02,15,退休老人,2,2
零食店-长沙银杉路店,零食店,2026-04-02,15,中青年,121,5
零食店-长沙银杉路店,零食店,2026-04-02,15,上班族,51,4
零食店-长沙银杉路店,零食店,2026-04-02,15,学生,0,1
零食店-长沙银杉路店,零食店,2026-04-02,16,家庭主妇,157,9
零食店-长沙银杉路店,零食店,2026-04-02,16,退休老人,0,2
零食店-长沙银杉路店,零食店,2026-04-02,16,中青年,156,9
零食店-长沙银杉路店,零食店,2026-04-02,16,上班族,99,4
零食店-长沙银杉路店,零食店,2026-04-02,16,学生,0,2
零食店-长沙银杉路店,零食店,2026-04-02,17,家庭主妇,161,15
零食店-长沙银杉路店,零食店,2026-04-02,17,退休老人,3,2
零食店-长沙银杉路店,零食店,2026-04-02,17,中青年,161,9
零食店-长沙银杉路店,零食店,2026-04-02,17,上班族,386,25
零食店-长沙银杉路店,零食店,2026-04-02,17,学生,0,16
零食店-长沙银杉路店,零食店,2026-04-02,18,家庭主妇,145,7
零食店-长沙银杉路店,零食店,2026-04-02,18,退休老人,3,4
零食店-长沙银杉路店,零食店,2026-04-02,18,中青年,76,6
零食店-长沙银杉路店,零食店,2026-04-02,18,上班族,901,43
零食店-长沙银杉路店,零食店,2026-04-02,18,学生,0,9
零食店-长沙银杉路店,零食店,2026-04-02,19,家庭主妇,358,29
零食店-长沙银杉路店,零食店,2026-04-02,19,退休老人,10,3
零食店-长沙银杉路店,零食店,2026-04-02,19,中青年,254,25
零食店-长沙银杉路店,零食店,2026-04-02,19,上班族,172,12
零食店-长沙银杉路店,零食店,2026-04-02,19,学生,4,18
零食店-长沙银杉路店,零食店,2026-04-02,20,家庭主妇,218,15
零食店-长沙银杉路店,零食店,2026-04-02,20,退休老人,3,2
零食店-长沙银杉路店,零食店,2026-04-02,20,中青年,167,15
零食店-长沙银杉路店,零食店,2026-04-02,20,上班族,102,7
零食店-长沙银杉路店,零食店,2026-04-02,20,学生,2,9
零食店-长沙银杉路店,零食店,2026-04-02,21,家庭主妇,163,13
零食店-长沙银杉路店,零食店,2026-04-02,21,退休老人,0,3
零食店-长沙银杉路店,零食店,2026-04-02,21,中青年,116,11
零食店-长沙银杉路店,零食店,2026-04-02,21,上班族,67,10
零食店-长沙银杉路店,零食店,2026-04-02,21,学生,0,9
零食店-长沙银杉路店,零食店,2026-04-02,22,家庭主妇,80,7
零食店-长沙银杉路店,零食店,2026-04-02,22,退休老人,0,3
零食店-长沙银杉路店,零食店,2026-04-02,22,中青年,86,14
零食店-长沙银杉路店,零食店,2026-04-02,22,上班族,36,6
零食店-长沙银杉路店,零食店,2026-04-02,22,学生,2,5
零食店-长沙银杉路店,零食店,2026-04-02,23,家庭主妇,0,0
零食店-长沙银杉路店,零食店,2026-04-02,23,退休老人,0,0
零食店-长沙银杉路店,零食店,2026-04-02,23,中青年,0,0
零食店-长沙银杉路店,零食店,2026-04-02,23,上班族,0,0
零食店-长沙银杉路店,零食店,2026-04-02,23,学生,0,0
零食店-长沙银杉路店,零食店,2026-04-03,0,家庭主妇,9,0
零食店-长沙银杉路店,零食店,2026-04-03,0,退休老人,0,0
零食店-长沙银杉路店,零食店,2026-04-03,0,中青年,24,0
零食店-长沙银杉路店,零食店,2026-04-03,0,上班族,13,0
零食店-长沙银杉路店,零食店,2026-04-03,0,学生,0,0
零食店-长沙银杉路店,零食店,2026-04-03,1,家庭主妇,6,0
零食店-长沙银杉路店,零食店,2026-04-03,1,退休老人,0,0
零食店-长沙银杉路店,零食店,2026-04-03,1,中青年,10,0
零食店-长沙银杉路店,零食店,2026-04-03,1,上班族,6,0
零食店-长沙银杉路店,零食店,2026-04-03,1,学生,0,0
零食店-长沙银杉路店,零食店,2026-04-03,2,家庭主妇,15,0
零食店-长沙银杉路店,零食店,2026-04-03,2,退休老人,0,0
零食店-长沙银杉路店,零食店,2026-04-03,2,中青年,7,0
零食店-长沙银杉路店,零食店,2026-04-03,2,上班族,10,0
零食店-长沙银杉路店,零食店,2026-04-03,2,学生,0,0
零食店-长沙银杉路店,零食店,2026-04-03,3,家庭主妇,3,0
零食店-长沙银杉路店,零食店,2026-04-03,3,退休老人,0,0
零食店-长沙银杉路店,零食店,2026-04-03,3,中青年,5,0
零食店-长沙银杉路店,零食店,2026-04-03,3,上班族,0,0
零食店-长沙银杉路店,零食店,2026-04-03,3,学生,0,0
零食店-长沙银杉路店,零食店,2026-04-03,4,家庭主妇,0,0
零食店-长沙银杉路店,零食店,2026-04-03,4,退休老人,0,0
零食店-长沙银杉路店,零食店,2026-04-03,4,中青年,12,0
零食店-长沙银杉路店,零食店,2026-04-03,4,上班族,3,0
零食店-长沙银杉路店,零食店,2026-04-03,4,学生,0,0
零食店-长沙银杉路店,零食店,2026-04-03,5,家庭主妇,1,0
零食店-长沙银杉路店,零食店,2026-04-03,5,退休老人,0,0
零食店-长沙银杉路店,零食店,2026-04-03,5,中青年,3,0
零食店-长沙银杉路店,零食店,2026-04-03,5,上班族,0,0
零食店-长沙银杉路店,零食店,2026-04-03,5,学生,0,0
零食店-长沙银杉路店,零食店,2026-04-03,6,家庭主妇,27,0
零食店-长沙银杉路店,零食店,2026-04-03,6,退休老人,0,0
零食店-长沙银杉路店,零食店,2026-04-03,6,中青年,27,0
零食店-长沙银杉路店,零食店,2026-04-03,6,上班族,11,0
零食店-长沙银杉路店,零食店,2026-04-03,6,学生,0,0
零食店-长沙银杉路店,零食店,2026-04-03,7,家庭主妇,5,0
零食店-长沙银杉路店,零食店,2026-04-03,7,退休老人,0,0
零食店-长沙银杉路店,零食店,2026-04-03,7,中青年,19,0
零食店-长沙银杉路店,零食店,2026-04-03,7,上班族,191,2
零食店-长沙银杉路店,零食店,2026-04-03,7,学生,0,1
零食店-长沙银杉路店,零食店,2026-04-03,8,家庭主妇,56,1
零食店-长沙银杉路店,零食店,2026-04-03,8,退休老人,0,1
零食店-长沙银杉路店,零食店,2026-04-03,8,中青年,35,1
零食店-长沙银杉路店,零食店,2026-04-03,8,上班族,178,8
零食店-长沙银杉路店,零食店,2026-04-03,8,学生,0,1
零食店-长沙银杉路店,零食店,2026-04-03,9,家庭主妇,51,5
零食店-长沙银杉路店,零食店,2026-04-03,9,退休老人,0,1
零食店-长沙银杉路店,零食店,2026-04-03,9,中青年,57,5
零食店-长沙银杉路店,零食店,2026-04-03,9,上班族,39,4
零食店-长沙银杉路店,零食店,2026-04-03,9,学生,0,2
零食店-长沙银杉路店,零食店,2026-04-03,10,家庭主妇,78,4
零食店-长沙银杉路店,零食店,2026-04-03,10,退休老人,0,1
零食店-长沙银杉路店,零食店,2026-04-03,10,中青年,84,6
零食店-长沙银杉路店,零食店,2026-04-03,10,上班族,39,3
零食店-长沙银杉路店,零食店,2026-04-03,10,学生,0,1
零食店-长沙银杉路店,零食店,2026-04-03,11,家庭主妇,59,2
零食店-长沙银杉路店,零食店,2026-04-03,11,退休老人,0,0
零食店-长沙银杉路店,零食店,2026-04-03,11,中青年,64,3
零食店-长沙银杉路店,零食店,2026-04-03,11,上班族,141,6
零食店-长沙银杉路店,零食店,2026-04-03,11,学生,0,1
零食店-长沙银杉路店,零食店,2026-04-03,12,家庭主妇,50,5
零食店-长沙银杉路店,零食店,2026-04-03,12,退休老人,0,1
零食店-长沙银杉路店,零食店,2026-04-03,12,中青年,23,3
零食店-长沙银杉路店,零食店,2026-04-03,12,上班族,287,16
零食店-长沙银杉路店,零食店,2026-04-03,12,学生,0,5
零食店-长沙银杉路店,零食店,2026-04-03,13,家庭主妇,138,11
零食店-长沙银杉路店,零食店,2026-04-03,13,退休老人,0,2
零食店-长沙银杉路店,零食店,2026-04-03,13,中青年,179,8
零食店-长沙银杉路店,零食店,2026-04-03,13,上班族,118,3
零食店-长沙银杉路店,零食店,2026-04-03,13,学生,0,4
零食店-长沙银杉路店,零食店,2026-04-03,14,家庭主妇,184,5
零食店-长沙银杉路店,零食店,2026-04-03,14,退休老人,0,1
零食店-长沙银杉路店,零食店,2026-04-03,14,中青年,178,3
零食店-长沙银杉路店,零食店,2026-04-03,14,上班族,104,2
零食店-长沙银杉路店,零食店,2026-04-03,14,学生,0,1
零食店-长沙银杉路店,零食店,2026-04-03,15,家庭主妇,288,24
零食店-长沙银杉路店,零食店,2026-04-03,15,退休老人,9,3
零食店-长沙银杉路店,零食店,2026-04-03,15,中青年,237,9
零食店-长沙银杉路店,零食店,2026-04-03,15,上班族,135,8
零食店-长沙银杉路店,零食店,2026-04-03,15,学生,2,5
零食店-长沙银杉路店,零食店,2026-04-03,16,家庭主妇,410,14
零食店-长沙银杉路店,零食店,2026-04-03,16,退休老人,7,5
零食店-长沙银杉路店,零食店,2026-04-03,16,中青年,322,15
零食店-长沙银杉路店,零食店,2026-04-03,16,上班族,186,12
零食店-长沙银杉路店,零食店,2026-04-03,16,学生,7,21
零食店-长沙银杉路店,零食店,2026-04-03,17,家庭主妇,331,15
零食店-长沙银杉路店,零食店,2026-04-03,17,退休老人,8,3
零食店-长沙银杉路店,零食店,2026-04-03,17,中青年,246,7
零食店-长沙银杉路店,零食店,2026-04-03,17,上班族,700,23
零食店-长沙银杉路店,零食店,2026-04-03,17,学生,0,11
零食店-长沙银杉路店,零食店,2026-04-03,18,家庭主妇,246,13
零食店-长沙银杉路店,零食店,2026-04-03,18,退休老人,0,6
零食店-长沙银杉路店,零食店,2026-04-03,18,中青年,152,8
零食店-长沙银杉路店,零食店,2026-04-03,18,上班族,1570,72
零食店-长沙银杉路店,零食店,2026-04-03,18,学生,0,18
零食店-长沙银杉路店,零食店,2026-04-03,19,家庭主妇,807,51
零食店-长沙银杉路店,零食店,2026-04-03,19,退休老人,0,6
零食店-长沙银杉路店,零食店,2026-04-03,19,中青年,424,35
零食店-长沙银杉路店,零食店,2026-04-03,19,上班族,325,28
零食店-长沙银杉路店,零食店,2026-04-03,19,学生,0,32
零食店-长沙银杉路店,零食店,2026-04-03,20,家庭主妇,641,51
零食店-长沙银杉路店,零食店,2026-04-03,20,退休老人,7,6
零食店-长沙银杉路店,零食店,2026-04-03,20,中青年,325,31
零食店-长沙银杉路店,零食店,2026-04-03,20,上班族,246,18
零食店-长沙银杉路店,零食店,2026-04-03,20,学生,17,30
零食店-长沙银杉路店,零食店,2026-04-03,21,家庭主妇,368,39
零食店-长沙银杉路店,零食店,2026-04-03,21,退休老人,5,4
零食店-长沙银杉路店,零食店,2026-04-03,21,中青年,235,21
零食店-长沙银杉路店,零食店,2026-04-03,21,上班族,147,13
零食店-长沙银杉路店,零食店,2026-04-03,21,学生,5,23
零食店-长沙银杉路店,零食店,2026-04-03,22,家庭主妇,179,17
零食店-长沙银杉路店,零食店,2026-04-03,22,退休老人,0,3
零食店-长沙银杉路店,零食店,2026-04-03,22,中青年,144,18
零食店-长沙银杉路店,零食店,2026-04-03,22,上班族,81,8
零食店-长沙银杉路店,零食店,2026-04-03,22,学生,0,10
零食店-长沙银杉路店,零食店,2026-04-03,23,家庭主妇,0,0
零食店-长沙银杉路店,零食店,2026-04-03,23,退休老人,0,0
零食店-长沙银杉路店,零食店,2026-04-03,23,中青年,0,0
零食店-长沙银杉路店,零食店,2026-04-03,23,上班族,0,0
零食店-长沙银杉路店,零食店,2026-04-03,23,学生,0,0
零食店-长沙银杉路店,零食店,2026-04-04,0,家庭主妇,40,0
零食店-长沙银杉路店,零食店,2026-04-04,0,退休老人,0,0
零食店-长沙银杉路店,零食店,2026-04-04,0,中青年,48,1
零食店-长沙银杉路店,零食店,2026-04-04,0,上班族,22,0
零食店-长沙银杉路店,零食店,2026-04-04,0,学生,0,0
零食店-长沙银杉路店,零食店,2026-04-04,1,家庭主妇,15,0
零食店-长沙银杉路店,零食店,2026-04-04,1,退休老人,0,0
零食店-长沙银杉路店,零食店,2026-04-04,1,中青年,24,0
零食店-长沙银杉路店,零食店,2026-04-04,1,上班族,7,0
零食店-长沙银杉路店,零食店,2026-04-04,1,学生,0,0
零食店-长沙银杉路店,零食店,2026-04-04,2,家庭主妇,13,0
零食店-长沙银杉路店,零食店,2026-04-04,2,退休老人,0,0
零食店-长沙银杉路店,零食店,2026-04-04,2,中青年,12,0
零食店-长沙银杉路店,零食店,2026-04-04,2,上班族,3,0
零食店-长沙银杉路店,零食店,2026-04-04,2,学生,0,0
零食店-长沙银杉路店,零食店,2026-04-04,3,家庭主妇,8,0
零食店-长沙银杉路店,零食店,2026-04-04,3,退休老人,0,0
零食店-长沙银杉路店,零食店,2026-04-04,3,中青年,6,0
零食店-长沙银杉路店,零食店,2026-04-04,3,上班族,2,0
零食店-长沙银杉路店,零食店,2026-04-04,3,学生,0,0
零食店-长沙银杉路店,零食店,2026-04-04,4,家庭主妇,6,0
零食店-长沙银杉路店,零食店,2026-04-04,4,退休老人,0,0
零食店-长沙银杉路店,零食店,2026-04-04,4,中青年,6,0
零食店-长沙银杉路店,零食店,2026-04-04,4,上班族,2,0
零食店-长沙银杉路店,零食店,2026-04-04,4,学生,1,0
零食店-长沙银杉路店,零食店,2026-04-04,5,家庭主妇,3,0
零食店-长沙银杉路店,零食店,2026-04-04,5,退休老人,0,0
零食店-长沙银杉路店,零食店,2026-04-04,5,中青年,11,0
零食店-长沙银杉路店,零食店,2026-04-04,5,上班族,0,0
零食店-长沙银杉路店,零食店,2026-04-04,5,学生,0,0
零食店-长沙银杉路店,零食店,2026-04-04,6,家庭主妇,11,0
零食店-长沙银杉路店,零食店,2026-04-04,6,退休老人,0,0
零食店-长沙银杉路店,零食店,2026-04-04,6,中青年,39,0
零食店-长沙银杉路店,零食店,2026-04-04,6,上班族,28,0
零食店-长沙银杉路店,零食店,2026-04-04,6,学生,0,0
零食店-长沙银杉路店,零食店,2026-04-04,7,家庭主妇,10,1
零食店-长沙银杉路店,零食店,2026-04-04,7,退休老人,2,2
零食店-长沙银杉路店,零食店,2026-04-04,7,中青年,32,1
零食店-长沙银杉路店,零食店,2026-04-04,7,上班族,197,6
零食店-长沙银杉路店,零食店,2026-04-04,7,学生,0,2
零食店-长沙银杉路店,零食店,2026-04-04,8,家庭主妇,96,12
零食店-长沙银杉路店,零食店,2026-04-04,8,退休老人,0,1
零食店-长沙银杉路店,零食店,2026-04-04,8,中青年,129,6
零食店-长沙银杉路店,零食店,2026-04-04,8,上班族,204,8
零食店-长沙银杉路店,零食店,2026-04-04,8,学生,0,6
零食店-长沙银杉路店,零食店,2026-04-04,9,家庭主妇,232,18
零食店-长沙银杉路店,零食店,2026-04-04,9,退休老人,2,3
零食店-长沙银杉路店,零食店,2026-04-04,9,中青年,244,16
零食店-长沙银杉路店,零食店,2026-04-04,9,上班族,99,10
零食店-长沙银杉路店,零食店,2026-04-04,9,学生,0,22
零食店-长沙银杉路店,零食店,2026-04-04,10,家庭主妇,305,35
零食店-长沙银杉路店,零食店,2026-04-04,10,退休老人,5,2
零食店-长沙银杉路店,零食店,2026-04-04,10,中青年,269,30
零食店-长沙银杉路店,零食店,2026-04-04,10,上班族,151,18
零食店-长沙银杉路店,零食店,2026-04-04,10,学生,37,29
零食店-长沙银杉路店,零食店,2026-04-04,11,家庭主妇,130,9
零食店-长沙银杉路店,零食店,2026-04-04,11,退休老人,16,3
零食店-长沙银杉路店,零食店,2026-04-04,11,中青年,174,9
零食店-长沙银杉路店,零食店,2026-04-04,11,上班族,278,22
零食店-长沙银杉路店,零食店,2026-04-04,11,学生,16,17
零食店-长沙银杉路店,零食店,2026-04-04,12,家庭主妇,61,7
零食店-长沙银杉路店,零食店,2026-04-04,12,退休老人,5,4
零食店-长沙银杉路店,零食店,2026-04-04,12,中青年,91,7
零食店-长沙银杉路店,零食店,2026-04-04,12,上班族,639,39
零食店-长沙银杉路店,零食店,2026-04-04,12,学生,7,14
零食店-长沙银杉路店,零食店,2026-04-04,13,家庭主妇,369,31
零食店-长沙银杉路店,零食店,2026-04-04,13,退休老人,2,6
零食店-长沙银杉路店,零食店,2026-04-04,13,中青年,351,21
零食店-长沙银杉路店,零食店,2026-04-04,13,上班族,213,16
零食店-长沙银杉路店,零食店,2026-04-04,13,学生,43,26
零食店-长沙银杉路店,零食店,2026-04-04,14,家庭主妇,398,35
零食店-长沙银杉路店,零食店,2026-04-04,14,退休老人,2,4
零食店-长沙银杉路店,零食店,2026-04-04,14,中青年,356,23
零食店-长沙银杉路店,零食店,2026-04-04,14,上班族,192,14
零食店-长沙银杉路店,零食店,2026-04-04,14,学生,27,25
零食店-长沙银杉路店,零食店,2026-04-04,15,家庭主妇,424,26
零食店-长沙银杉路店,零食店,2026-04-04,15,退休老人,13,5
零食店-长沙银杉路店,零食店,2026-04-04,15,中青年,335,19
零食店-长沙银杉路店,零食店,2026-04-04,15,上班族,185,12
零食店-长沙银杉路店,零食店,2026-04-04,15,学生,3,25
零食店-长沙银杉路店,零食店,2026-04-04,16,家庭主妇,408,14
零食店-长沙银杉路店,零食店,2026-04-04,16,退休老人,11,2
零食店-长沙银杉路店,零食店,2026-04-04,16,中青年,308,18
零食店-长沙银杉路店,零食店,2026-04-04,16,上班族,215,12
零食店-长沙银杉路店,零食店,2026-04-04,16,学生,22,15
零食店-长沙银杉路店,零食店,2026-04-04,17,家庭主妇,226,12
零食店-长沙银杉路店,零食店,2026-04-04,17,退休老人,2,4
零食店-长沙银杉路店,零食店,2026-04-04,17,中青年,189,13
零食店-长沙银杉路店,零食店,2026-04-04,17,上班族,449,18
零食店-长沙银杉路店,零食店,2026-04-04,17,学生,20,17
零食店-长沙银杉路店,零食店,2026-04-04,18,家庭主妇,138,10
零食店-长沙银杉路店,零食店,2026-04-04,18,退休老人,7,5
零食店-长沙银杉路店,零食店,2026-04-04,18,中青年,88,7
零食店-长沙银杉路店,零食店,2026-04-04,18,上班族,797,40
零食店-长沙银杉路店,零食店,2026-04-04,18,学生,17,18
零食店-长沙银杉路店,零食店,2026-04-04,19,家庭主妇,554,22
零食店-长沙银杉路店,零食店,2026-04-04,19,退休老人,0,4
零食店-长沙银杉路店,零食店,2026-04-04,19,中青年,337,15
零食店-长沙银杉路店,零食店,2026-04-04,19,上班族,258,12
零食店-长沙银杉路店,零食店,2026-04-04,19,学生,0,13
零食店-长沙银杉路店,零食店,2026-04-04,20,家庭主妇,551,25
零食店-长沙银杉路店,零食店,2026-04-04,20,退休老人,2,5
零食店-长沙银杉路店,零食店,2026-04-04,20,中青年,269,23
零食店-长沙银杉路店,零食店,2026-04-04,20,上班族,179,10
零食店-长沙银杉路店,零食店,2026-04-04,20,学生,1,11
零食店-长沙银杉路店,零食店,2026-04-04,21,家庭主妇,397,30
零食店-长沙银杉路店,零食店,2026-04-04,21,退休老人,2,3
零食店-长沙银杉路店,零食店,2026-04-04,21,中青年,232,16
零食店-长沙银杉路店,零食店,2026-04-04,21,上班族,146,9
零食店-长沙银杉路店,零食店,2026-04-04,21,学生,0,6
零食店-长沙银杉路店,零食店,2026-04-04,22,家庭主妇,242,20
零食店-长沙银杉路店,零食店,2026-04-04,22,退休老人,3,3
零食店-长沙银杉路店,零食店,2026-04-04,22,中青年,156,18
零食店-长沙银杉路店,零食店,2026-04-04,22,上班族,113,11
零食店-长沙银杉路店,零食店,2026-04-04,22,学生,0,12
零食店-长沙银杉路店,零食店,2026-04-04,23,家庭主妇,0,0
零食店-长沙银杉路店,零食店,2026-04-04,23,退休老人,0,0
零食店-长沙银杉路店,零食店,2026-04-04,23,中青年,0,0
零食店-长沙银杉路店,零食店,2026-04-04,23,上班族,0,0
零食店-长沙银杉路店,零食店,2026-04-04,23,学生,0,0
零食店-长沙银杉路店,零食店,2026-04-05,0,家庭主妇,28,0
零食店-长沙银杉路店,零食店,2026-04-05,0,退休老人,0,0
零食店-长沙银杉路店,零食店,2026-04-05,0,中青年,38,0
零食店-长沙银杉路店,零食店,2026-04-05,0,上班族,16,0
零食店-长沙银杉路店,零食店,2026-04-05,0,学生,0,0
零食店-长沙银杉路店,零食店,2026-04-05,1,家庭主妇,28,0
零食店-长沙银杉路店,零食店,2026-04-05,1,退休老人,0,0
零食店-长沙银杉路店,零食店,2026-04-05,1,中青年,14,0
零食店-长沙银杉路店,零食店,2026-04-05,1,上班族,15,0
零食店-长沙银杉路店,零食店,2026-04-05,1,学生,0,0
零食店-长沙银杉路店,零食店,2026-04-05,2,家庭主妇,4,0
零食店-长沙银杉路店,零食店,2026-04-05,2,退休老人,0,0
零食店-长沙银杉路店,零食店,2026-04-05,2,中青年,13,0
零食店-长沙银杉路店,零食店,2026-04-05,2,上班族,7,0
零食店-长沙银杉路店,零食店,2026-04-05,2,学生,0,0
零食店-长沙银杉路店,零食店,2026-04-05,3,家庭主妇,0,0
零食店-长沙银杉路店,零食店,2026-04-05,3,退休老人,0,0
零食店-长沙银杉路店,零食店,2026-04-05,3,中青年,19,0
零食店-长沙银杉路店,零食店,2026-04-05,3,上班族,3,0
零食店-长沙银杉路店,零食店,2026-04-05,3,学生,0,0
零食店-长沙银杉路店,零食店,2026-04-05,4,家庭主妇,0,0
零食店-长沙银杉路店,零食店,2026-04-05,4,退休老人,0,0
零食店-长沙银杉路店,零食店,2026-04-05,4,中青年,7,0
零食店-长沙银杉路店,零食店,2026-04-05,4,上班族,4,0
零食店-长沙银杉路店,零食店,2026-04-05,4,学生,0,0
零食店-长沙银杉路店,零食店,2026-04-05,5,家庭主妇,2,0
零食店-长沙银杉路店,零食店,2026-04-05,5,退休老人,0,0
零食店-长沙银杉路店,零食店,2026-04-05,5,中青年,6,0
零食店-长沙银杉路店,零食店,2026-04-05,5,上班族,2,0
零食店-长沙银杉路店,零食店,2026-04-05,5,学生,0,0
零食店-长沙银杉路店,零食店,2026-04-05,6,家庭主妇,12,0
零食店-长沙银杉路店,零食店,2026-04-05,6,退休老人,0,0
零食店-长沙银杉路店,零食店,2026-04-05,6,中青年,29,0
零食店-长沙银杉路店,零食店,2026-04-05,6,上班族,21,0
零食店-长沙银杉路店,零食店,2026-04-05,6,学生,0,0
零食店-长沙银杉路店,零食店,2026-04-05,7,家庭主妇,10,2
零食店-长沙银杉路店,零食店,2026-04-05,7,退休老人,0,1
零食店-长沙银杉路店,零食店,2026-04-05,7,中青年,15,2
零食店-长沙银杉路店,零食店,2026-04-05,7,上班族,110,11
零食店-长沙银杉路店,零食店,2026-04-05,7,学生,0,1
零食店-长沙银杉路店,零食店,2026-04-05,8,家庭主妇,68,4
零食店-长沙银杉路店,零食店,2026-04-05,8,退休老人,2,3
零食店-长沙银杉路店,零食店,2026-04-05,8,中青年,79,3
零食店-长沙银杉路店,零食店,2026-04-05,8,上班族,135,8
零食店-长沙银杉路店,零食店,2026-04-05,8,学生,0,1
零食店-长沙银杉路店,零食店,2026-04-05,9,家庭主妇,108,13
零食店-长沙银杉路店,零食店,2026-04-05,9,退休老人,2,2
零食店-长沙银杉路店,零食店,2026-04-05,9,中青年,134,6
零食店-长沙银杉路店,零食店,2026-04-05,9,上班族,58,7
零食店-长沙银杉路店,零食店,2026-04-05,9,学生,0,2
零食店-长沙银杉路店,零食店,2026-04-05,10,家庭主妇,128,16
零食店-长沙银杉路店,零食店,2026-04-05,10,退休老人,4,3
零食店-长沙银杉路店,零食店,2026-04-05,10,中青年,198,10
零食店-长沙银杉路店,零食店,2026-04-05,10,上班族,89,8
零食店-长沙银杉路店,零食店,2026-04-05,10,学生,7,11
零食店-长沙银杉路店,零食店,2026-04-05,11,家庭主妇,96,9
零食店-长沙银杉路店,零食店,2026-04-05,11,退休老人,9,3
零食店-长沙银杉路店,零食店,2026-04-05,11,中青年,119,13
零食店-长沙银杉路店,零食店,2026-04-05,11,上班族,205,15
零食店-长沙银杉路店,零食店,2026-04-05,11,学生,10,12
零食店-长沙银杉路店,零食店,2026-04-05,12,家庭主妇,59,7
零食店-长沙银杉路店,零食店,2026-04-05,12,退休老人,10,1
零食店-长沙银杉路店,零食店,2026-04-05,12,中青年,59,4
零食店-长沙银杉路店,零食店,2026-04-05,12,上班族,358,23
零食店-长沙银杉路店,零食店,2026-04-05,12,学生,6,8
零食店-长沙银杉路店,零食店,2026-04-05,13,家庭主妇,252,17
零食店-长沙银杉路店,零食店,2026-04-05,13,退休老人,4,1
零食店-长沙银杉路店,零食店,2026-04-05,13,中青年,286,22
零食店-长沙银杉路店,零食店,2026-04-05,13,上班族,129,13
零食店-长沙银杉路店,零食店,2026-04-05,13,学生,19,10
零食店-长沙银杉路店,零食店,2026-04-05,14,家庭主妇,221,14
零食店-长沙银杉路店,零食店,2026-04-05,14,退休老人,12,2
零食店-长沙银杉路店,零食店,2026-04-05,14,中青年,256,8
零食店-长沙银杉路店,零食店,2026-04-05,14,上班族,146,5
零食店-长沙银杉路店,零食店,2026-04-05,14,学生,10,6
零食店-长沙银杉路店,零食店,2026-04-05,15,家庭主妇,214,16
零食店-长沙银杉路店,零食店,2026-04-05,15,退休老人,2,2
零食店-长沙银杉路店,零食店,2026-04-05,15,中青年,245,9
零食店-长沙银杉路店,零食店,2026-04-05,15,上班族,96,6
零食店-长沙银杉路店,零食店,2026-04-05,15,学生,17,9
零食店-长沙银杉路店,零食店,2026-04-05,16,家庭主妇,255,19
零食店-长沙银杉路店,零食店,2026-04-05,16,退休老人,4,1
零食店-长沙银杉路店,零食店,2026-04-05,16,中青年,189,8
零食店-长沙银杉路店,零食店,2026-04-05,16,上班族,109,5
零食店-长沙银杉路店,零食店,2026-04-05,16,学生,22,7
零食店-长沙银杉路店,零食店,2026-04-05,17,家庭主妇,171,10
零食店-长沙银杉路店,零食店,2026-04-05,17,退休老人,0,1
零食店-长沙银杉路店,零食店,2026-04-05,17,中青年,142,3
零食店-长沙银杉路店,零食店,2026-04-05,17,上班族,247,11
零食店-长沙银杉路店,零食店,2026-04-05,17,学生,0,4
零食店-长沙银杉路店,零食店,2026-04-05,18,家庭主妇,26,0
零食店-长沙银杉路店,零食店,2026-04-05,18,退休老人,0,0
零食店-长沙银杉路店,零食店,2026-04-05,18,中青年,16,0
零食店-长沙银杉路店,零食店,2026-04-05,18,上班族,208,0
零食店-长沙银杉路店,零食店,2026-04-05,18,学生,0,0
零食店-长沙银杉路店,零食店,2026-04-05,19,家庭主妇,170,15
零食店-长沙银杉路店,零食店,2026-04-05,19,退休老人,3,0
零食店-长沙银杉路店,零食店,2026-04-05,19,中青年,115,6
零食店-长沙银杉路店,零食店,2026-04-05,19,上班族,68,7
零食店-长沙银杉路店,零食店,2026-04-05,19,学生,6,4
零食店-长沙银杉路店,零食店,2026-04-05,20,家庭主妇,104,16
零食店-长沙银杉路店,零食店,2026-04-05,20,退休老人,1,2
零食店-长沙银杉路店,零食店,2026-04-05,20,中青年,63,14
零食店-长沙银杉路店,零食店,2026-04-05,20,上班族,56,8
零食店-长沙银杉路店,零食店,2026-04-05,20,学生,6,5
零食店-长沙银杉路店,零食店,2026-04-05,21,家庭主妇,134,9
零食店-长沙银杉路店,零食店,2026-04-05,21,退休老人,3,2
零食店-长沙银杉路店,零食店,2026-04-05,21,中青年,92,13
零食店-长沙银杉路店,零食店,2026-04-05,21,上班族,47,9
零食店-长沙银杉路店,零食店,2026-04-05,21,学生,0,5
零食店-长沙银杉路店,零食店,2026-04-05,22,家庭主妇,102,8
零食店-长沙银杉路店,零食店,2026-04-05,22,退休老人,0,0
零食店-长沙银杉路店,零食店,2026-04-05,22,中青年,79,6
零食店-长沙银杉路店,零食店,2026-04-05,22,上班族,36,7
零食店-长沙银杉路店,零食店,2026-04-05,22,学生,0,3
零食店-长沙银杉路店,零食店,2026-04-05,23,家庭主妇,0,0
零食店-长沙银杉路店,零食店,2026-04-05,23,退休老人,0,0
零食店-长沙银杉路店,零食店,2026-04-05,23,中青年,0,0
零食店-长沙银杉路店,零食店,2026-04-05,23,上班族,0,0
零食店-长沙银杉路店,零食店,2026-04-05,23,学生,0,0
零食店-长沙银杉路店,零食店,2026-04-06,0,家庭主妇,27,0
零食店-长沙银杉路店,零食店,2026-04-06,0,退休老人,0,0
零食店-长沙银杉路店,零食店,2026-04-06,0,中青年,23,0
零食店-长沙银杉路店,零食店,2026-04-06,0,上班族,9,0
零食店-长沙银杉路店,零食店,2026-04-06,0,学生,0,0
零食店-长沙银杉路店,零食店,2026-04-06,1,家庭主妇,3,0
零食店-长沙银杉路店,零食店,2026-04-06,1,退休老人,0,0
零食店-长沙银杉路店,零食店,2026-04-06,1,中青年,9,0
零食店-长沙银杉路店,零食店,2026-04-06,1,上班族,3,0
零食店-长沙银杉路店,零食店,2026-04-06,1,学生,0,0
零食店-长沙银杉路店,零食店,2026-04-06,2,家庭主妇,12,0
零食店-长沙银杉路店,零食店,2026-04-06,2,退休老人,0,0
零食店-长沙银杉路店,零食店,2026-04-06,2,中青年,2,0
零食店-长沙银杉路店,零食店,2026-04-06,2,上班族,0,0
零食店-长沙银杉路店,零食店,2026-04-06,2,学生,0,0
零食店-长沙银杉路店,零食店,2026-04-06,3,家庭主妇,10,0
零食店-长沙银杉路店,零食店,2026-04-06,3,退休老人,0,0
零食店-长沙银杉路店,零食店,2026-04-06,3,中青年,9,0
零食店-长沙银杉路店,零食店,2026-04-06,3,上班族,0,0
零食店-长沙银杉路店,零食店,2026-04-06,3,学生,0,0
零食店-长沙银杉路店,零食店,2026-04-06,4,家庭主妇,4,0
零食店-长沙银杉路店,零食店,2026-04-06,4,退休老人,0,0
零食店-长沙银杉路店,零食店,2026-04-06,4,中青年,0,0
零食店-长沙银杉路店,零食店,2026-04-06,4,上班族,0,0
零食店-长沙银杉路店,零食店,2026-04-06,4,学生,0,0
零食店-长沙银杉路店,零食店,2026-04-06,5,家庭主妇,5,0
零食店-长沙银杉路店,零食店,2026-04-06,5,退休老人,0,0
零食店-长沙银杉路店,零食店,2026-04-06,5,中青年,4,0
零食店-长沙银杉路店,零食店,2026-04-06,5,上班族,5,0
零食店-长沙银杉路店,零食店,2026-04-06,5,学生,0,0
零食店-长沙银杉路店,零食店,2026-04-06,6,家庭主妇,20,0
零食店-长沙银杉路店,零食店,2026-04-06,6,退休老人,0,0
零食店-长沙银杉路店,零食店,2026-04-06,6,中青年,15,0
零食店-长沙银杉路店,零食店,2026-04-06,6,上班族,15,0
零食店-长沙银杉路店,零食店,2026-04-06,6,学生,0,0
零食店-长沙银杉路店,零食店,2026-04-06,7,家庭主妇,11,0
零食店-长沙银杉路店,零食店,2026-04-06,7,退休老人,0,0
零食店-长沙银杉路店,零食店,2026-04-06,7,中青年,32,0
零食店-长沙银杉路店,零食店,2026-04-06,7,上班族,134,0
零食店-长沙银杉路店,零食店,2026-04-06,7,学生,0,0
零食店-长沙银杉路店,零食店,2026-04-06,8,家庭主妇,71,1
零食店-长沙银杉路店,零食店,2026-04-06,8,退休老人,0,3
零食店-长沙银杉路店,零食店,2026-04-06,8,中青年,88,2
零食店-长沙银杉路店,零食店,2026-04-06,8,上班族,151,5
零食店-长沙银杉路店,零食店,2026-04-06,8,学生,0,3
零食店-长沙银杉路店,零食店,2026-04-06,9,家庭主妇,127,8
零食店-长沙银杉路店,零食店,2026-04-06,9,退休老人,8,3
零食店-长沙银杉路店,零食店,2026-04-06,9,中青年,175,14
零食店-长沙银杉路店,零食店,2026-04-06,9,上班族,76,6
零食店-长沙银杉路店,零食店,2026-04-06,9,学生,7,5
零食店-长沙银杉路店,零食店,2026-04-06,10,家庭主妇,120,12
零食店-长沙银杉路店,零食店,2026-04-06,10,退休老人,10,4
零食店-长沙银杉路店,零食店,2026-04-06,10,中青年,137,9
零食店-长沙银杉路店,零食店,2026-04-06,10,上班族,85,8
零食店-长沙银杉路店,零食店,2026-04-06,10,学生,14,12
零食店-长沙银杉路店,零食店,2026-04-06,11,家庭主妇,55,6
零食店-长沙银杉路店,零食店,2026-04-06,11,退休老人,0,2
零食店-长沙银杉路店,零食店,2026-04-06,11,中青年,92,5
零食店-长沙银杉路店,零食店,2026-04-06,11,上班族,163,7
零食店-长沙银杉路店,零食店,2026-04-06,11,学生,0,4
零食店-长沙银杉路店,零食店,2026-04-06,12,家庭主妇,34,5
零食店-长沙银杉路店,零食店,2026-04-06,12,退休老人,0,1
零食店-长沙银杉路店,零食店,2026-04-06,12,中青年,32,4
零食店-长沙银杉路店,零食店,2026-04-06,12,上班族,303,19
零食店-长沙银杉路店,零食店,2026-04-06,12,学生,4,12
零食店-长沙银杉路店,零食店,2026-04-06,13,家庭主妇,151,12
零食店-长沙银杉路店,零食店,2026-04-06,13,退休老人,0,6
零食店-长沙银杉路店,零食店,2026-04-06,13,中青年,143,11
零食店-长沙银杉路店,零食店,2026-04-06,13,上班族,80,13
零食店-长沙银杉路店,零食店,2026-04-06,13,学生,0,7
零食店-长沙银杉路店,零食店,2026-04-06,14,家庭主妇,244,24
零食店-长沙银杉路店,零食店,2026-04-06,14,退休老人,4,3
零食店-长沙银杉路店,零食店,2026-04-06,14,中青年,198,19
零食店-长沙银杉路店,零食店,2026-04-06,14,上班族,91,14
零食店-长沙银杉路店,零食店,2026-04-06,14,学生,7,16
零食店-长沙银杉路店,零食店,2026-04-06,15,家庭主妇,242,18
零食店-长沙银杉路店,零食店,2026-04-06,15,退休老人,12,5
零食店-长沙银杉路店,零食店,2026-04-06,15,中青年,276,15
零食店-长沙银杉路店,零食店,2026-04-06,15,上班族,129,12
零食店-长沙银杉路店,零食店,2026-04-06,15,学生,1,17
零食店-长沙银杉路店,零食店,2026-04-06,16,家庭主妇,246,23
零食店-长沙银杉路店,零食店,2026-04-06,16,退休老人,5,5
零食店-长沙银杉路店,零食店,2026-04-06,16,中青年,207,16
零食店-长沙银杉路店,零食店,2026-04-06,16,上班族,131,14
零食店-长沙银杉路店,零食店,2026-04-06,16,学生,3,18
零食店-长沙银杉路店,零食店,2026-04-06,17,家庭主妇,173,18
零食店-长沙银杉路店,零食店,2026-04-06,17,退休老人,0,2
零食店-长沙银杉路店,零食店,2026-04-06,17,中青年,98,12
零食店-长沙银杉路店,零食店,2026-04-06,17,上班族,303,28
零食店-长沙银杉路店,零食店,2026-04-06,17,学生,0,13
零食店-长沙银杉路店,零食店,2026-04-06,18,家庭主妇,63,9
零食店-长沙银杉路店,零食店,2026-04-06,18,退休老人,5,3
零食店-长沙银杉路店,零食店,2026-04-06,18,中青年,30,5
零食店-长沙银杉路店,零食店,2026-04-06,18,上班族,433,37
零食店-长沙银杉路店,零食店,2026-04-06,18,学生,0,11
零食店-长沙银杉路店,零食店,2026-04-06,19,家庭主妇,215,25
零食店-长沙银杉路店,零食店,2026-04-06,19,退休老人,0,3
零食店-长沙银杉路店,零食店,2026-04-06,19,中青年,162,20
零食店-长沙银杉路店,零食店,2026-04-06,19,上班族,77,18
零食店-长沙银杉路店,零食店,2026-04-06,19,学生,14,16
零食店-长沙银杉路店,零食店,2026-04-06,20,家庭主妇,143,25
零食店-长沙银杉路店,零食店,2026-04-06,20,退休老人,0,5
零食店-长沙银杉路店,零食店,2026-04-06,20,中青年,98,16
零食店-长沙银杉路店,零食店,2026-04-06,20,上班族,57,10
零食店-长沙银杉路店,零食店,2026-04-06,20,学生,4,15
零食店-长沙银杉路店,零食店,2026-04-06,21,家庭主妇,119,20
零食店-长沙银杉路店,零食店,2026-04-06,21,退休老人,0,2
零食店-长沙银杉路店,零食店,2026-04-06,21,中青年,71,16
零食店-长沙银杉路店,零食店,2026-04-06,21,上班族,50,9
零食店-长沙银杉路店,零食店,2026-04-06,21,学生,0,3
零食店-长沙银杉路店,零食店,2026-04-06,22,家庭主妇,87,9
零食店-长沙银杉路店,零食店,2026-04-06,22,退休老人,0,1
零食店-长沙银杉路店,零食店,2026-04-06,22,中青年,74,12
零食店-长沙银杉路店,零食店,2026-04-06,22,上班族,43,6
零食店-长沙银杉路店,零食店,2026-04-06,22,学生,0,0
零食店-长沙银杉路店,零食店,2026-04-06,23,家庭主妇,38,2
零食店-长沙银杉路店,零食店,2026-04-06,23,退休老人,0,0
零食店-长沙银杉路店,零食店,2026-04-06,23,中青年,45,1
零食店-长沙银杉路店,零食店,2026-04-06,23,上班族,17,1
零食店-长沙银杉路店,零食店,2026-04-06,23,学生,0,0
零食店-长沙银杉路店,零食店,2026-04-07,0,家庭主妇,16,0
零食店-长沙银杉路店,零食店,2026-04-07,0,退休老人,0,0
零食店-长沙银杉路店,零食店,2026-04-07,0,中青年,14,0
零食店-长沙银杉路店,零食店,2026-04-07,0,上班族,11,0
零食店-长沙银杉路店,零食店,2026-04-07,0,学生,0,0
零食店-长沙银杉路店,零食店,2026-04-07,1,家庭主妇,10,0
零食店-长沙银杉路店,零食店,2026-04-07,1,退休老人,0,0
零食店-长沙银杉路店,零食店,2026-04-07,1,中青年,10,0
零食店-长沙银杉路店,零食店,2026-04-07,1,上班族,12,0
零食店-长沙银杉路店,零食店,2026-04-07,1,学生,0,0
零食店-长沙银杉路店,零食店,2026-04-07,2,家庭主妇,0,0
零食店-长沙银杉路店,零食店,2026-04-07,2,退休老人,0,0
零食店-长沙银杉路店,零食店,2026-04-07,2,中青年,11,0
零食店-长沙银杉路店,零食店,2026-04-07,2,上班族,0,0
零食店-长沙银杉路店,零食店,2026-04-07,2,学生,0,0
零食店-长沙银杉路店,零食店,2026-04-07,3,家庭主妇,2,0
零食店-长沙银杉路店,零食店,2026-04-07,3,退休老人,0,0
零食店-长沙银杉路店,零食店,2026-04-07,3,中青年,6,0
零食店-长沙银杉路店,零食店,2026-04-07,3,上班族,0,0
零食店-长沙银杉路店,零食店,2026-04-07,3,学生,0,0
零食店-长沙银杉路店,零食店,2026-04-07,4,家庭主妇,9,0
零食店-长沙银杉路店,零食店,2026-04-07,4,退休老人,0,0
零食店-长沙银杉路店,零食店,2026-04-07,4,中青年,6,0
零食店-长沙银杉路店,零食店,2026-04-07,4,上班族,2,0
零食店-长沙银杉路店,零食店,2026-04-07,4,学生,0,0
零食店-长沙银杉路店,零食店,2026-04-07,5,家庭主妇,2,0
零食店-长沙银杉路店,零食店,2026-04-07,5,退休老人,0,0
零食店-长沙银杉路店,零食店,2026-04-07,5,中青年,4,0
零食店-长沙银杉路店,零食店,2026-04-07,5,上班族,2,0
零食店-长沙银杉路店,零食店,2026-04-07,5,学生,0,0
零食店-长沙银杉路店,零食店,2026-04-07,6,家庭主妇,18,0
零食店-长沙银杉路店,零食店,2026-04-07,6,退休老人,0,0
零食店-长沙银杉路店,零食店,2026-04-07,6,中青年,43,0
零食店-长沙银杉路店,零食店,2026-04-07,6,上班族,9,0
零食店-长沙银杉路店,零食店,2026-04-07,6,学生,0,0
零食店-长沙银杉路店,零食店,2026-04-07,7,家庭主妇,45,1
零食店-长沙银杉路店,零食店,2026-04-07,7,退休老人,0,0
零食店-长沙银杉路店,零食店,2026-04-07,7,中青年,44,1
零食店-长沙银杉路店,零食店,2026-04-07,7,上班族,389,3
零食店-长沙银杉路店,零食店,2026-04-07,7,学生,0,3
零食店-长沙银杉路店,零食店,2026-04-07,8,家庭主妇,193,5
零食店-长沙银杉路店,零食店,2026-04-07,8,退休老人,0,2
零食店-长沙银杉路店,零食店,2026-04-07,8,中青年,199,8
零食店-长沙银杉路店,零食店,2026-04-07,8,上班族,413,9
零食店-长沙银杉路店,零食店,2026-04-07,8,学生,0,2
零食店-长沙银杉路店,零食店,2026-04-07,9,家庭主妇,98,5
零食店-长沙银杉路店,零食店,2026-04-07,9,退休老人,2,2
零食店-长沙银杉路店,零食店,2026-04-07,9,中青年,200,7
零食店-长沙银杉路店,零食店,2026-04-07,9,上班族,68,3
零食店-长沙银杉路店,零食店,2026-04-07,9,学生,8,0
零食店-长沙银杉路店,零食店,2026-04-07,10,家庭主妇,157,5
零食店-长沙银杉路店,零食店,2026-04-07,10,退休老人,2,2
零食店-长沙银杉路店,零食店,2026-04-07,10,中青年,176,3
零食店-长沙银杉路店,零食店,2026-04-07,10,上班族,68,5
零食店-长沙银杉路店,零食店,2026-04-07,10,学生,19,3
零食店-长沙银杉路店,零食店,2026-04-07,11,家庭主妇,75,6
零食店-长沙银杉路店,零食店,2026-04-07,11,退休老人,0,2
零食店-长沙银杉路店,零食店,2026-04-07,11,中青年,112,4
零食店-长沙银杉路店,零食店,2026-04-07,11,上班族,199,11
零食店-长沙银杉路店,零食店,2026-04-07,11,学生,0,2
零食店-长沙银杉路店,零食店,2026-04-07,12,家庭主妇,47,5
零食店-长沙银杉路店,零食店,2026-04-07,12,退休老人,0,0
零食店-长沙银杉路店,零食店,2026-04-07,12,中青年,59,4
零食店-长沙银杉路店,零食店,2026-04-07,12,上班族,336,16
零食店-长沙银杉路店,零食店,2026-04-07,12,学生,0,5
零食店-长沙银杉路店,零食店,2026-04-07,13,家庭主妇,145,6
零食店-长沙银杉路店,零食店,2026-04-07,13,退休老人,3,1
零食店-长沙银杉路店,零食店,2026-04-07,13,中青年,155,9
零食店-长沙银杉路店,零食店,2026-04-07,13,上班族,54,4
零食店-长沙银杉路店,零食店,2026-04-07,13,学生,0,1
零食店-长沙银杉路店,零食店,2026-04-07,14,家庭主妇,98,8
零食店-长沙银杉路店,零食店,2026-04-07,14,退休老人,0,1
零食店-长沙银杉路店,零食店,2026-04-07,14,中青年,136,10
零食店-长沙银杉路店,零食店,2026-04-07,14,上班族,64,3
零食店-长沙银杉路店,零食店,2026-04-07,14,学生,0,2
零食店-长沙银杉路店,零食店,2026-04-07,15,家庭主妇,153,8
零食店-长沙银杉路店,零食店,2026-04-07,15,退休老人,12,2
零食店-长沙银杉路店,零食店,2026-04-07,15,中青年,196,7
零食店-长沙银杉路店,零食店,2026-04-07,15,上班族,78,9
零食店-长沙银杉路店,零食店,2026-04-07,15,学生,0,2
零食店-长沙银杉路店,零食店,2026-04-07,16,家庭主妇,190,7
零食店-长沙银杉路店,零食店,2026-04-07,16,退休老人,5,1
零食店-长沙银杉路店,零食店,2026-04-07,16,中青年,275,10
零食店-长沙银杉路店,零食店,2026-04-07,16,上班族,107,3
零食店-长沙银杉路店,零食店,2026-04-07,16,学生,5,2
零食店-长沙银杉路店,零食店,2026-04-07,17,家庭主妇,182,11
零食店-长沙银杉路店,零食店,2026-04-07,17,退休老人,4,2
零食店-长沙银杉路店,零食店,2026-04-07,17,中青年,164,8
零食店-长沙银杉路店,零食店,2026-04-07,17,上班族,364,17
零食店-长沙银杉路店,零食店,2026-04-07,17,学生,0,4
零食店-长沙银杉路店,零食店,2026-04-07,18,家庭主妇,171,9
零食店-长沙银杉路店,零食店,2026-04-07,18,退休老人,5,3
零食店-长沙银杉路店,零食店,2026-04-07,18,中青年,99,7
零食店-长沙银杉路店,零食店,2026-04-07,18,上班族,1025,34
零食店-长沙银杉路店,零食店,2026-04-07,18,学生,0,7
零食店-长沙银杉路店,零食店,2026-04-07,19,家庭主妇,543,28
零食店-长沙银杉路店,零食店,2026-04-07,19,退休老人,7,3
零食店-长沙银杉路店,零食店,2026-04-07,19,中青年,394,13
零食店-长沙银杉路店,零食店,2026-04-07,19,上班族,204,14
零食店-长沙银杉路店,零食店,2026-04-07,19,学生,8,17
零食店-长沙银杉路店,零食店,2026-04-07,20,家庭主妇,386,19
零食店-长沙银杉路店,零食店,2026-04-07,20,退休老人,5,1
零食店-长沙银杉路店,零食店,2026-04-07,20,中青年,243,18
零食店-长沙银杉路店,零食店,2026-04-07,20,上班族,138,9
零食店-长沙银杉路店,零食店,2026-04-07,20,学生,1,16
零食店-长沙银杉路店,零食店,2026-04-07,21,家庭主妇,209,16
零食店-长沙银杉路店,零食店,2026-04-07,21,退休老人,0,1
零食店-长沙银杉路店,零食店,2026-04-07,21,中青年,136,18
零食店-长沙银杉路店,零食店,2026-04-07,21,上班族,64,7
零食店-长沙银杉路店,零食店,2026-04-07,21,学生,0,6
零食店-长沙银杉路店,零食店,2026-04-07,22,家庭主妇,76,11
零食店-长沙银杉路店,零食店,2026-04-07,22,退休老人,0,2
零食店-长沙银杉路店,零食店,2026-04-07,22,中青年,87,12
零食店-长沙银杉路店,零食店,2026-04-07,22,上班族,46,6
零食店-长沙银杉路店,零食店,2026-04-07,22,学生,0,3
零食店-长沙银杉路店,零食店,2026-04-07,23,家庭主妇,0,0
零食店-长沙银杉路店,零食店,2026-04-07,23,退休老人,0,0
零食店-长沙银杉路店,零食店,2026-04-07,23,中青年,0,0
零食店-长沙银杉路店,零食店,2026-04-07,23,上班族,0,0
零食店-长沙银杉路店,零食店,2026-04-07,23,学生,0,0
零食店-长沙银杉路店,零食店,2026-04-08,0,家庭主妇,14,0
零食店-长沙银杉路店,零食店,2026-04-08,0,退休老人,0,0
零食店-长沙银杉路店,零食店,2026-04-08,0,中青年,10,0
零食店-长沙银杉路店,零食店,2026-04-08,0,上班族,14,0
零食店-长沙银杉路店,零食店,2026-04-08,0,学生,0,0
零食店-长沙银杉路店,零食店,2026-04-08,1,家庭主妇,7,0
零食店-长沙银杉路店,零食店,2026-04-08,1,退休老人,0,0
零食店-长沙银杉路店,零食店,2026-04-08,1,中青年,7,0
零食店-长沙银杉路店,零食店,2026-04-08,1,上班族,0,0
零食店-长沙银杉路店,零食店,2026-04-08,1,学生,0,0
零食店-长沙银杉路店,零食店,2026-04-08,2,家庭主妇,7,0
零食店-长沙银杉路店,零食店,2026-04-08,2,退休老人,0,0
零食店-长沙银杉路店,零食店,2026-04-08,2,中青年,4,0
零食店-长沙银杉路店,零食店,2026-04-08,2,上班族,2,0
零食店-长沙银杉路店,零食店,2026-04-08,2,学生,0,0
零食店-长沙银杉路店,零食店,2026-04-08,3,家庭主妇,3,0
零食店-长沙银杉路店,零食店,2026-04-08,3,退休老人,0,0
零食店-长沙银杉路店,零食店,2026-04-08,3,中青年,2,0
零食店-长沙银杉路店,零食店,2026-04-08,3,上班族,0,0
零食店-长沙银杉路店,零食店,2026-04-08,3,学生,0,0
零食店-长沙银杉路店,零食店,2026-04-08,4,家庭主妇,3,0
零食店-长沙银杉路店,零食店,2026-04-08,4,退休老人,0,0
零食店-长沙银杉路店,零食店,2026-04-08,4,中青年,1,0
零食店-长沙银杉路店,零食店,2026-04-08,4,上班族,0,0
零食店-长沙银杉路店,零食店,2026-04-08,4,学生,0,0
零食店-长沙银杉路店,零食店,2026-04-08,5,家庭主妇,0,0
零食店-长沙银杉路店,零食店,2026-04-08,5,退休老人,0,0
零食店-长沙银杉路店,零食店,2026-04-08,5,中青年,8,0
零食店-长沙银杉路店,零食店,2026-04-08,5,上班族,3,0
零食店-长沙银杉路店,零食店,2026-04-08,5,学生,0,0
零食店-长沙银杉路店,零食店,2026-04-08,6,家庭主妇,20,0
零食店-长沙银杉路店,零食店,2026-04-08,6,退休老人,1,0
零食店-长沙银杉路店,零食店,2026-04-08,6,中青年,40,0
零食店-长沙银杉路店,零食店,2026-04-08,6,上班族,24,0
零食店-长沙银杉路店,零食店,2026-04-08,6,学生,0,0
零食店-长沙银杉路店,零食店,2026-04-08,7,家庭主妇,26,1
零食店-长沙银杉路店,零食店,2026-04-08,7,退休老人,0,0
零食店-长沙银杉路店,零食店,2026-04-08,7,中青年,70,1
零食店-长沙银杉路店,零食店,2026-04-08,7,上班族,332,7
零食店-长沙银杉路店,零食店,2026-04-08,7,学生,0,1
零食店-长沙银杉路店,零食店,2026-04-08,8,家庭主妇,173,3
零食店-长沙银杉路店,零食店,2026-04-08,8,退休老人,14,2
零食店-长沙银杉路店,零食店,2026-04-08,8,中青年,208,7
零食店-长沙银杉路店,零食店,2026-04-08,8,上班族,381,15
零食店-长沙银杉路店,零食店,2026-04-08,8,学生,9,5
零食店-长沙银杉路店,零食店,2026-04-08,9,家庭主妇,136,5
零食店-长沙银杉路店,零食店,2026-04-08,9,退休老人,6,1
零食店-长沙银杉路店,零食店,2026-04-08,9,中青年,202,8
零食店-长沙银杉路店,零食店,2026-04-08,9,上班族,90,6
零食店-长沙银杉路店,零食店,2026-04-08,9,学生,3,1
零食店-长沙银杉路店,零食店,2026-04-08,10,家庭主妇,129,6
零食店-长沙银杉路店,零食店,2026-04-08,10,退休老人,10,2
零食店-长沙银杉路店,零食店,2026-04-08,10,中青年,164,6
零食店-长沙银杉路店,零食店,2026-04-08,10,上班族,94,7
零食店-长沙银杉路店,零食店,2026-04-08,10,学生,0,4
零食店-长沙银杉路店,零食店,2026-04-08,11,家庭主妇,101,9
零食店-长沙银杉路店,零食店,2026-04-08,11,退休老人,0,1
零食店-长沙银杉路店,零食店,2026-04-08,11,中青年,108,5
零食店-长沙银杉路店,零食店,2026-04-08,11,上班族,177,3
零食店-长沙银杉路店,零食店,2026-04-08,11,学生,0,1
零食店-长沙银杉路店,零食店,2026-04-08,12,家庭主妇,30,7
零食店-长沙银杉路店,零食店,2026-04-08,12,退休老人,0,2
零食店-长沙银杉路店,零食店,2026-04-08,12,中青年,48,3
零食店-长沙银杉路店,零食店,2026-04-08,12,上班族,379,24
零食店-长沙银杉路店,零食店,2026-04-08,12,学生,0,3
零食店-长沙银杉路店,零食店,2026-04-08,13,家庭主妇,160,12
零食店-长沙银杉路店,零食店,2026-04-08,13,退休老人,6,0
零食店-长沙银杉路店,零食店,2026-04-08,13,中青年,184,15
零食店-长沙银杉路店,零食店,2026-04-08,13,上班族,104,8
零食店-长沙银杉路店,零食店,2026-04-08,13,学生,0,4
零食店-长沙银杉路店,零食店,2026-04-08,14,家庭主妇,176,11
零食店-长沙银杉路店,零食店,2026-04-08,14,退休老人,0,3
零食店-长沙银杉路店,零食店,2026-04-08,14,中青年,171,9
零食店-长沙银杉路店,零食店,2026-04-08,14,上班族,89,6
零食店-长沙银杉路店,零食店,2026-04-08,14,学生,0,3
零食店-长沙银杉路店,零食店,2026-04-08,15,家庭主妇,173,9
零食店-长沙银杉路店,零食店,2026-04-08,15,退休老人,3,1
零食店-长沙银杉路店,零食店,2026-04-08,15,中青年,153,7
零食店-长沙银杉路店,零食店,2026-04-08,15,上班族,111,4
零食店-长沙银杉路店,零食店,2026-04-08,15,学生,4,5
零食店-长沙银杉路店,零食店,2026-04-08,16,家庭主妇,215,12
零食店-长沙银杉路店,零食店,2026-04-08,16,退休老人,7,5
零食店-长沙银杉路店,零食店,2026-04-08,16,中青年,234,10
零食店-长沙银杉路店,零食店,2026-04-08,16,上班族,114,8
零食店-长沙银杉路店,零食店,2026-04-08,16,学生,2,6
零食店-长沙银杉路店,零食店,2026-04-08,17,家庭主妇,208,9
零食店-长沙银杉路店,零食店,2026-04-08,17,退休老人,5,0
零食店-长沙银杉路店,零食店,2026-04-08,17,中青年,149,7
零食店-长沙银杉路店,零食店,2026-04-08,17,上班族,411,11
零食店-长沙银杉路店,零食店,2026-04-08,17,学生,0,8
零食店-长沙银杉路店,零食店,2026-04-08,18,家庭主妇,139,8
零食店-长沙银杉路店,零食店,2026-04-08,18,退休老人,4,3
零食店-长沙银杉路店,零食店,2026-04-08,18,中青年,118,5
零食店-长沙银杉路店,零食店,2026-04-08,18,上班族,961,40
零食店-长沙银杉路店,零食店,2026-04-08,18,学生,0,9
零食店-长沙银杉路店,零食店,2026-04-08,19,家庭主妇,565,28
零食店-长沙银杉路店,零食店,2026-04-08,19,退休老人,8,5
零食店-长沙银杉路店,零食店,2026-04-08,19,中青年,448,18
零食店-长沙银杉路店,零食店,2026-04-08,19,上班族,230,13
零食店-长沙银杉路店,零食店,2026-04-08,19,学生,23,17
零食店-长沙银杉路店,零食店,2026-04-08,20,家庭主妇,417,17
零食店-长沙银杉路店,零食店,2026-04-08,20,退休老人,11,2
零食店-长沙银杉路店,零食店,2026-04-08,20,中青年,306,11
零食店-长沙银杉路店,零食店,2026-04-08,20,上班族,165,8
零食店-长沙银杉路店,零食店,2026-04-08,20,学生,3,10
零食店-长沙银杉路店,零食店,2026-04-08,21,家庭主妇,276,13
零食店-长沙银杉路店,零食店,2026-04-08,21,退休老人,0,1
零食店-长沙银杉路店,零食店,2026-04-08,21,中青年,229,14
零食店-长沙银杉路店,零食店,2026-04-08,21,上班族,101,9
零食店-长沙银杉路店,零食店,2026-04-08,21,学生,0,8
零食店-长沙银杉路店,零食店,2026-04-08,22,家庭主妇,108,14
零食店-长沙银杉路店,零食店,2026-04-08,22,退休老人,0,3
零食店-长沙银杉路店,零食店,2026-04-08,22,中青年,80,13
零食店-长沙银杉路店,零食店,2026-04-08,22,上班族,49,11
零食店-长沙银杉路店,零食店,2026-04-08,22,学生,0,3
零食店-长沙银杉路店,零食店,2026-04-08,23,家庭主妇,0,0
零食店-长沙银杉路店,零食店,2026-04-08,23,退休老人,0,0
零食店-长沙银杉路店,零食店,2026-04-08,23,中青年,0,0
零食店-长沙银杉路店,零食店,2026-04-08,23,上班族,0,0
零食店-长沙银杉路店,零食店,2026-04-08,23,学生,0,0
零食店-长沙银杉路店,零食店,2026-04-09,0,家庭主妇,4,1
零食店-长沙银杉路店,零食店,2026-04-09,0,退休老人,0,0
零食店-长沙银杉路店,零食店,2026-04-09,0,中青年,20,0
零食店-长沙银杉路店,零食店,2026-04-09,0,上班族,13,0
零食店-长沙银杉路店,零食店,2026-04-09,0,学生,1,0
零食店-长沙银杉路店,零食店,2026-04-09,1,家庭主妇,16,0
零食店-长沙银杉路店,零食店,2026-04-09,1,退休老人,0,0
零食店-长沙银杉路店,零食店,2026-04-09,1,中青年,20,0
零食店-长沙银杉路店,零食店,2026-04-09,1,上班族,13,0
零食店-长沙银杉路店,零食店,2026-04-09,1,学生,0,0
零食店-长沙银杉路店,零食店,2026-04-09,2,家庭主妇,4,0
零食店-长沙银杉路店,零食店,2026-04-09,2,退休老人,0,0
零食店-长沙银杉路店,零食店,2026-04-09,2,中青年,4,0
零食店-长沙银杉路店,零食店,2026-04-09,2,上班族,4,0
零食店-长沙银杉路店,零食店,2026-04-09,2,学生,1,0
零食店-长沙银杉路店,零食店,2026-04-09,3,家庭主妇,5,0
零食店-长沙银杉路店,零食店,2026-04-09,3,退休老人,0,0
零食店-长沙银杉路店,零食店,2026-04-09,3,中青年,9,0
零食店-长沙银杉路店,零食店,2026-04-09,3,上班族,0,0
零食店-长沙银杉路店,零食店,2026-04-09,3,学生,0,0
零食店-长沙银杉路店,零食店,2026-04-09,4,家庭主妇,4,0
零食店-长沙银杉路店,零食店,2026-04-09,4,退休老人,0,0
零食店-长沙银杉路店,零食店,2026-04-09,4,中青年,4,0
零食店-长沙银杉路店,零食店,2026-04-09,4,上班族,6,0
零食店-长沙银杉路店,零食店,2026-04-09,4,学生,0,0
零食店-长沙银杉路店,零食店,2026-04-09,5,家庭主妇,3,0
零食店-长沙银杉路店,零食店,2026-04-09,5,退休老人,0,0
零食店-长沙银杉路店,零食店,2026-04-09,5,中青年,0,0
零食店-长沙银杉路店,零食店,2026-04-09,5,上班族,5,0
零食店-长沙银杉路店,零食店,2026-04-09,5,学生,0,0
零食店-长沙银杉路店,零食店,2026-04-09,6,家庭主妇,22,0
零食店-长沙银杉路店,零食店,2026-04-09,6,退休老人,0,0
零食店-长沙银杉路店,零食店,2026-04-09,6,中青年,49,0
零食店-长沙银杉路店,零食店,2026-04-09,6,上班族,22,0
零食店-长沙银杉路店,零食店,2026-04-09,6,学生,0,0
零食店-长沙银杉路店,零食店,2026-04-09,7,家庭主妇,53,2
零食店-长沙银杉路店,零食店,2026-04-09,7,退休老人,0,0
零食店-长沙银杉路店,零食店,2026-04-09,7,中青年,28,2
零食店-长沙银杉路店,零食店,2026-04-09,7,上班族,338,7
零食店-长沙银杉路店,零食店,2026-04-09,7,学生,0,2
零食店-长沙银杉路店,零食店,2026-04-09,8,家庭主妇,218,5
零食店-长沙银杉路店,零食店,2026-04-09,8,退休老人,0,2
零食店-长沙银杉路店,零食店,2026-04-09,8,中青年,205,5
零食店-长沙银杉路店,零食店,2026-04-09,8,上班族,392,8
零食店-长沙银杉路店,零食店,2026-04-09,8,学生,0,1
零食店-长沙银杉路店,零食店,2026-04-09,9,家庭主妇,170,4
零食店-长沙银杉路店,零食店,2026-04-09,9,退休老人,1,0
零食店-长沙银杉路店,零食店,2026-04-09,9,中青年,264,6
零食店-长沙银杉路店,零食店,2026-04-09,9,上班族,97,2
零食店-长沙银杉路店,零食店,2026-04-09,9,学生,0,0
零食店-长沙银杉路店,零食店,2026-04-09,10,家庭主妇,163,8
零食店-长沙银杉路店,零食店,2026-04-09,10,退休老人,6,2
零食店-长沙银杉路店,零食店,2026-04-09,10,中青年,204,6
零食店-长沙银杉路店,零食店,2026-04-09,10,上班族,69,7
零食店-长沙银杉路店,零食店,2026-04-09,10,学生,4,4
零食店-长沙银杉路店,零食店,2026-04-09,11,家庭主妇,53,4
零食店-长沙银杉路店,零食店,2026-04-09,11,退休老人,3,1
零食店-长沙银杉路店,零食店,2026-04-09,11,中青年,106,4
零食店-长沙银杉路店,零食店,2026-04-09,11,上班族,187,10
零食店-长沙银杉路店,零食店,2026-04-09,11,学生,0,2
零食店-长沙银杉路店,零食店,2026-04-09,12,家庭主妇,52,3
零食店-长沙银杉路店,零食店,2026-04-09,12,退休老人,0,2
零食店-长沙银杉路店,零食店,2026-04-09,12,中青年,80,4
零食店-长沙银杉路店,零食店,2026-04-09,12,上班族,349,17
零食店-长沙银杉路店,零食店,2026-04-09,12,学生,0,1
零食店-长沙银杉路店,零食店,2026-04-09,13,家庭主妇,127,5
零食店-长沙银杉路店,零食店,2026-04-09,13,退休老人,0,1
零食店-长沙银杉路店,零食店,2026-04-09,13,中青年,174,3
零食店-长沙银杉路店,零食店,2026-04-09,13,上班族,76,3
零食店-长沙银杉路店,零食店,2026-04-09,13,学生,0,1
零食店-长沙银杉路店,零食店,2026-04-09,14,家庭主妇,151,1
零食店-长沙银杉路店,零食店,2026-04-09,14,退休老人,0,0
零食店-长沙银杉路店,零食店,2026-04-09,14,中青年,175,1
零食店-长沙银杉路店,零食店,2026-04-09,14,上班族,78,0
零食店-长沙银杉路店,零食店,2026-04-09,14,学生,0,0
零食店-长沙银杉路店,零食店,2026-04-09,15,家庭主妇,142,2
零食店-长沙银杉路店,零食店,2026-04-09,15,退休老人,0,0
零食店-长沙银杉路店,零食店,2026-04-09,15,中青年,178,1
零食店-长沙银杉路店,零食店,2026-04-09,15,上班族,77,1
零食店-长沙银杉路店,零食店,2026-04-09,15,学生,0,0
零食店-长沙银杉路店,零食店,2026-04-09,16,家庭主妇,203,11
零食店-长沙银杉路店,零食店,2026-04-09,16,退休老人,6,2
零食店-长沙银杉路店,零食店,2026-04-09,16,中青年,216,6
零食店-长沙银杉路店,零食店,2026-04-09,16,上班族,119,4
零食店-长沙银杉路店,零食店,2026-04-09,16,学生,6,4
零食店-长沙银杉路店,零食店,2026-04-09,17,家庭主妇,143,9
零食店-长沙银杉路店,零食店,2026-04-09,17,退休老人,12,3
零食店-长沙银杉路店,零食店,2026-04-09,17,中青年,194,8
零食店-长沙银杉路店,零食店,2026-04-09,17,上班族,444,16
零食店-长沙银杉路店,零食店,2026-04-09,17,学生,10,10
零食店-长沙银杉路店,零食店,2026-04-09,18,家庭主妇,100,4
零食店-长沙银杉路店,零食店,2026-04-09,18,退休老人,0,2
零食店-长沙银杉路店,零食店,2026-04-09,18,中青年,64,3
零食店-长沙银杉路店,零食店,2026-04-09,18,上班族,640,23
零食店-长沙银杉路店,零食店,2026-04-09,18,学生,0,3
零食店-长沙银杉路店,零食店,2026-04-09,19,家庭主妇,338,17
零食店-长沙银杉路店,零食店,2026-04-09,19,退休老人,0,2
零食店-长沙银杉路店,零食店,2026-04-09,19,中青年,292,16
零食店-长沙银杉路店,零食店,2026-04-09,19,上班族,157,10
零食店-长沙银杉路店,零食店,2026-04-09,19,学生,0,8
零食店-长沙银杉路店,零食店,2026-04-09,20,家庭主妇,228,16
零食店-长沙银杉路店,零食店,2026-04-09,20,退休老人,3,1
零食店-长沙银杉路店,零食店,2026-04-09,20,中青年,194,12
零食店-长沙银杉路店,零食店,2026-04-09,20,上班族,73,5
零食店-长沙银杉路店,零食店,2026-04-09,20,学生,0,5
零食店-长沙银杉路店,零食店,2026-04-09,21,家庭主妇,73,6
零食店-长沙银杉路店,零食店,2026-04-09,21,退休老人,3,1
零食店-长沙银杉路店,零食店,2026-04-09,21,中青年,83,6
零食店-长沙银杉路店,零食店,2026-04-09,21,上班族,38,2
零食店-长沙银杉路店,零食店,2026-04-09,21,学生,0,1
零食店-长沙银杉路店,零食店,2026-04-09,22,家庭主妇,22,2
零食店-长沙银杉路店,零食店,2026-04-09,22,退休老人,0,1
零食店-长沙银杉路店,零食店,2026-04-09,22,中青年,34,2
零食店-长沙银杉路店,零食店,2026-04-09,22,上班族,20,2
零食店-长沙银杉路店,零食店,2026-04-09,22,学生,0,0
零食店-长沙银杉路店,零食店,2026-04-09,23,家庭主妇,0,0
零食店-长沙银杉路店,零食店,2026-04-09,23,退休老人,0,0
零食店-长沙银杉路店,零食店,2026-04-09,23,中青年,0,0
零食店-长沙银杉路店,零食店,2026-04-09,23,上班族,0,0
零食店-长沙银杉路店,零食店,2026-04-09,23,学生,0,0
零食店-长沙银杉路店,零食店,2026-04-10,0,家庭主妇,13,0
零食店-长沙银杉路店,零食店,2026-04-10,0,退休老人,0,0
零食店-长沙银杉路店,零食店,2026-04-10,0,中青年,19,0
零食店-长沙银杉路店,零食店,2026-04-10,0,上班族,13,0
零食店-长沙银杉路店,零食店,2026-04-10,0,学生,0,0
零食店-长沙银杉路店,零食店,2026-04-10,1,家庭主妇,8,0
零食店-长沙银杉路店,零食店,2026-04-10,1,退休老人,0,0
零食店-长沙银杉路店,零食店,2026-04-10,1,中青年,14,0
零食店-长沙银杉路店,零食店,2026-04-10,1,上班族,4,0
零食店-长沙银杉路店,零食店,2026-04-10,1,学生,0,0
零食店-长沙银杉路店,零食店,2026-04-10,2,家庭主妇,6,0
零食店-长沙银杉路店,零食店,2026-04-10,2,退休老人,0,0
零食店-长沙银杉路店,零食店,2026-04-10,2,中青年,18,0
零食店-长沙银杉路店,零食店,2026-04-10,2,上班族,6,0
零食店-长沙银杉路店,零食店,2026-04-10,2,学生,0,0
零食店-长沙银杉路店,零食店,2026-04-10,3,家庭主妇,14,0
零食店-长沙银杉路店,零食店,2026-04-10,3,退休老人,0,0
零食店-长沙银杉路店,零食店,2026-04-10,3,中青年,10,0
零食店-长沙银杉路店,零食店,2026-04-10,3,上班族,3,0
零食店-长沙银杉路店,零食店,2026-04-10,3,学生,0,0
零食店-长沙银杉路店,零食店,2026-04-10,4,家庭主妇,5,0
零食店-长沙银杉路店,零食店,2026-04-10,4,退休老人,0,0
零食店-长沙银杉路店,零食店,2026-04-10,4,中青年,10,0
零食店-长沙银杉路店,零食店,2026-04-10,4,上班族,3,0
零食店-长沙银杉路店,零食店,2026-04-10,4,学生,0,0
零食店-长沙银杉路店,零食店,2026-04-10,5,家庭主妇,3,0
零食店-长沙银杉路店,零食店,2026-04-10,5,退休老人,0,0
零食店-长沙银杉路店,零食店,2026-04-10,5,中青年,6,0
零食店-长沙银杉路店,零食店,2026-04-10,5,上班族,6,0
零食店-长沙银杉路店,零食店,2026-04-10,5,学生,0,0
零食店-长沙银杉路店,零食店,2026-04-10,6,家庭主妇,20,0
零食店-长沙银杉路店,零食店,2026-04-10,6,退休老人,0,0
零食店-长沙银杉路店,零食店,2026-04-10,6,中青年,60,0
零食店-长沙银杉路店,零食店,2026-04-10,6,上班族,23,0
零食店-长沙银杉路店,零食店,2026-04-10,6,学生,0,0
零食店-长沙银杉路店,零食店,2026-04-10,7,家庭主妇,49,0
零食店-长沙银杉路店,零食店,2026-04-10,7,退休老人,8,2
零食店-长沙银杉路店,零食店,2026-04-10,7,中青年,61,2
零食店-长沙银杉路店,零食店,2026-04-10,7,上班族,361,10
零食店-长沙银杉路店,零食店,2026-04-10,7,学生,8,1
零食店-长沙银杉路店,零食店,2026-04-10,8,家庭主妇,185,7
零食店-长沙银杉路店,零食店,2026-04-10,8,退休老人,0,1
零食店-长沙银杉路店,零食店,2026-04-10,8,中青年,161,6
零食店-长沙银杉路店,零食店,2026-04-10,8,上班族,390,9
零食店-长沙银杉路店,零食店,2026-04-10,8,学生,0,3
零食店-长沙银杉路店,零食店,2026-04-10,9,家庭主妇,168,9
零食店-长沙银杉路店,零食店,2026-04-10,9,退休老人,4,2
零食店-长沙银杉路店,零食店,2026-04-10,9,中青年,168,9
零食店-长沙银杉路店,零食店,2026-04-10,9,上班族,92,5
零食店-长沙银杉路店,零食店,2026-04-10,9,学生,19,2
零食店-长沙银杉路店,零食店,2026-04-10,10,家庭主妇,151,11
零食店-长沙银杉路店,零食店,2026-04-10,10,退休老人,6,4
零食店-长沙银杉路店,零食店,2026-04-10,10,中青年,135,8
零食店-长沙银杉路店,零食店,2026-04-10,10,上班族,79,7
零食店-长沙银杉路店,零食店,2026-04-10,10,学生,0,4
零食店-长沙银杉路店,零食店,2026-04-10,11,家庭主妇,77,4
零食店-长沙银杉路店,零食店,2026-04-10,11,退休老人,0,1
零食店-长沙银杉路店,零食店,2026-04-10,11,中青年,89,2
零食店-长沙银杉路店,零食店,2026-04-10,11,上班族,115,4
零食店-长沙银杉路店,零食店,2026-04-10,11,学生,0,0
零食店-长沙银杉路店,零食店,2026-04-10,12,家庭主妇,18,1
零食店-长沙银杉路店,零食店,2026-04-10,12,退休老人,0,2
零食店-长沙银杉路店,零食店,2026-04-10,12,中青年,12,2
零食店-长沙银杉路店,零食店,2026-04-10,12,上班族,200,9
零食店-长沙银杉路店,零食店,2026-04-10,12,学生,0,1
零食店-长沙银杉路店,零食店,2026-04-10,13,家庭主妇,135,6
零食店-长沙银杉路店,零食店,2026-04-10,13,退休老人,0,1
零食店-长沙银杉路店,零食店,2026-04-10,13,中青年,137,6
零食店-长沙银杉路店,零食店,2026-04-10,13,上班族,43,3
零食店-长沙银杉路店,零食店,2026-04-10,13,学生,0,1
零食店-长沙银杉路店,零食店,2026-04-10,14,家庭主妇,165,7
零食店-长沙银杉路店,零食店,2026-04-10,14,退休老人,0,1
零食店-长沙银杉路店,零食店,2026-04-10,14,中青年,126,9
零食店-长沙银杉路店,零食店,2026-04-10,14,上班族,69,6
零食店-长沙银杉路店,零食店,2026-04-10,14,学生,0,4
零食店-长沙银杉路店,零食店,2026-04-10,15,家庭主妇,177,7
零食店-长沙银杉路店,零食店,2026-04-10,15,退休老人,8,4
零食店-长沙银杉路店,零食店,2026-04-10,15,中青年,212,13
零食店-长沙银杉路店,零食店,2026-04-10,15,上班族,99,6
零食店-长沙银杉路店,零食店,2026-04-10,15,学生,5,5
零食店-长沙银杉路店,零食店,2026-04-10,16,家庭主妇,309,19
零食店-长沙银杉路店,零食店,2026-04-10,16,退休老人,5,1
零食店-长沙银杉路店,零食店,2026-04-10,16,中青年,233,14
零食店-长沙银杉路店,零食店,2026-04-10,16,上班族,112,8
零食店-长沙银杉路店,零食店,2026-04-10,16,学生,8,11
零食店-长沙银杉路店,零食店,2026-04-10,17,家庭主妇,229,13
零食店-长沙银杉路店,零食店,2026-04-10,17,退休老人,9,8
零食店-长沙银杉路店,零食店,2026-04-10,17,中青年,190,11
零食店-长沙银杉路店,零食店,2026-04-10,17,上班族,522,30
零食店-长沙银杉路店,零食店,2026-04-10,17,学生,18,16
零食店-长沙银杉路店,零食店,2026-04-10,18,家庭主妇,195,12
零食店-长沙银杉路店,零食店,2026-04-10,18,退休老人,8,3
零食店-长沙银杉路店,零食店,2026-04-10,18,中青年,115,7
零食店-长沙银杉路店,零食店,2026-04-10,18,上班族,1074,48
零食店-长沙银杉路店,零食店,2026-04-10,18,学生,0,16
零食店-长沙银杉路店,零食店,2026-04-10,19,家庭主妇,403,22
零食店-长沙银杉路店,零食店,2026-04-10,19,退休老人,2,4
零食店-长沙银杉路店,零食店,2026-04-10,19,中青年,283,22
零食店-长沙银杉路店,零食店,2026-04-10,19,上班族,176,15
零食店-长沙银杉路店,零食店,2026-04-10,19,学生,0,11
零食店-长沙银杉路店,零食店,2026-04-10,20,家庭主妇,387,22
零食店-长沙银杉路店,零食店,2026-04-10,20,退休老人,5,4
零食店-长沙银杉路店,零食店,2026-04-10,20,中青年,217,26
零食店-长沙银杉路店,零食店,2026-04-10,20,上班族,141,11
零食店-长沙银杉路店,零食店,2026-04-10,20,学生,4,11
零食店-长沙银杉路店,零食店,2026-04-10,21,家庭主妇,95,11
零食店-长沙银杉路店,零食店,2026-04-10,21,退休老人,0,2
零食店-长沙银杉路店,零食店,2026-04-10,21,中青年,89,10
零食店-长沙银杉路店,零食店,2026-04-10,21,上班族,26,4
零食店-长沙银杉路店,零食店,2026-04-10,21,学生,1,9
零食店-长沙银杉路店,零食店,2026-04-10,22,家庭主妇,47,6
零食店-长沙银杉路店,零食店,2026-04-10,22,退休老人,0,0
零食店-长沙银杉路店,零食店,2026-04-10,22,中青年,38,4
零食店-长沙银杉路店,零食店,2026-04-10,22,上班族,30,3
零食店-长沙银杉路店,零食店,2026-04-10,22,学生,0,5
零食店-长沙银杉路店,零食店,2026-04-10,23,家庭主妇,0,0
零食店-长沙银杉路店,零食店,2026-04-10,23,退休老人,0,0
零食店-长沙银杉路店,零食店,2026-04-10,23,中青年,0,0
零食店-长沙银杉路店,零食店,2026-04-10,23,上班族,0,0
零食店-长沙银杉路店,零食店,2026-04-10,23,学生,0,0
零食店-长沙银杉路店,零食店,2026-04-11,0,家庭主妇,15,0
零食店-长沙银杉路店,零食店,2026-04-11,0,退休老人,0,0
零食店-长沙银杉路店,零食店,2026-04-11,0,中青年,21,0
零食店-长沙银杉路店,零食店,2026-04-11,0,上班族,9,0
零食店-长沙银杉路店,零食店,2026-04-11,0,学生,0,0
零食店-长沙银杉路店,零食店,2026-04-11,1,家庭主妇,8,0
零食店-长沙银杉路店,零食店,2026-04-11,1,退休老人,0,0
零食店-长沙银杉路店,零食店,2026-04-11,1,中青年,11,0
零食店-长沙银杉路店,零食店,2026-04-11,1,上班族,8,0
零食店-长沙银杉路店,零食店,2026-04-11,1,学生,1,0
零食店-长沙银杉路店,零食店,2026-04-11,2,家庭主妇,0,0
零食店-长沙银杉路店,零食店,2026-04-11,2,退休老人,0,0
零食店-长沙银杉路店,零食店,2026-04-11,2,中青年,3,0
零食店-长沙银杉路店,零食店,2026-04-11,2,上班族,4,0
零食店-长沙银杉路店,零食店,2026-04-11,2,学生,0,0
零食店-长沙银杉路店,零食店,2026-04-11,3,家庭主妇,7,0
零食店-长沙银杉路店,零食店,2026-04-11,3,退休老人,0,0
零食店-长沙银杉路店,零食店,2026-04-11,3,中青年,5,0
零食店-长沙银杉路店,零食店,2026-04-11,3,上班族,0,0
零食店-长沙银杉路店,零食店,2026-04-11,3,学生,0,0
零食店-长沙银杉路店,零食店,2026-04-11,4,家庭主妇,1,0
零食店-长沙银杉路店,零食店,2026-04-11,4,退休老人,0,0
零食店-长沙银杉路店,零食店,2026-04-11,4,中青年,0,0
零食店-长沙银杉路店,零食店,2026-04-11,4,上班族,2,0
零食店-长沙银杉路店,零食店,2026-04-11,4,学生,0,0
零食店-长沙银杉路店,零食店,2026-04-11,5,家庭主妇,9,0
零食店-长沙银杉路店,零食店,2026-04-11,5,退休老人,0,0
零食店-长沙银杉路店,零食店,2026-04-11,5,中青年,4,0
零食店-长沙银杉路店,零食店,2026-04-11,5,上班族,4,0
零食店-长沙银杉路店,零食店,2026-04-11,5,学生,0,0
零食店-长沙银杉路店,零食店,2026-04-11,6,家庭主妇,12,0
零食店-长沙银杉路店,零食店,2026-04-11,6,退休老人,0,0
零食店-长沙银杉路店,零食店,2026-04-11,6,中青年,31,0
零食店-长沙银杉路店,零食店,2026-04-11,6,上班族,12,0
零食店-长沙银杉路店,零食店,2026-04-11,6,学生,1,0
零食店-长沙银杉路店,零食店,2026-04-11,7,家庭主妇,12,0
零食店-长沙银杉路店,零食店,2026-04-11,7,退休老人,0,0
零食店-长沙银杉路店,零食店,2026-04-11,7,中青年,32,0
零食店-长沙银杉路店,零食店,2026-04-11,7,上班族,200,1
零食店-长沙银杉路店,零食店,2026-04-11,7,学生,0,1
零食店-长沙银杉路店,零食店,2026-04-11,8,家庭主妇,101,8
零食店-长沙银杉路店,零食店,2026-04-11,8,退休老人,0,2
零食店-长沙银杉路店,零食店,2026-04-11,8,中青年,110,7
零食店-长沙银杉路店,零食店,2026-04-11,8,上班族,211,8
零食店-长沙银杉路店,零食店,2026-04-11,8,学生,2,3
零食店-长沙银杉路店,零食店,2026-04-11,9,家庭主妇,152,7
零食店-长沙银杉路店,零食店,2026-04-11,9,退休老人,6,2
零食店-长沙银杉路店,零食店,2026-04-11,9,中青年,195,10
零食店-长沙银杉路店,零食店,2026-04-11,9,上班族,77,8
零食店-长沙银杉路店,零食店,2026-04-11,9,学生,2,5
零食店-长沙银杉路店,零食店,2026-04-11,10,家庭主妇,170,13
零食店-长沙银杉路店,零食店,2026-04-11,10,退休老人,2,3
零食店-长沙银杉路店,零食店,2026-04-11,10,中青年,225,7
零食店-长沙银杉路店,零食店,2026-04-11,10,上班族,92,6
零食店-长沙银杉路店,零食店,2026-04-11,10,学生,28,10
零食店-长沙银杉路店,零食店,2026-04-11,11,家庭主妇,98,8
零食店-长沙银杉路店,零食店,2026-04-11,11,退休老人,2,2
零食店-长沙银杉路店,零食店,2026-04-11,11,中青年,126,5
零食店-长沙银杉路店,零食店,2026-04-11,11,上班族,239,9
零食店-长沙银杉路店,零食店,2026-04-11,11,学生,23,10
零食店-长沙银杉路店,零食店,2026-04-11,12,家庭主妇,63,4
零食店-长沙银杉路店,零食店,2026-04-11,12,退休老人,2,2
零食店-长沙银杉路店,零食店,2026-04-11,12,中青年,61,2
零食店-长沙银杉路店,零食店,2026-04-11,12,上班族,444,26
零食店-长沙银杉路店,零食店,2026-04-11,12,学生,4,6
零食店-长沙银杉路店,零食店,2026-04-11,13,家庭主妇,218,16
零食店-长沙银杉路店,零食店,2026-04-11,13,退休老人,2,3
零食店-长沙银杉路店,零食店,2026-04-11,13,中青年,227,10
零食店-长沙银杉路店,零食店,2026-04-11,13,上班族,87,9
零食店-长沙银杉路店,零食店,2026-04-11,13,学生,7,12
零食店-长沙银杉路店,零食店,2026-04-11,14,家庭主妇,218,21
零食店-长沙银杉路店,零食店,2026-04-11,14,退休老人,0,4
零食店-长沙银杉路店,零食店,2026-04-11,14,中青年,301,11
零食店-长沙银杉路店,零食店,2026-04-11,14,上班族,163,11
零食店-长沙银杉路店,零食店,2026-04-11,14,学生,11,14
零食店-长沙银杉路店,零食店,2026-04-11,15,家庭主妇,137,10
零食店-长沙银杉路店,零食店,2026-04-11,15,退休老人,0,2
零食店-长沙银杉路店,零食店,2026-04-11,15,中青年,144,8
零食店-长沙银杉路店,零食店,2026-04-11,15,上班族,102,7
零食店-长沙银杉路店,零食店,2026-04-11,15,学生,0,7
零食店-长沙银杉路店,零食店,2026-04-11,16,家庭主妇,227,14
零食店-长沙银杉路店,零食店,2026-04-11,16,退休老人,3,4
零食店-长沙银杉路店,零食店,2026-04-11,16,中青年,198,10
零食店-长沙银杉路店,零食店,2026-04-11,16,上班族,104,8
零食店-长沙银杉路店,零食店,2026-04-11,16,学生,17,6
零食店-长沙银杉路店,零食店,2026-04-11,17,家庭主妇,185,13
零食店-长沙银杉路店,零食店,2026-04-11,17,退休老人,7,3
零食店-长沙银杉路店,零食店,2026-04-11,17,中青年,172,9
零食店-长沙银杉路店,零食店,2026-04-11,17,上班族,394,21
零食店-长沙银杉路店,零食店,2026-04-11,17,学生,13,11
零食店-长沙银杉路店,零食店,2026-04-11,18,家庭主妇,125,8
零食店-长沙银杉路店,零食店,2026-04-11,18,退休老人,5,2
零食店-长沙银杉路店,零食店,2026-04-11,18,中青年,88,7
零食店-长沙银杉路店,零食店,2026-04-11,18,上班族,789,45
零食店-长沙银杉路店,零食店,2026-04-11,18,学生,13,11
零食店-长沙银杉路店,零食店,2026-04-11,19,家庭主妇,453,25
零食店-长沙银杉路店,零食店,2026-04-11,19,退休老人,2,3
零食店-长沙银杉路店,零食店,2026-04-11,19,中青年,259,22
零食店-长沙银杉路店,零食店,2026-04-11,19,上班族,190,13
零食店-长沙银杉路店,零食店,2026-04-11,19,学生,1,15
零食店-长沙银杉路店,零食店,2026-04-11,20,家庭主妇,370,20
零食店-长沙银杉路店,零食店,2026-04-11,20,退休老人,5,5
零食店-长沙银杉路店,零食店,2026-04-11,20,中青年,216,19
零食店-长沙银杉路店,零食店,2026-04-11,20,上班族,176,13
零食店-长沙银杉路店,零食店,2026-04-11,20,学生,2,14
零食店-长沙银杉路店,零食店,2026-04-11,21,家庭主妇,274,19
零食店-长沙银杉路店,零食店,2026-04-11,21,退休老人,5,5
零食店-长沙银杉路店,零食店,2026-04-11,21,中青年,186,23
零食店-长沙银杉路店,零食店,2026-04-11,21,上班族,140,16
零食店-长沙银杉路店,零食店,2026-04-11,21,学生,7,13
零食店-长沙银杉路店,零食店,2026-04-11,22,家庭主妇,196,14
零食店-长沙银杉路店,零食店,2026-04-11,22,退休老人,0,2
零食店-长沙银杉路店,零食店,2026-04-11,22,中青年,125,18
零食店-长沙银杉路店,零食店,2026-04-11,22,上班族,68,7
零食店-长沙银杉路店,零食店,2026-04-11,22,学生,1,9
零食店-长沙银杉路店,零食店,2026-04-11,23,家庭主妇,0,0
零食店-长沙银杉路店,零食店,2026-04-11,23,退休老人,0,0
零食店-长沙银杉路店,零食店,2026-04-11,23,中青年,0,0
零食店-长沙银杉路店,零食店,2026-04-11,23,上班族,0,0
零食店-长沙银杉路店,零食店,2026-04-11,23,学生,0,0
零食店-长沙银杉路店,零食店,2026-04-12,0,家庭主妇,20,0
零食店-长沙银杉路店,零食店,2026-04-12,0,退休老人,0,0
零食店-长沙银杉路店,零食店,2026-04-12,0,中青年,29,0
零食店-长沙银杉路店,零食店,2026-04-12,0,上班族,12,0
零食店-长沙银杉路店,零食店,2026-04-12,0,学生,0,0
零食店-长沙银杉路店,零食店,2026-04-12,1,家庭主妇,14,0
零食店-长沙银杉路店,零食店,2026-04-12,1,退休老人,0,0
零食店-长沙银杉路店,零食店,2026-04-12,1,中青年,27,0
零食店-长沙银杉路店,零食店,2026-04-12,1,上班族,5,0
零食店-长沙银杉路店,零食店,2026-04-12,1,学生,0,0
零食店-长沙银杉路店,零食店,2026-04-12,2,家庭主妇,4,0
零食店-长沙银杉路店,零食店,2026-04-12,2,退休老人,0,0
零食店-长沙银杉路店,零食店,2026-04-12,2,中青年,6,0
零食店-长沙银杉路店,零食店,2026-04-12,2,上班族,2,0
零食店-长沙银杉路店,零食店,2026-04-12,2,学生,0,0
零食店-长沙银杉路店,零食店,2026-04-12,3,家庭主妇,7,0
零食店-长沙银杉路店,零食店,2026-04-12,3,退休老人,0,0
零食店-长沙银杉路店,零食店,2026-04-12,3,中青年,3,0
零食店-长沙银杉路店,零食店,2026-04-12,3,上班族,3,0
零食店-长沙银杉路店,零食店,2026-04-12,3,学生,0,0
零食店-长沙银杉路店,零食店,2026-04-12,4,家庭主妇,2,0
零食店-长沙银杉路店,零食店,2026-04-12,4,退休老人,0,0
零食店-长沙银杉路店,零食店,2026-04-12,4,中青年,7,0
零食店-长沙银杉路店,零食店,2026-04-12,4,上班族,2,0
零食店-长沙银杉路店,零食店,2026-04-12,4,学生,0,0
零食店-长沙银杉路店,零食店,2026-04-12,5,家庭主妇,7,0
零食店-长沙银杉路店,零食店,2026-04-12,5,退休老人,0,0
零食店-长沙银杉路店,零食店,2026-04-12,5,中青年,7,0
零食店-长沙银杉路店,零食店,2026-04-12,5,上班族,0,0
零食店-长沙银杉路店,零食店,2026-04-12,5,学生,0,0
零食店-长沙银杉路店,零食店,2026-04-12,6,家庭主妇,4,0
零食店-长沙银杉路店,零食店,2026-04-12,6,退休老人,0,0
零食店-长沙银杉路店,零食店,2026-04-12,6,中青年,28,0
零食店-长沙银杉路店,零食店,2026-04-12,6,上班族,18,0
零食店-长沙银杉路店,零食店,2026-04-12,6,学生,0,0
零食店-长沙银杉路店,零食店,2026-04-12,7,家庭主妇,3,0
零食店-长沙银杉路店,零食店,2026-04-12,7,退休老人,0,0
零食店-长沙银杉路店,零食店,2026-04-12,7,中青年,11,0
零食店-长沙银杉路店,零食店,2026-04-12,7,上班族,96,2
零食店-长沙银杉路店,零食店,2026-04-12,7,学生,0,0
零食店-长沙银杉路店,零食店,2026-04-12,8,家庭主妇,56,5
零食店-长沙银杉路店,零食店,2026-04-12,8,退休老人,3,1
零食店-长沙银杉路店,零食店,2026-04-12,8,中青年,82,3
零食店-长沙银杉路店,零食店,2026-04-12,8,上班族,134,7
零食店-长沙银杉路店,零食店,2026-04-12,8,学生,0,4
零食店-长沙银杉路店,零食店,2026-04-12,9,家庭主妇,104,4
零食店-长沙银杉路店,零食店,2026-04-12,9,退休老人,8,1
零食店-长沙银杉路店,零食店,2026-04-12,9,中青年,173,5
零食店-长沙银杉路店,零食店,2026-04-12,9,上班族,67,6
零食店-长沙银杉路店,零食店,2026-04-12,9,学生,13,6
零食店-长沙银杉路店,零食店,2026-04-12,10,家庭主妇,160,14
零食店-长沙银杉路店,零食店,2026-04-12,10,退休老人,4,0
零食店-长沙银杉路店,零食店,2026-04-12,10,中青年,238,11
零食店-长沙银杉路店,零食店,2026-04-12,10,上班族,78,6
零食店-长沙银杉路店,零食店,2026-04-12,10,学生,25,12
零食店-长沙银杉路店,零食店,2026-04-12,11,家庭主妇,91,3
零食店-长沙银杉路店,零食店,2026-04-12,11,退休老人,2,1
零食店-长沙银杉路店,零食店,2026-04-12,11,中青年,133,5
零食店-长沙银杉路店,零食店,2026-04-12,11,上班族,241,12
零食店-长沙银杉路店,零食店,2026-04-12,11,学生,0,7
零食店-长沙银杉路店,零食店,2026-04-12,12,家庭主妇,52,5
零食店-长沙银杉路店,零食店,2026-04-12,12,退休老人,2,1
零食店-长沙银杉路店,零食店,2026-04-12,12,中青年,74,7
零食店-长沙银杉路店,零食店,2026-04-12,12,上班族,387,21
零食店-长沙银杉路店,零食店,2026-04-12,12,学生,0,15
零食店-长沙银杉路店,零食店,2026-04-12,13,家庭主妇,201,10
零食店-长沙银杉路店,零食店,2026-04-12,13,退休老人,10,2
零食店-长沙银杉路店,零食店,2026-04-12,13,中青年,256,9
零食店-长沙银杉路店,零食店,2026-04-12,13,上班族,156,7
零食店-长沙银杉路店,零食店,2026-04-12,13,学生,15,11
零食店-长沙银杉路店,零食店,2026-04-12,14,家庭主妇,295,29
零食店-长沙银杉路店,零食店,2026-04-12,14,退休老人,4,5
零食店-长沙银杉路店,零食店,2026-04-12,14,中青年,310,25
零食店-长沙银杉路店,零食店,2026-04-12,14,上班族,176,12
零食店-长沙银杉路店,零食店,2026-04-12,14,学生,3,24
零食店-长沙银杉路店,零食店,2026-04-12,15,家庭主妇,318,32
零食店-长沙银杉路店,零食店,2026-04-12,15,退休老人,4,3
零食店-长沙银杉路店,零食店,2026-04-12,15,中青年,329,16
零食店-长沙银杉路店,零食店,2026-04-12,15,上班族,174,11
零食店-长沙银杉路店,零食店,2026-04-12,15,学生,18,17
零食店-长沙银杉路店,零食店,2026-04-12,16,家庭主妇,390,37
零食店-长沙银杉路店,零食店,2026-04-12,16,退休老人,6,4
零食店-长沙银杉路店,零食店,2026-04-12,16,中青年,424,23
零食店-长沙银杉路店,零食店,2026-04-12,16,上班族,204,19
零食店-长沙银杉路店,零食店,2026-04-12,16,学生,29,23
零食店-长沙银杉路店,零食店,2026-04-12,17,家庭主妇,233,17
零食店-长沙银杉路店,零食店,2026-04-12,17,退休老人,6,4
零食店-长沙银杉路店,零食店,2026-04-12,17,中青年,203,8
零食店-长沙银杉路店,零食店,2026-04-12,17,上班族,402,21
零食店-长沙银杉路店,零食店,2026-04-12,17,学生,17,17
零食店-长沙银杉路店,零食店,2026-04-12,18,家庭主妇,88,5
零食店-长沙银杉路店,零食店,2026-04-12,18,退休老人,5,4
零食店-长沙银杉路店,零食店,2026-04-12,18,中青年,66,7
零食店-长沙银杉路店,零食店,2026-04-12,18,上班族,644,26
零食店-长沙银杉路店,零食店,2026-04-12,18,学生,32,17
零食店-长沙银杉路店,零食店,2026-04-12,19,家庭主妇,405,27
零食店-长沙银杉路店,零食店,2026-04-12,19,退休老人,5,5
零食店-长沙银杉路店,零食店,2026-04-12,19,中青年,207,20
零食店-长沙银杉路店,零食店,2026-04-12,19,上班族,161,9
零食店-长沙银杉路店,零食店,2026-04-12,19,学生,1,18
零食店-长沙银杉路店,零食店,2026-04-12,20,家庭主妇,364,30
零食店-长沙银杉路店,零食店,2026-04-12,20,退休老人,11,4
零食店-长沙银杉路店,零食店,2026-04-12,20,中青年,209,21
零食店-长沙银杉路店,零食店,2026-04-12,20,上班族,156,13
零食店-长沙银杉路店,零食店,2026-04-12,20,学生,1,15
零食店-长沙银杉路店,零食店,2026-04-12,21,家庭主妇,190,13
零食店-长沙银杉路店,零食店,2026-04-12,21,退休老人,0,3
零食店-长沙银杉路店,零食店,2026-04-12,21,中青年,127,20
零食店-长沙银杉路店,零食店,2026-04-12,21,上班族,93,11
零食店-长沙银杉路店,零食店,2026-04-12,21,学生,0,8
零食店-长沙银杉路店,零食店,2026-04-12,22,家庭主妇,130,14
零食店-长沙银杉路店,零食店,2026-04-12,22,退休老人,0,1
零食店-长沙银杉路店,零食店,2026-04-12,22,中青年,115,15
零食店-长沙银杉路店,零食店,2026-04-12,22,上班族,56,11
零食店-长沙银杉路店,零食店,2026-04-12,22,学生,0,4
零食店-长沙银杉路店,零食店,2026-04-12,23,家庭主妇,0,0
零食店-长沙银杉路店,零食店,2026-04-12,23,退休老人,0,0
零食店-长沙银杉路店,零食店,2026-04-12,23,中青年,0,0
零食店-长沙银杉路店,零食店,2026-04-12,23,上班族,0,0
零食店-长沙银杉路店,零食店,2026-04-12,23,学生,0,0
零食店-长沙银杉路店,零食店,2026-04-13,0,家庭主妇,21,0
零食店-长沙银杉路店,零食店,2026-04-13,0,退休老人,0,0
零食店-长沙银杉路店,零食店,2026-04-13,0,中青年,32,0
零食店-长沙银杉路店,零食店,2026-04-13,0,上班族,12,0
零食店-长沙银杉路店,零食店,2026-04-13,0,学生,1,0
零食店-长沙银杉路店,零食店,2026-04-13,1,家庭主妇,9,0
零食店-长沙银杉路店,零食店,2026-04-13,1,退休老人,0,0
零食店-长沙银杉路店,零食店,2026-04-13,1,中青年,9,0
零食店-长沙银杉路店,零食店,2026-04-13,1,上班族,8,0
零食店-长沙银杉路店,零食店,2026-04-13,1,学生,0,0
零食店-长沙银杉路店,零食店,2026-04-13,2,家庭主妇,3,0
零食店-长沙银杉路店,零食店,2026-04-13,2,退休老人,0,0
零食店-长沙银杉路店,零食店,2026-04-13,2,中青年,8,0
零食店-长沙银杉路店,零食店,2026-04-13,2,上班族,11,0
零食店-长沙银杉路店,零食店,2026-04-13,2,学生,0,0
零食店-长沙银杉路店,零食店,2026-04-13,3,家庭主妇,2,0
零食店-长沙银杉路店,零食店,2026-04-13,3,退休老人,0,0
零食店-长沙银杉路店,零食店,2026-04-13,3,中青年,3,0
零食店-长沙银杉路店,零食店,2026-04-13,3,上班族,2,0
零食店-长沙银杉路店,零食店,2026-04-13,3,学生,0,0
零食店-长沙银杉路店,零食店,2026-04-13,4,家庭主妇,5,0
零食店-长沙银杉路店,零食店,2026-04-13,4,退休老人,0,0
零食店-长沙银杉路店,零食店,2026-04-13,4,中青年,7,0
零食店-长沙银杉路店,零食店,2026-04-13,4,上班族,0,0
零食店-长沙银杉路店,零食店,2026-04-13,4,学生,0,0
零食店-长沙银杉路店,零食店,2026-04-13,5,家庭主妇,2,0
零食店-长沙银杉路店,零食店,2026-04-13,5,退休老人,0,0
零食店-长沙银杉路店,零食店,2026-04-13,5,中青年,10,0
零食店-长沙银杉路店,零食店,2026-04-13,5,上班族,4,0
零食店-长沙银杉路店,零食店,2026-04-13,5,学生,0,0
零食店-长沙银杉路店,零食店,2026-04-13,6,家庭主妇,36,0
零食店-长沙银杉路店,零食店,2026-04-13,6,退休老人,0,0
零食店-长沙银杉路店,零食店,2026-04-13,6,中青年,65,0
零食店-长沙银杉路店,零食店,2026-04-13,6,上班族,16,0
零食店-长沙银杉路店,零食店,2026-04-13,6,学生,0,0
零食店-长沙银杉路店,零食店,2026-04-13,7,家庭主妇,43,2
零食店-长沙银杉路店,零食店,2026-04-13,7,退休老人,0,2
零食店-长沙银杉路店,零食店,2026-04-13,7,中青年,44,1
零食店-长沙银杉路店,零食店,2026-04-13,7,上班族,438,4
零食店-长沙银杉路店,零食店,2026-04-13,7,学生,0,0
零食店-长沙银杉路店,零食店,2026-04-13,8,家庭主妇,152,3
零食店-长沙银杉路店,零食店,2026-04-13,8,退休老人,0,1
零食店-长沙银杉路店,零食店,2026-04-13,8,中青年,167,2
零食店-长沙银杉路店,零食店,2026-04-13,8,上班族,313,11
零食店-长沙银杉路店,零食店,2026-04-13,8,学生,0,3
零食店-长沙银杉路店,零食店,2026-04-13,9,家庭主妇,66,5
零食店-长沙银杉路店,零食店,2026-04-13,9,退休老人,0,1
零食店-长沙银杉路店,零食店,2026-04-13,9,中青年,93,4
零食店-长沙银杉路店,零食店,2026-04-13,9,上班族,38,3
零食店-长沙银杉路店,零食店,2026-04-13,9,学生,0,3
零食店-长沙银杉路店,零食店,2026-04-13,10,家庭主妇,123,4
零食店-长沙银杉路店,零食店,2026-04-13,10,退休老人,0,2
零食店-长沙银杉路店,零食店,2026-04-13,10,中青年,103,8
零食店-长沙银杉路店,零食店,2026-04-13,10,上班族,41,2
零食店-长沙银杉路店,零食店,2026-04-13,10,学生,0,2
零食店-长沙银杉路店,零食店,2026-04-13,11,家庭主妇,92,4
零食店-长沙银杉路店,零食店,2026-04-13,11,退休老人,1,0
零食店-长沙银杉路店,零食店,2026-04-13,11,中青年,81,6
零食店-长沙银杉路店,零食店,2026-04-13,11,上班族,197,9
零食店-长沙银杉路店,零食店,2026-04-13,11,学生,0,2
零食店-长沙银杉路店,零食店,2026-04-13,12,家庭主妇,41,2
零食店-长沙银杉路店,零食店,2026-04-13,12,退休老人,0,0
零食店-长沙银杉路店,零食店,2026-04-13,12,中青年,48,3
零食店-长沙银杉路店,零食店,2026-04-13,12,上班族,322,14
零食店-长沙银杉路店,零食店,2026-04-13,12,学生,0,2
零食店-长沙银杉路店,零食店,2026-04-13,13,家庭主妇,94,5
零食店-长沙银杉路店,零食店,2026-04-13,13,退休老人,0,0
零食店-长沙银杉路店,零食店,2026-04-13,13,中青年,88,4
零食店-长沙银杉路店,零食店,2026-04-13,13,上班族,60,3
零食店-长沙银杉路店,零食店,2026-04-13,13,学生,0,2
零食店-长沙银杉路店,零食店,2026-04-13,14,家庭主妇,108,0
零食店-长沙银杉路店,零食店,2026-04-13,14,退休老人,0,0
零食店-长沙银杉路店,零食店,2026-04-13,14,中青年,100,0
零食店-长沙银杉路店,零食店,2026-04-13,14,上班族,64,0
零食店-长沙银杉路店,零食店,2026-04-13,14,学生,0,0
零食店-长沙银杉路店,零食店,2026-04-13,15,家庭主妇,142,5
零食店-长沙银杉路店,零食店,2026-04-13,15,退休老人,2,1
零食店-长沙银杉路店,零食店,2026-04-13,15,中青年,139,3
零食店-长沙银杉路店,零食店,2026-04-13,15,上班族,61,2
零食店-长沙银杉路店,零食店,2026-04-13,15,学生,0,1
零食店-长沙银杉路店,零食店,2026-04-13,16,家庭主妇,137,14
零食店-长沙银杉路店,零食店,2026-04-13,16,退休老人,0,1
零食店-长沙银杉路店,零食店,2026-04-13,16,中青年,156,4
零食店-长沙银杉路店,零食店,2026-04-13,16,上班族,64,5
零食店-长沙银杉路店,零食店,2026-04-13,16,学生,0,7
零食店-长沙银杉路店,零食店,2026-04-13,17,家庭主妇,119,6
零食店-长沙银杉路店,零食店,2026-04-13,17,退休老人,6,0
零食店-长沙银杉路店,零食店,2026-04-13,17,中青年,76,4
零食店-长沙银杉路店,零食店,2026-04-13,17,上班族,296,10
零食店-长沙银杉路店,零食店,2026-04-13,17,学生,0,6
零食店-长沙银杉路店,零食店,2026-04-13,18,家庭主妇,147,9
零食店-长沙银杉路店,零食店,2026-04-13,18,退休老人,6,5
零食店-长沙银杉路店,零食店,2026-04-13,18,中青年,92,8
零食店-长沙银杉路店,零食店,2026-04-13,18,上班族,779,44
零食店-长沙银杉路店,零食店,2026-04-13,18,学生,0,17
零食店-长沙银杉路店,零食店,2026-04-13,19,家庭主妇,394,24
零食店-长沙银杉路店,零食店,2026-04-13,19,退休老人,3,4
零食店-长沙银杉路店,零食店,2026-04-13,19,中青年,288,14
零食店-长沙银杉路店,零食店,2026-04-13,19,上班族,195,15
零食店-长沙银杉路店,零食店,2026-04-13,19,学生,0,12
零食店-长沙银杉路店,零食店,2026-04-13,20,家庭主妇,307,24
零食店-长沙银杉路店,零食店,2026-04-13,20,退休老人,3,3
零食店-长沙银杉路店,零食店,2026-04-13,20,中青年,207,16
零食店-长沙银杉路店,零食店,2026-04-13,20,上班族,112,10
零食店-长沙银杉路店,零食店,2026-04-13,20,学生,0,10
零食店-长沙银杉路店,零食店,2026-04-13,21,家庭主妇,182,13
零食店-长沙银杉路店,零食店,2026-04-13,21,退休老人,0,2
零食店-长沙银杉路店,零食店,2026-04-13,21,中青年,148,13
零食店-长沙银杉路店,零食店,2026-04-13,21,上班族,76,6
零食店-长沙银杉路店,零食店,2026-04-13,21,学生,0,4
零食店-长沙银杉路店,零食店,2026-04-13,22,家庭主妇,88,4
零食店-长沙银杉路店,零食店,2026-04-13,22,退休老人,0,0
零食店-长沙银杉路店,零食店,2026-04-13,22,中青年,82,9
零食店-长沙银杉路店,零食店,2026-04-13,22,上班族,44,3
零食店-长沙银杉路店,零食店,2026-04-13,22,学生,0,3
零食店-长沙银杉路店,零食店,2026-04-13,23,家庭主妇,0,0
零食店-长沙银杉路店,零食店,2026-04-13,23,退休老人,0,0
零食店-长沙银杉路店,零食店,2026-04-13,23,中青年,0,0
零食店-长沙银杉路店,零食店,2026-04-13,23,上班族,0,0
零食店-长沙银杉路店,零食店,2026-04-13,23,学生,0,0
零食店-长沙银杉路店,零食店,2026-04-14,0,家庭主妇,10,0
零食店-长沙银杉路店,零食店,2026-04-14,0,退休老人,0,0
零食店-长沙银杉路店,零食店,2026-04-14,0,中青年,19,0
零食店-长沙银杉路店,零食店,2026-04-14,0,上班族,5,0
零食店-长沙银杉路店,零食店,2026-04-14,0,学生,0,0
零食店-长沙银杉路店,零食店,2026-04-14,1,家庭主妇,2,0
零食店-长沙银杉路店,零食店,2026-04-14,1,退休老人,0,0
零食店-长沙银杉路店,零食店,2026-04-14,1,中青年,12,0
零食店-长沙银杉路店,零食店,2026-04-14,1,上班族,5,0
零食店-长沙银杉路店,零食店,2026-04-14,1,学生,0,0
零食店-长沙银杉路店,零食店,2026-04-14,2,家庭主妇,2,0
零食店-长沙银杉路店,零食店,2026-04-14,2,退休老人,0,0
零食店-长沙银杉路店,零食店,2026-04-14,2,中青年,7,0
零食店-长沙银杉路店,零食店,2026-04-14,2,上班族,2,0
零食店-长沙银杉路店,零食店,2026-04-14,2,学生,0,0
零食店-长沙银杉路店,零食店,2026-04-14,3,家庭主妇,4,0
零食店-长沙银杉路店,零食店,2026-04-14,3,退休老人,0,0
零食店-长沙银杉路店,零食店,2026-04-14,3,中青年,0,0
零食店-长沙银杉路店,零食店,2026-04-14,3,上班族,0,0
零食店-长沙银杉路店,零食店,2026-04-14,3,学生,0,0
零食店-长沙银杉路店,零食店,2026-04-14,4,家庭主妇,2,0
零食店-长沙银杉路店,零食店,2026-04-14,4,退休老人,0,0
零食店-长沙银杉路店,零食店,2026-04-14,4,中青年,5,0
零食店-长沙银杉路店,零食店,2026-04-14,4,上班族,0,0
零食店-长沙银杉路店,零食店,2026-04-14,4,学生,0,0
零食店-长沙银杉路店,零食店,2026-04-14,5,家庭主妇,8,0
零食店-长沙银杉路店,零食店,2026-04-14,5,退休老人,0,0
零食店-长沙银杉路店,零食店,2026-04-14,5,中青年,4,0
零食店-长沙银杉路店,零食店,2026-04-14,5,上班族,6,0
零食店-长沙银杉路店,零食店,2026-04-14,5,学生,0,0
零食店-长沙银杉路店,零食店,2026-04-14,6,家庭主妇,13,0
零食店-长沙银杉路店,零食店,2026-04-14,6,退休老人,0,0
零食店-长沙银杉路店,零食店,2026-04-14,6,中青年,50,0
零食店-长沙银杉路店,零食店,2026-04-14,6,上班族,10,0
零食店-长沙银杉路店,零食店,2026-04-14,6,学生,0,0
零食店-长沙银杉路店,零食店,2026-04-14,7,家庭主妇,25,0
零食店-长沙银杉路店,零食店,2026-04-14,7,退休老人,0,0
零食店-长沙银杉路店,零食店,2026-04-14,7,中青年,45,0
零食店-长沙银杉路店,零食店,2026-04-14,7,上班族,384,3
零食店-长沙银杉路店,零食店,2026-04-14,7,学生,0,1
零食店-长沙银杉路店,零食店,2026-04-14,8,家庭主妇,147,8
零食店-长沙银杉路店,零食店,2026-04-14,8,退休老人,2,2
零食店-长沙银杉路店,零食店,2026-04-14,8,中青年,147,5
零食店-长沙银杉路店,零食店,2026-04-14,8,上班族,375,7
零食店-长沙银杉路店,零食店,2026-04-14,8,学生,0,1
零食店-长沙银杉路店,零食店,2026-04-14,9,家庭主妇,65,1
零食店-长沙银杉路店,零食店,2026-04-14,9,退休老人,0,1
零食店-长沙银杉路店,零食店,2026-04-14,9,中青年,73,1
零食店-长沙银杉路店,零食店,2026-04-14,9,上班族,43,1
零食店-长沙银杉路店,零食店,2026-04-14,9,学生,0,0
零食店-长沙银杉路店,零食店,2026-04-14,10,家庭主妇,64,2
零食店-长沙银杉路店,零食店,2026-04-14,10,退休老人,1,0
零食店-长沙银杉路店,零食店,2026-04-14,10,中青年,90,3
零食店-长沙银杉路店,零食店,2026-04-14,10,上班族,34,2
零食店-长沙银杉路店,零食店,2026-04-14,10,学生,0,0
零食店-长沙银杉路店,零食店,2026-04-14,11,家庭主妇,43,3
零食店-长沙银杉路店,零食店,2026-04-14,11,退休老人,0,0
零食店-长沙银杉路店,零食店,2026-04-14,11,中青年,48,2
零食店-长沙银杉路店,零食店,2026-04-14,11,上班族,97,5
零食店-长沙银杉路店,零食店,2026-04-14,11,学生,0,1
零食店-长沙银杉路店,零食店,2026-04-14,12,家庭主妇,45,2
零食店-长沙银杉路店,零食店,2026-04-14,12,退休老人,1,2
零食店-长沙银杉路店,零食店,2026-04-14,12,中青年,33,3
零食店-长沙银杉路店,零食店,2026-04-14,12,上班族,300,25
零食店-长沙银杉路店,零食店,2026-04-14,12,学生,0,3
零食店-长沙银杉路店,零食店,2026-04-14,13,家庭主妇,72,5
零食店-长沙银杉路店,零食店,2026-04-14,13,退休老人,0,0
零食店-长沙银杉路店,零食店,2026-04-14,13,中青年,62,1
零食店-长沙银杉路店,零食店,2026-04-14,13,上班族,37,2
零食店-长沙银杉路店,零食店,2026-04-14,13,学生,0,0
零食店-长沙银杉路店,零食店,2026-04-14,14,家庭主妇,113,7
零食店-长沙银杉路店,零食店,2026-04-14,14,退休老人,0,1
零食店-长沙银杉路店,零食店,2026-04-14,14,中青年,102,6
零食店-长沙银杉路店,零食店,2026-04-14,14,上班族,56,4
零食店-长沙银杉路店,零食店,2026-04-14,14,学生,0,1
零食店-长沙银杉路店,零食店,2026-04-14,15,家庭主妇,126,18
零食店-长沙银杉路店,零食店,2026-04-14,15,退休老人,7,3
零食店-长沙银杉路店,零食店,2026-04-14,15,中青年,164,5
零食店-长沙银杉路店,零食店,2026-04-14,15,上班族,99,5
零食店-长沙银杉路店,零食店,2026-04-14,15,学生,5,6
零食店-长沙银杉路店,零食店,2026-04-14,16,家庭主妇,193,10
零食店-长沙银杉路店,零食店,2026-04-14,16,退休老人,2,1
零食店-长沙银杉路店,零食店,2026-04-14,16,中青年,156,7
零食店-长沙银杉路店,零食店,2026-04-14,16,上班族,90,5
零食店-长沙银杉路店,零食店,2026-04-14,16,学生,16,7
零食店-长沙银杉路店,零食店,2026-04-14,17,家庭主妇,174,7
零食店-长沙银杉路店,零食店,2026-04-14,17,退休老人,0,3
零食店-长沙银杉路店,零食店,2026-04-14,17,中青年,132,8
零食店-长沙银杉路店,零食店,2026-04-14,17,上班族,348,20
零食店-长沙银杉路店,零食店,2026-04-14,17,学生,0,8
零食店-长沙银杉路店,零食店,2026-04-14,18,家庭主妇,129,6
零食店-长沙银杉路店,零食店,2026-04-14,18,退休老人,2,3
零食店-长沙银杉路店,零食店,2026-04-14,18,中青年,81,6
零食店-长沙银杉路店,零食店,2026-04-14,18,上班族,758,39
零食店-长沙银杉路店,零食店,2026-04-14,18,学生,0,10
零食店-长沙银杉路店,零食店,2026-04-14,19,家庭主妇,336,28
零食店-长沙银杉路店,零食店,2026-04-14,19,退休老人,0,1
零食店-长沙银杉路店,零食店,2026-04-14,19,中青年,242,23
零食店-长沙银杉路店,零食店,2026-04-14,19,上班族,163,12
零食店-长沙银杉路店,零食店,2026-04-14,19,学生,0,16
零食店-长沙银杉路店,零食店,2026-04-14,20,家庭主妇,265,26
零食店-长沙银杉路店,零食店,2026-04-14,20,退休老人,3,3
零食店-长沙银杉路店,零食店,2026-04-14,20,中青年,192,22
零食店-长沙银杉路店,零食店,2026-04-14,20,上班族,135,12
零食店-长沙银杉路店,零食店,2026-04-14,20,学生,8,14
零食店-长沙银杉路店,零食店,2026-04-14,21,家庭主妇,175,19
零食店-长沙银杉路店,零食店,2026-04-14,21,退休老人,0,2
零食店-长沙银杉路店,零食店,2026-04-14,21,中青年,136,13
零食店-长沙银杉路店,零食店,2026-04-14,21,上班族,77,10
零食店-长沙银杉路店,零食店,2026-04-14,21,学生,0,2
零食店-长沙银杉路店,零食店,2026-04-14,22,家庭主妇,93,8
零食店-长沙银杉路店,零食店,2026-04-14,22,退休老人,0,1
零食店-长沙银杉路店,零食店,2026-04-14,22,中青年,66,9
零食店-长沙银杉路店,零食店,2026-04-14,22,上班族,43,5
零食店-长沙银杉路店,零食店,2026-04-14,22,学生,0,1
零食店-长沙银杉路店,零食店,2026-04-14,23,家庭主妇,0,0
零食店-长沙银杉路店,零食店,2026-04-14,23,退休老人,0,0
零食店-长沙银杉路店,零食店,2026-04-14,23,中青年,0,0
零食店-长沙银杉路店,零食店,2026-04-14,23,上班族,0,0
零食店-长沙银杉路店,零食店,2026-04-14,23,学生,0,0
零食店-长沙银杉路店,零食店,2026-04-15,0,家庭主妇,11,0
零食店-长沙银杉路店,零食店,2026-04-15,0,退休老人,0,0
零食店-长沙银杉路店,零食店,2026-04-15,0,中青年,31,0
零食店-长沙银杉路店,零食店,2026-04-15,0,上班族,5,0
零食店-长沙银杉路店,零食店,2026-04-15,0,学生,0,0
零食店-长沙银杉路店,零食店,2026-04-15,1,家庭主妇,13,0
零食店-长沙银杉路店,零食店,2026-04-15,1,退休老人,0,0
零食店-长沙银杉路店,零食店,2026-04-15,1,中青年,15,0
零食店-长沙银杉路店,零食店,2026-04-15,1,上班族,4,0
零食店-长沙银杉路店,零食店,2026-04-15,1,学生,0,0
零食店-长沙银杉路店,零食店,2026-04-15,2,家庭主妇,6,0
零食店-长沙银杉路店,零食店,2026-04-15,2,退休老人,0,0
零食店-长沙银杉路店,零食店,2026-04-15,2,中青年,18,0
零食店-长沙银杉路店,零食店,2026-04-15,2,上班族,5,0
零食店-长沙银杉路店,零食店,2026-04-15,2,学生,0,0
零食店-长沙银杉路店,零食店,2026-04-15,3,家庭主妇,0,0
零食店-长沙银杉路店,零食店,2026-04-15,3,退休老人,0,0
零食店-长沙银杉路店,零食店,2026-04-15,3,中青年,9,0
零食店-长沙银杉路店,零食店,2026-04-15,3,上班族,2,0
零食店-长沙银杉路店,零食店,2026-04-15,3,学生,0,0
零食店-长沙银杉路店,零食店,2026-04-15,4,家庭主妇,2,0
零食店-长沙银杉路店,零食店,2026-04-15,4,退休老人,0,0
零食店-长沙银杉路店,零食店,2026-04-15,4,中青年,6,0
零食店-长沙银杉路店,零食店,2026-04-15,4,上班族,3,0
零食店-长沙银杉路店,零食店,2026-04-15,4,学生,0,0
零食店-长沙银杉路店,零食店,2026-04-15,5,家庭主妇,3,0
零食店-长沙银杉路店,零食店,2026-04-15,5,退休老人,0,0
零食店-长沙银杉路店,零食店,2026-04-15,5,中青年,10,0
零食店-长沙银杉路店,零食店,2026-04-15,5,上班族,3,0
零食店-长沙银杉路店,零食店,2026-04-15,5,学生,0,0
零食店-长沙银杉路店,零食店,2026-04-15,6,家庭主妇,26,0
零食店-长沙银杉路店,零食店,2026-04-15,6,退休老人,0,0
零食店-长沙银杉路店,零食店,2026-04-15,6,中青年,42,0
零食店-长沙银杉路店,零食店,2026-04-15,6,上班族,17,0
零食店-长沙银杉路店,零食店,2026-04-15,6,学生,0,0
零食店-长沙银杉路店,零食店,2026-04-15,7,家庭主妇,15,1
零食店-长沙银杉路店,零食店,2026-04-15,7,退休老人,0,1
零食店-长沙银杉路店,零食店,2026-04-15,7,中青年,34,1
零食店-长沙银杉路店,零食店,2026-04-15,7,上班族,266,2
零食店-长沙银杉路店,零食店,2026-04-15,7,学生,0,0
零食店-长沙银杉路店,零食店,2026-04-15,8,家庭主妇,103,5
零食店-长沙银杉路店,零食店,2026-04-15,8,退休老人,0,2
零食店-长沙银杉路店,零食店,2026-04-15,8,中青年,103,9
零食店-长沙银杉路店,零食店,2026-04-15,8,上班族,233,9
零食店-长沙银杉路店,零食店,2026-04-15,8,学生,0,2
零食店-长沙银杉路店,零食店,2026-04-15,9,家庭主妇,70,3
零食店-长沙银杉路店,零食店,2026-04-15,9,退休老人,0,1
零食店-长沙银杉路店,零食店,2026-04-15,9,中青年,77,5
零食店-长沙银杉路店,零食店,2026-04-15,9,上班族,31,1
零食店-长沙银杉路店,零食店,2026-04-15,9,学生,0,1
零食店-长沙银杉路店,零食店,2026-04-15,10,家庭主妇,67,10
零食店-长沙银杉路店,零食店,2026-04-15,10,退休老人,2,1
零食店-长沙银杉路店,零食店,2026-04-15,10,中青年,104,7
零食店-长沙银杉路店,零食店,2026-04-15,10,上班族,29,3
零食店-长沙银杉路店,零食店,2026-04-15,10,学生,2,3
零食店-长沙银杉路店,零食店,2026-04-15,11,家庭主妇,76,2
零食店-长沙银杉路店,零食店,2026-04-15,11,退休老人,0,1
零食店-长沙银杉路店,零食店,2026-04-15,11,中青年,73,2
零食店-长沙银杉路店,零食店,2026-04-15,11,上班族,132,5
零食店-长沙银杉路店,零食店,2026-04-15,11,学生,0,1
零食店-长沙银杉路店,零食店,2026-04-15,12,家庭主妇,21,5
零食店-长沙银杉路店,零食店,2026-04-15,12,退休老人,0,1
零食店-长沙银杉路店,零食店,2026-04-15,12,中青年,33,2
零食店-长沙银杉路店,零食店,2026-04-15,12,上班族,187,15
零食店-长沙银杉路店,零食店,2026-04-15,12,学生,0,1
零食店-长沙银杉路店,零食店,2026-04-15,13,家庭主妇,115,0
零食店-长沙银杉路店,零食店,2026-04-15,13,退休老人,1,0
零食店-长沙银杉路店,零食店,2026-04-15,13,中青年,107,0
零食店-长沙银杉路店,零食店,2026-04-15,13,上班族,65,0
零食店-长沙银杉路店,零食店,2026-04-15,13,学生,0,1
零食店-长沙银杉路店,零食店,2026-04-15,14,家庭主妇,128,3
零食店-长沙银杉路店,零食店,2026-04-15,14,退休老人,0,0
零食店-长沙银杉路店,零食店,2026-04-15,14,中青年,139,1
零食店-长沙银杉路店,零食店,2026-04-15,14,上班族,76,1
零食店-长沙银杉路店,零食店,2026-04-15,14,学生,0,1
零食店-长沙银杉路店,零食店,2026-04-15,15,家庭主妇,137,1
零食店-长沙银杉路店,零食店,2026-04-15,15,退休老人,4,0
零食店-长沙银杉路店,零食店,2026-04-15,15,中青年,158,0
零食店-长沙银杉路店,零食店,2026-04-15,15,上班族,78,0
零食店-长沙银杉路店,零食店,2026-04-15,15,学生,0,0
零食店-长沙银杉路店,零食店,2026-04-15,16,家庭主妇,169,11
零食店-长沙银杉路店,零食店,2026-04-15,16,退休老人,5,2
零食店-长沙银杉路店,零食店,2026-04-15,16,中青年,185,11
零食店-长沙银杉路店,零食店,2026-04-15,16,上班族,117,7
零食店-长沙银杉路店,零食店,2026-04-15,16,学生,6,7
零食店-长沙银杉路店,零食店,2026-04-15,17,家庭主妇,143,6
零食店-长沙银杉路店,零食店,2026-04-15,17,退休老人,7,3
零食店-长沙银杉路店,零食店,2026-04-15,17,中青年,92,9
零食店-长沙银杉路店,零食店,2026-04-15,17,上班族,174,15
零食店-长沙银杉路店,零食店,2026-04-15,17,学生,0,3
零食店-长沙银杉路店,零食店,2026-04-15,18,家庭主妇,109,12
零食店-长沙银杉路店,零食店,2026-04-15,18,退休老人,0,2
零食店-长沙银杉路店,零食店,2026-04-15,18,中青年,43,6
零食店-长沙银杉路店,零食店,2026-04-15,18,上班族,643,46
零食店-长沙银杉路店,零食店,2026-04-15,18,学生,0,10
零食店-长沙银杉路店,零食店,2026-04-15,19,家庭主妇,392,21
零食店-长沙银杉路店,零食店,2026-04-15,19,退休老人,6,3
零食店-长沙银杉路店,零食店,2026-04-15,19,中青年,248,17
零食店-长沙银杉路店,零食店,2026-04-15,19,上班族,171,11
零食店-长沙银杉路店,零食店,2026-04-15,19,学生,4,9
零食店-长沙银杉路店,零食店,2026-04-15,20,家庭主妇,218,19
零食店-长沙银杉路店,零食店,2026-04-15,20,退休老人,2,4
零食店-长沙银杉路店,零食店,2026-04-15,20,中青年,142,15
零食店-长沙银杉路店,零食店,2026-04-15,20,上班族,92,14
零食店-长沙银杉路店,零食店,2026-04-15,20,学生,4,16
零食店-长沙银杉路店,零食店,2026-04-15,21,家庭主妇,148,14
零食店-长沙银杉路店,零食店,2026-04-15,21,退休老人,1,2
零食店-长沙银杉路店,零食店,2026-04-15,21,中青年,116,17
零食店-长沙银杉路店,零食店,2026-04-15,21,上班族,68,7
零食店-长沙银杉路店,零食店,2026-04-15,21,学生,3,7
零食店-长沙银杉路店,零食店,2026-04-15,22,家庭主妇,80,8
零食店-长沙银杉路店,零食店,2026-04-15,22,退休老人,0,2
零食店-长沙银杉路店,零食店,2026-04-15,22,中青年,78,11
零食店-长沙银杉路店,零食店,2026-04-15,22,上班族,58,7
零食店-长沙银杉路店,零食店,2026-04-15,22,学生,0,4
零食店-长沙银杉路店,零食店,2026-04-15,23,家庭主妇,0,0
零食店-长沙银杉路店,零食店,2026-04-15,23,退休老人,0,0
零食店-长沙银杉路店,零食店,2026-04-15,23,中青年,0,0
零食店-长沙银杉路店,零食店,2026-04-15,23,上班族,0,0
零食店-长沙银杉路店,零食店,2026-04-15,23,学生,0,0
零食店-长沙银杉路店,零食店,2026-04-16,0,家庭主妇,14,0
零食店-长沙银杉路店,零食店,2026-04-16,0,退休老人,0,0
零食店-长沙银杉路店,零食店,2026-04-16,0,中青年,23,0
零食店-长沙银杉路店,零食店,2026-04-16,0,上班族,6,0
零食店-长沙银杉路店,零食店,2026-04-16,0,学生,0,0
零食店-长沙银杉路店,零食店,2026-04-16,1,家庭主妇,16,0
零食店-长沙银杉路店,零食店,2026-04-16,1,退休老人,0,0
零食店-长沙银杉路店,零食店,2026-04-16,1,中青年,18,0
零食店-长沙银杉路店,零食店,2026-04-16,1,上班族,2,0
零食店-长沙银杉路店,零食店,2026-04-16,1,学生,0,0
零食店-长沙银杉路店,零食店,2026-04-16,2,家庭主妇,2,0
零食店-长沙银杉路店,零食店,2026-04-16,2,退休老人,0,0
零食店-长沙银杉路店,零食店,2026-04-16,2,中青年,5,0
零食店-长沙银杉路店,零食店,2026-04-16,2,上班族,9,0
零食店-长沙银杉路店,零食店,2026-04-16,2,学生,0,0
零食店-长沙银杉路店,零食店,2026-04-16,3,家庭主妇,5,0
零食店-长沙银杉路店,零食店,2026-04-16,3,退休老人,0,0
零食店-长沙银杉路店,零食店,2026-04-16,3,中青年,0,0
零食店-长沙银杉路店,零食店,2026-04-16,3,上班族,0,0
零食店-长沙银杉路店,零食店,2026-04-16,3,学生,0,0
零食店-长沙银杉路店,零食店,2026-04-16,4,家庭主妇,4,0
零食店-长沙银杉路店,零食店,2026-04-16,4,退休老人,0,0
零食店-长沙银杉路店,零食店,2026-04-16,4,中青年,5,0
零食店-长沙银杉路店,零食店,2026-04-16,4,上班族,2,0
零食店-长沙银杉路店,零食店,2026-04-16,4,学生,0,0
零食店-长沙银杉路店,零食店,2026-04-16,5,家庭主妇,0,0
零食店-长沙银杉路店,零食店,2026-04-16,5,退休老人,0,0
零食店-长沙银杉路店,零食店,2026-04-16,5,中青年,0,0
零食店-长沙银杉路店,零食店,2026-04-16,5,上班族,0,0
零食店-长沙银杉路店,零食店,2026-04-16,5,学生,3,0
零食店-长沙银杉路店,零食店,2026-04-16,6,家庭主妇,7,0
零食店-长沙银杉路店,零食店,2026-04-16,6,退休老人,0,0
零食店-长沙银杉路店,零食店,2026-04-16,6,中青年,28,0
零食店-长沙银杉路店,零食店,2026-04-16,6,上班族,7,0
零食店-长沙银杉路店,零食店,2026-04-16,6,学生,0,0
零食店-长沙银杉路店,零食店,2026-04-16,7,家庭主妇,12,0
零食店-长沙银杉路店,零食店,2026-04-16,7,退休老人,0,0
零食店-长沙银杉路店,零食店,2026-04-16,7,中青年,16,1
零食店-长沙银杉路店,零食店,2026-04-16,7,上班族,229,5
零食店-长沙银杉路店,零食店,2026-04-16,7,学生,0,1
零食店-长沙银杉路店,零食店,2026-04-16,8,家庭主妇,189,5
零食店-长沙银杉路店,零食店,2026-04-16,8,退休老人,7,3
零食店-长沙银杉路店,零食店,2026-04-16,8,中青年,178,2
零食店-长沙银杉路店,零食店,2026-04-16,8,上班族,300,13
零食店-长沙银杉路店,零食店,2026-04-16,8,学生,0,1
零食店-长沙银杉路店,零食店,2026-04-16,9,家庭主妇,172,10
零食店-长沙银杉路店,零食店,2026-04-16,9,退休老人,0,4
零食店-长沙银杉路店,零食店,2026-04-16,9,中青年,224,4
零食店-长沙银杉路店,零食店,2026-04-16,9,上班族,92,2
零食店-长沙银杉路店,零食店,2026-04-16,9,学生,15,3
零食店-长沙银杉路店,零食店,2026-04-16,10,家庭主妇,189,9
零食店-长沙银杉路店,零食店,2026-04-16,10,退休老人,18,3
零食店-长沙银杉路店,零食店,2026-04-16,10,中青年,163,7
零食店-长沙银杉路店,零食店,2026-04-16,10,上班族,88,5
零食店-长沙银杉路店,零食店,2026-04-16,10,学生,9,4
零食店-长沙银杉路店,零食店,2026-04-16,11,家庭主妇,78,4
零食店-长沙银杉路店,零食店,2026-04-16,11,退休老人,4,2
零食店-长沙银杉路店,零食店,2026-04-16,11,中青年,86,6
零食店-长沙银杉路店,零食店,2026-04-16,11,上班族,216,5
零食店-长沙银杉路店,零食店,2026-04-16,11,学生,0,1
零食店-长沙银杉路店,零食店,2026-04-16,12,家庭主妇,41,2
零食店-长沙银杉路店,零食店,2026-04-16,12,退休老人,0,1
零食店-长沙银杉路店,零食店,2026-04-16,12,中青年,47,2
零食店-长沙银杉路店,零食店,2026-04-16,12,上班族,381,13
零食店-长沙银杉路店,零食店,2026-04-16,12,学生,0,3
零食店-长沙银杉路店,零食店,2026-04-16,13,家庭主妇,193,13
零食店-长沙银杉路店,零食店,2026-04-16,13,退休老人,0,2
零食店-长沙银杉路店,零食店,2026-04-16,13,中青年,182,4
零食店-长沙银杉路店,零食店,2026-04-16,13,上班族,112,4
零食店-长沙银杉路店,零食店,2026-04-16,13,学生,0,3
零食店-长沙银杉路店,零食店,2026-04-16,14,家庭主妇,142,9
零食店-长沙银杉路店,零食店,2026-04-16,14,退休老人,12,2
零食店-长沙银杉路店,零食店,2026-04-16,14,中青年,157,4
零食店-长沙银杉路店,零食店,2026-04-16,14,上班族,72,2
零食店-长沙银杉路店,零食店,2026-04-16,14,学生,0,3
零食店-长沙银杉路店,零食店,2026-04-16,15,家庭主妇,159,15
零食店-长沙银杉路店,零食店,2026-04-16,15,退休老人,5,4
零食店-长沙银杉路店,零食店,2026-04-16,15,中青年,217,7
零食店-长沙银杉路店,零食店,2026-04-16,15,上班族,93,4
零食店-长沙银杉路店,零食店,2026-04-16,15,学生,2,5
零食店-长沙银杉路店,零食店,2026-04-16,16,家庭主妇,211,20
零食店-长沙银杉路店,零食店,2026-04-16,16,退休老人,11,2
零食店-长沙银杉路店,零食店,2026-04-16,16,中青年,226,11
零食店-长沙银杉路店,零食店,2026-04-16,16,上班族,142,8
零食店-长沙银杉路店,零食店,2026-04-16,16,学生,0,6
零食店-长沙银杉路店,零食店,2026-04-16,17,家庭主妇,245,10
零食店-长沙银杉路店,零食店,2026-04-16,17,退休老人,3,6
零食店-长沙银杉路店,零食店,2026-04-16,17,中青年,180,8
零食店-长沙银杉路店,零食店,2026-04-16,17,上班族,443,17
零食店-长沙银杉路店,零食店,2026-04-16,17,学生,0,10
零食店-长沙银杉路店,零食店,2026-04-16,18,家庭主妇,154,7
零食店-长沙银杉路店,零食店,2026-04-16,18,退休老人,9,3
零食店-长沙银杉路店,零食店,2026-04-16,18,中青年,115,5
零食店-长沙银杉路店,零食店,2026-04-16,18,上班族,999,33
零食店-长沙银杉路店,零食店,2026-04-16,18,学生,0,16
零食店-长沙银杉路店,零食店,2026-04-16,19,家庭主妇,524,31
零食店-长沙银杉路店,零食店,2026-04-16,19,退休老人,19,6
零食店-长沙银杉路店,零食店,2026-04-16,19,中青年,344,13
零食店-长沙银杉路店,零食店,2026-04-16,19,上班族,277,12
零食店-长沙银杉路店,零食店,2026-04-16,19,学生,4,12
零食店-长沙银杉路店,零食店,2026-04-16,20,家庭主妇,313,25
零食店-长沙银杉路店,零食店,2026-04-16,20,退休老人,9,4
零食店-长沙银杉路店,零食店,2026-04-16,20,中青年,217,24
零食店-长沙银杉路店,零食店,2026-04-16,20,上班族,154,13
零食店-长沙银杉路店,零食店,2026-04-16,20,学生,11,17
零食店-长沙银杉路店,零食店,2026-04-16,21,家庭主妇,198,12
零食店-长沙银杉路店,零食店,2026-04-16,21,退休老人,0,3
零食店-长沙银杉路店,零食店,2026-04-16,21,中青年,156,14
零食店-长沙银杉路店,零食店,2026-04-16,21,上班族,96,7
零食店-长沙银杉路店,零食店,2026-04-16,21,学生,0,9
零食店-长沙银杉路店,零食店,2026-04-16,22,家庭主妇,111,13
零食店-长沙银杉路店,零食店,2026-04-16,22,退休老人,0,1
零食店-长沙银杉路店,零食店,2026-04-16,22,中青年,84,7
零食店-长沙银杉路店,零食店,2026-04-16,22,上班族,54,5
零食店-长沙银杉路店,零食店,2026-04-16,22,学生,1,1
零食店-长沙银杉路店,零食店,2026-04-16,23,家庭主妇,0,0
零食店-长沙银杉路店,零食店,2026-04-16,23,退休老人,0,0
零食店-长沙银杉路店,零食店,2026-04-16,23,中青年,0,0
零食店-长沙银杉路店,零食店,2026-04-16,23,上班族,0,0
零食店-长沙银杉路店,零食店,2026-04-16,23,学生,0,0
零食店-长沙银杉路店,零食店,2026-04-17,0,家庭主妇,24,1
零食店-长沙银杉路店,零食店,2026-04-17,0,退休老人,0,0
零食店-长沙银杉路店,零食店,2026-04-17,0,中青年,19,0
零食店-长沙银杉路店,零食店,2026-04-17,0,上班族,16,0
零食店-长沙银杉路店,零食店,2026-04-17,0,学生,0,0
零食店-长沙银杉路店,零食店,2026-04-17,1,家庭主妇,9,0
零食店-长沙银杉路店,零食店,2026-04-17,1,退休老人,0,0
零食店-长沙银杉路店,零食店,2026-04-17,1,中青年,16,0
零食店-长沙银杉路店,零食店,2026-04-17,1,上班族,5,0
零食店-长沙银杉路店,零食店,2026-04-17,1,学生,0,0
零食店-长沙银杉路店,零食店,2026-04-17,2,家庭主妇,3,0
零食店-长沙银杉路店,零食店,2026-04-17,2,退休老人,0,0
零食店-长沙银杉路店,零食店,2026-04-17,2,中青年,16,0
零食店-长沙银杉路店,零食店,2026-04-17,2,上班族,1,0
零食店-长沙银杉路店,零食店,2026-04-17,2,学生,0,0
零食店-长沙银杉路店,零食店,2026-04-17,3,家庭主妇,7,0
零食店-长沙银杉路店,零食店,2026-04-17,3,退休老人,0,0
零食店-长沙银杉路店,零食店,2026-04-17,3,中青年,6,0
零食店-长沙银杉路店,零食店,2026-04-17,3,上班族,0,0
零食店-长沙银杉路店,零食店,2026-04-17,3,学生,0,0
零食店-长沙银杉路店,零食店,2026-04-17,4,家庭主妇,0,0
零食店-长沙银杉路店,零食店,2026-04-17,4,退休老人,0,0
零食店-长沙银杉路店,零食店,2026-04-17,4,中青年,4,0
零食店-长沙银杉路店,零食店,2026-04-17,4,上班族,5,0
零食店-长沙银杉路店,零食店,2026-04-17,4,学生,0,0
零食店-长沙银杉路店,零食店,2026-04-17,5,家庭主妇,0,0
零食店-长沙银杉路店,零食店,2026-04-17,5,退休老人,0,0
零食店-长沙银杉路店,零食店,2026-04-17,5,中青年,12,0
零食店-长沙银杉路店,零食店,2026-04-17,5,上班族,5,0
零食店-长沙银杉路店,零食店,2026-04-17,5,学生,0,0
零食店-长沙银杉路店,零食店,2026-04-17,6,家庭主妇,30,0
零食店-长沙银杉路店,零食店,2026-04-17,6,退休老人,0,0
零食店-长沙银杉路店,零食店,2026-04-17,6,中青年,40,0
零食店-长沙银杉路店,零食店,2026-04-17,6,上班族,15,0
零食店-长沙银杉路店,零食店,2026-04-17,6,学生,0,0
零食店-长沙银杉路店,零食店,2026-04-17,7,家庭主妇,53,0
零食店-长沙银杉路店,零食店,2026-04-17,7,退休老人,0,0
零食店-长沙银杉路店,零食店,2026-04-17,7,中青年,36,1
零食店-长沙银杉路店,零食店,2026-04-17,7,上班族,403,5
零食店-长沙银杉路店,零食店,2026-04-17,7,学生,0,1
零食店-长沙银杉路店,零食店,2026-04-17,8,家庭主妇,195,11
零食店-长沙银杉路店,零食店,2026-04-17,8,退休老人,0,2
零食店-长沙银杉路店,零食店,2026-04-17,8,中青年,221,4
零食店-长沙银杉路店,零食店,2026-04-17,8,上班族,389,18
零食店-长沙银杉路店,零食店,2026-04-17,8,学生,0,2
零食店-长沙银杉路店,零食店,2026-04-17,9,家庭主妇,167,5
零食店-长沙银杉路店,零食店,2026-04-17,9,退休老人,10,1
零食店-长沙银杉路店,零食店,2026-04-17,9,中青年,239,3
零食店-长沙银杉路店,零食店,2026-04-17,9,上班族,89,3
零食店-长沙银杉路店,零食店,2026-04-17,9,学生,7,5
零食店-长沙银杉路店,零食店,2026-04-17,10,家庭主妇,127,6
零食店-长沙银杉路店,零食店,2026-04-17,10,退休老人,6,1
零食店-长沙银杉路店,零食店,2026-04-17,10,中青年,165,6
零食店-长沙银杉路店,零食店,2026-04-17,10,上班族,106,3
零食店-长沙银杉路店,零食店,2026-04-17,10,学生,9,2
零食店-长沙银杉路店,零食店,2026-04-17,11,家庭主妇,97,4
零食店-长沙银杉路店,零食店,2026-04-17,11,退休老人,0,3
零食店-长沙银杉路店,零食店,2026-04-17,11,中青年,128,5
零食店-长沙银杉路店,零食店,2026-04-17,11,上班族,221,10
零食店-长沙银杉路店,零食店,2026-04-17,11,学生,0,2
零食店-长沙银杉路店,零食店,2026-04-17,12,家庭主妇,51,3
零食店-长沙银杉路店,零食店,2026-04-17,12,退休老人,0,2
零食店-长沙银杉路店,零食店,2026-04-17,12,中青年,66,8
零食店-长沙银杉路店,零食店,2026-04-17,12,上班族,492,23
零食店-长沙银杉路店,零食店,2026-04-17,12,学生,0,3
零食店-长沙银杉路店,零食店,2026-04-17,13,家庭主妇,189,13
零食店-长沙银杉路店,零食店,2026-04-17,13,退休老人,0,2
零食店-长沙银杉路店,零食店,2026-04-17,13,中青年,230,5
零食店-长沙银杉路店,零食店,2026-04-17,13,上班族,128,4
零食店-长沙银杉路店,零食店,2026-04-17,13,学生,0,3
零食店-长沙银杉路店,零食店,2026-04-17,14,家庭主妇,171,8
零食店-长沙银杉路店,零食店,2026-04-17,14,退休老人,4,1
零食店-长沙银杉路店,零食店,2026-04-17,14,中青年,196,5
零食店-长沙银杉路店,零食店,2026-04-17,14,上班族,103,4
零食店-长沙银杉路店,零食店,2026-04-17,14,学生,0,2
零食店-长沙银杉路店,零食店,2026-04-17,15,家庭主妇,240,0
零食店-长沙银杉路店,零食店,2026-04-17,15,退休老人,0,0
零食店-长沙银杉路店,零食店,2026-04-17,15,中青年,243,0
零食店-长沙银杉路店,零食店,2026-04-17,15,上班族,115,0
零食店-长沙银杉路店,零食店,2026-04-17,15,学生,0,0
零食店-长沙银杉路店,零食店,2026-04-17,16,家庭主妇,286,4
零食店-长沙银杉路店,零食店,2026-04-17,16,退休老人,12,1
零食店-长沙银杉路店,零食店,2026-04-17,16,中青年,323,4
零食店-长沙银杉路店,零食店,2026-04-17,16,上班族,140,2
零食店-长沙银杉路店,零食店,2026-04-17,16,学生,18,2
零食店-长沙银杉路店,零食店,2026-04-17,17,家庭主妇,226,15
零食店-长沙银杉路店,零食店,2026-04-17,17,退休老人,5,1
零食店-长沙银杉路店,零食店,2026-04-17,17,中青年,247,13
零食店-长沙银杉路店,零食店,2026-04-17,17,上班族,579,34
零食店-长沙银杉路店,零食店,2026-04-17,17,学生,0,16
零食店-长沙银杉路店,零食店,2026-04-17,18,家庭主妇,188,11
零食店-长沙银杉路店,零食店,2026-04-17,18,退休老人,0,6
零食店-长沙银杉路店,零食店,2026-04-17,18,中青年,155,10
零食店-长沙银杉路店,零食店,2026-04-17,18,上班族,1286,51
零食店-长沙银杉路店,零食店,2026-04-17,18,学生,0,11
零食店-长沙银杉路店,零食店,2026-04-17,19,家庭主妇,649,31
零食店-长沙银杉路店,零食店,2026-04-17,19,退休老人,6,3
零食店-长沙银杉路店,零食店,2026-04-17,19,中青年,465,24
零食店-长沙银杉路店,零食店,2026-04-17,19,上班族,346,15
零食店-长沙银杉路店,零食店,2026-04-17,19,学生,0,25
零食店-长沙银杉路店,零食店,2026-04-17,20,家庭主妇,554,36
零食店-长沙银杉路店,零食店,2026-04-17,20,退休老人,1,5
零食店-长沙银杉路店,零食店,2026-04-17,20,中青年,351,25
零食店-长沙银杉路店,零食店,2026-04-17,20,上班族,239,19
零食店-长沙银杉路店,零食店,2026-04-17,20,学生,0,30
零食店-长沙银杉路店,零食店,2026-04-17,21,家庭主妇,413,27
零食店-长沙银杉路店,零食店,2026-04-17,21,退休老人,3,3
零食店-长沙银杉路店,零食店,2026-04-17,21,中青年,223,18
零食店-长沙银杉路店,零食店,2026-04-17,21,上班族,168,14
零食店-长沙银杉路店,零食店,2026-04-17,21,学生,7,17
零食店-长沙银杉路店,零食店,2026-04-17,22,家庭主妇,206,8
零食店-长沙银杉路店,零食店,2026-04-17,22,退休老人,0,1
零食店-长沙银杉路店,零食店,2026-04-17,22,中青年,188,13
零食店-长沙银杉路店,零食店,2026-04-17,22,上班族,114,12
零食店-长沙银杉路店,零食店,2026-04-17,22,学生,0,1
零食店-长沙银杉路店,零食店,2026-04-17,23,家庭主妇,0,0
零食店-长沙银杉路店,零食店,2026-04-17,23,退休老人,0,0
零食店-长沙银杉路店,零食店,2026-04-17,23,中青年,0,0
零食店-长沙银杉路店,零食店,2026-04-17,23,上班族,0,0
零食店-长沙银杉路店,零食店,2026-04-17,23,学生,0,0
零食店-长沙银杉路店,零食店,2026-04-18,0,家庭主妇,56,0
零食店-长沙银杉路店,零食店,2026-04-18,0,退休老人,0,0
零食店-长沙银杉路店,零食店,2026-04-18,0,中青年,34,0
零食店-长沙银杉路店,零食店,2026-04-18,0,上班族,26,0
零食店-长沙银杉路店,零食店,2026-04-18,0,学生,0,0
零食店-长沙银杉路店,零食店,2026-04-18,1,家庭主妇,18,0
零食店-长沙银杉路店,零食店,2026-04-18,1,退休老人,0,0
零食店-长沙银杉路店,零食店,2026-04-18,1,中青年,30,0
零食店-长沙银杉路店,零食店,2026-04-18,1,上班族,16,0
零食店-长沙银杉路店,零食店,2026-04-18,1,学生,0,0
零食店-长沙银杉路店,零食店,2026-04-18,2,家庭主妇,11,0
零食店-长沙银杉路店,零食店,2026-04-18,2,退休老人,0,0
零食店-长沙银杉路店,零食店,2026-04-18,2,中青年,19,0
零食店-长沙银杉路店,零食店,2026-04-18,2,上班族,8,0
零食店-长沙银杉路店,零食店,2026-04-18,2,学生,0,0
零食店-长沙银杉路店,零食店,2026-04-18,3,家庭主妇,3,0
零食店-长沙银杉路店,零食店,2026-04-18,3,退休老人,0,0
零食店-长沙银杉路店,零食店,2026-04-18,3,中青年,9,0
零食店-长沙银杉路店,零食店,2026-04-18,3,上班族,1,0
零食店-长沙银杉路店,零食店,2026-04-18,3,学生,0,0
零食店-长沙银杉路店,零食店,2026-04-18,4,家庭主妇,14,0
零食店-长沙银杉路店,零食店,2026-04-18,4,退休老人,0,0
零食店-长沙银杉路店,零食店,2026-04-18,4,中青年,0,0
零食店-长沙银杉路店,零食店,2026-04-18,4,上班族,5,0
零食店-长沙银杉路店,零食店,2026-04-18,4,学生,0,0
零食店-长沙银杉路店,零食店,2026-04-18,5,家庭主妇,5,0
零食店-长沙银杉路店,零食店,2026-04-18,5,退休老人,0,0
零食店-长沙银杉路店,零食店,2026-04-18,5,中青年,12,0
零食店-长沙银杉路店,零食店,2026-04-18,5,上班族,3,0
零食店-长沙银杉路店,零食店,2026-04-18,5,学生,0,0
零食店-长沙银杉路店,零食店,2026-04-18,6,家庭主妇,19,0
零食店-长沙银杉路店,零食店,2026-04-18,6,退休老人,0,0
零食店-长沙银杉路店,零食店,2026-04-18,6,中青年,25,0
零食店-长沙银杉路店,零食店,2026-04-18,6,上班族,19,0
零食店-长沙银杉路店,零食店,2026-04-18,6,学生,0,0
零食店-长沙银杉路店,零食店,2026-04-18,7,家庭主妇,26,2
零食店-长沙银杉路店,零食店,2026-04-18,7,退休老人,0,1
零食店-长沙银杉路店,零食店,2026-04-18,7,中青年,23,0
零食店-长沙银杉路店,零食店,2026-04-18,7,上班族,242,8
零食店-长沙银杉路店,零食店,2026-04-18,7,学生,0,4
零食店-长沙银杉路店,零食店,2026-04-18,8,家庭主妇,151,9
零食店-长沙银杉路店,零食店,2026-04-18,8,退休老人,0,1
零食店-长沙银杉路店,零食店,2026-04-18,8,中青年,158,8
零食店-长沙银杉路店,零食店,2026-04-18,8,上班族,228,15
零食店-长沙银杉路店,零食店,2026-04-18,8,学生,0,6
零食店-长沙银杉路店,零食店,2026-04-18,9,家庭主妇,222,15
零食店-长沙银杉路店,零食店,2026-04-18,9,退休老人,15,2
零食店-长沙银杉路店,零食店,2026-04-18,9,中青年,250,14
零食店-长沙银杉路店,零食店,2026-04-18,9,上班族,111,8
零食店-长沙银杉路店,零食店,2026-04-18,9,学生,5,14
零食店-长沙银杉路店,零食店,2026-04-18,10,家庭主妇,273,21
零食店-长沙银杉路店,零食店,2026-04-18,10,退休老人,7,4
零食店-长沙银杉路店,零食店,2026-04-18,10,中青年,271,15
零食店-长沙银杉路店,零食店,2026-04-18,10,上班族,111,11
零食店-长沙银杉路店,零食店,2026-04-18,10,学生,18,20
零食店-长沙银杉路店,零食店,2026-04-18,11,家庭主妇,157,15
零食店-长沙银杉路店,零食店,2026-04-18,11,退休老人,10,4
零食店-长沙银杉路店,零食店,2026-04-18,11,中青年,170,6
零食店-长沙银杉路店,零食店,2026-04-18,11,上班族,326,18
零食店-长沙银杉路店,零食店,2026-04-18,11,学生,0,14
零食店-长沙银杉路店,零食店,2026-04-18,12,家庭主妇,92,6
零食店-长沙银杉路店,零食店,2026-04-18,12,退休老人,10,5
零食店-长沙银杉路店,零食店,2026-04-18,12,中青年,82,7
零食店-长沙银杉路店,零食店,2026-04-18,12,上班族,620,29
零食店-长沙银杉路店,零食店,2026-04-18,12,学生,8,12
零食店-长沙银杉路店,零食店,2026-04-18,13,家庭主妇,333,23
零食店-长沙银杉路店,零食店,2026-04-18,13,退休老人,1,5
零食店-长沙银杉路店,零食店,2026-04-18,13,中青年,382,22
零食店-长沙银杉路店,零食店,2026-04-18,13,上班族,188,10
零食店-长沙银杉路店,零食店,2026-04-18,13,学生,0,21
零食店-长沙银杉路店,零食店,2026-04-18,14,家庭主妇,438,35
零食店-长沙银杉路店,零食店,2026-04-18,14,退休老人,17,6
零食店-长沙银杉路店,零食店,2026-04-18,14,中青年,415,25
零食店-长沙银杉路店,零食店,2026-04-18,14,上班族,190,19
零食店-长沙银杉路店,零食店,2026-04-18,14,学生,20,31
零食店-长沙银杉路店,零食店,2026-04-18,15,家庭主妇,383,31
零食店-长沙银杉路店,零食店,2026-04-18,15,退休老人,11,3
零食店-长沙银杉路店,零食店,2026-04-18,15,中青年,351,23
零食店-长沙银杉路店,零食店,2026-04-18,15,上班族,192,13
零食店-长沙银杉路店,零食店,2026-04-18,15,学生,13,26
零食店-长沙银杉路店,零食店,2026-04-18,16,家庭主妇,403,20
零食店-长沙银杉路店,零食店,2026-04-18,16,退休老人,2,5
零食店-长沙银杉路店,零食店,2026-04-18,16,中青年,388,18
零食店-长沙银杉路店,零食店,2026-04-18,16,上班族,183,10
零食店-长沙银杉路店,零食店,2026-04-18,16,学生,36,16
零食店-长沙银杉路店,零食店,2026-04-18,17,家庭主妇,280,18
零食店-长沙银杉路店,零食店,2026-04-18,17,退休老人,3,4
零食店-长沙银杉路店,零食店,2026-04-18,17,中青年,236,11
零食店-长沙银杉路店,零食店,2026-04-18,17,上班族,664,24
零食店-长沙银杉路店,零食店,2026-04-18,17,学生,17,16
零食店-长沙银杉路店,零食店,2026-04-18,18,家庭主妇,158,8
零食店-长沙银杉路店,零食店,2026-04-18,18,退休老人,13,3
零食店-长沙银杉路店,零食店,2026-04-18,18,中青年,111,9
零食店-长沙银杉路店,零食店,2026-04-18,18,上班族,977,39
零食店-长沙银杉路店,零食店,2026-04-18,18,学生,3,11
零食店-长沙银杉路店,零食店,2026-04-18,19,家庭主妇,654,28
零食店-长沙银杉路店,零食店,2026-04-18,19,退休老人,10,4
零食店-长沙银杉路店,零食店,2026-04-18,19,中青年,386,24
零食店-长沙银杉路店,零食店,2026-04-18,19,上班族,263,18
零食店-长沙银杉路店,零食店,2026-04-18,19,学生,14,20
零食店-长沙银杉路店,零食店,2026-04-18,20,家庭主妇,629,24
零食店-长沙银杉路店,零食店,2026-04-18,20,退休老人,5,4
零食店-长沙银杉路店,零食店,2026-04-18,20,中青年,368,24
零食店-长沙银杉路店,零食店,2026-04-18,20,上班族,224,12
零食店-长沙银杉路店,零食店,2026-04-18,20,学生,21,18
零食店-长沙银杉路店,零食店,2026-04-18,21,家庭主妇,437,19
零食店-长沙银杉路店,零食店,2026-04-18,21,退休老人,0,4
零食店-长沙银杉路店,零食店,2026-04-18,21,中青年,266,19
零食店-长沙银杉路店,零食店,2026-04-18,21,上班族,197,12
零食店-长沙银杉路店,零食店,2026-04-18,21,学生,0,13
零食店-长沙银杉路店,零食店,2026-04-18,22,家庭主妇,227,19
零食店-长沙银杉路店,零食店,2026-04-18,22,退休老人,0,3
零食店-长沙银杉路店,零食店,2026-04-18,22,中青年,169,20
零食店-长沙银杉路店,零食店,2026-04-18,22,上班族,120,14
零食店-长沙银杉路店,零食店,2026-04-18,22,学生,0,3
零食店-长沙银杉路店,零食店,2026-04-18,23,家庭主妇,0,0
零食店-长沙银杉路店,零食店,2026-04-18,23,退休老人,0,0
零食店-长沙银杉路店,零食店,2026-04-18,23,中青年,0,0
零食店-长沙银杉路店,零食店,2026-04-18,23,上班族,0,0
零食店-长沙银杉路店,零食店,2026-04-18,23,学生,0,0
零食店-长沙银杉路店,零食店,2026-04-19,0,家庭主妇,28,0
零食店-长沙银杉路店,零食店,2026-04-19,0,退休老人,0,0
零食店-长沙银杉路店,零食店,2026-04-19,0,中青年,50,0
零食店-长沙银杉路店,零食店,2026-04-19,0,上班族,11,0
零食店-长沙银杉路店,零食店,2026-04-19,0,学生,0,0
零食店-长沙银杉路店,零食店,2026-04-19,1,家庭主妇,17,0
零食店-长沙银杉路店,零食店,2026-04-19,1,退休老人,0,0
零食店-长沙银杉路店,零食店,2026-04-19,1,中青年,20,0
零食店-长沙银杉路店,零食店,2026-04-19,1,上班族,19,0
零食店-长沙银杉路店,零食店,2026-04-19,1,学生,0,0
零食店-长沙银杉路店,零食店,2026-04-19,2,家庭主妇,11,0
零食店-长沙银杉路店,零食店,2026-04-19,2,退休老人,0,0
零食店-长沙银杉路店,零食店,2026-04-19,2,中青年,13,0
零食店-长沙银杉路店,零食店,2026-04-19,2,上班族,11,0
零食店-长沙银杉路店,零食店,2026-04-19,2,学生,0,0
零食店-长沙银杉路店,零食店,2026-04-19,3,家庭主妇,2,0
零食店-长沙银杉路店,零食店,2026-04-19,3,退休老人,0,0
零食店-长沙银杉路店,零食店,2026-04-19,3,中青年,10,0
零食店-长沙银杉路店,零食店,2026-04-19,3,上班族,0,0
零食店-长沙银杉路店,零食店,2026-04-19,3,学生,0,0
零食店-长沙银杉路店,零食店,2026-04-19,4,家庭主妇,3,0
零食店-长沙银杉路店,零食店,2026-04-19,4,退休老人,0,0
零食店-长沙银杉路店,零食店,2026-04-19,4,中青年,5,0
零食店-长沙银杉路店,零食店,2026-04-19,4,上班族,3,0
零食店-长沙银杉路店,零食店,2026-04-19,4,学生,0,0
零食店-长沙银杉路店,零食店,2026-04-19,5,家庭主妇,7,0
零食店-长沙银杉路店,零食店,2026-04-19,5,退休老人,0,0
零食店-长沙银杉路店,零食店,2026-04-19,5,中青年,6,0
零食店-长沙银杉路店,零食店,2026-04-19,5,上班族,2,0
零食店-长沙银杉路店,零食店,2026-04-19,5,学生,0,0
零食店-长沙银杉路店,零食店,2026-04-19,6,家庭主妇,31,0
零食店-长沙银杉路店,零食店,2026-04-19,6,退休老人,0,0
零食店-长沙银杉路店,零食店,2026-04-19,6,中青年,33,0
零食店-长沙银杉路店,零食店,2026-04-19,6,上班族,37,0
零食店-长沙银杉路店,零食店,2026-04-19,6,学生,0,0
零食店-长沙银杉路店,零食店,2026-04-19,7,家庭主妇,19,1
零食店-长沙银杉路店,零食店,2026-04-19,7,退休老人,0,0
零食店-长沙银杉路店,零食店,2026-04-19,7,中青年,14,1
零食店-长沙银杉路店,零食店,2026-04-19,7,上班族,240,2
零食店-长沙银杉路店,零食店,2026-04-19,7,学生,0,0
零食店-长沙银杉路店,零食店,2026-04-19,8,家庭主妇,94,4
零食店-长沙银杉路店,零食店,2026-04-19,8,退休老人,4,3
零食店-长沙银杉路店,零食店,2026-04-19,8,中青年,143,6
零食店-长沙银杉路店,零食店,2026-04-19,8,上班族,202,11
零食店-长沙银杉路店,零食店,2026-04-19,8,学生,0,3
零食店-长沙银杉路店,零食店,2026-04-19,9,家庭主妇,192,17
零食店-长沙银杉路店,零食店,2026-04-19,9,退休老人,7,4
零食店-长沙银杉路店,零食店,2026-04-19,9,中青年,228,16
零食店-长沙银杉路店,零食店,2026-04-19,9,上班族,96,10
零食店-长沙银杉路店,零食店,2026-04-19,9,学生,13,17
零食店-长沙银杉路店,零食店,2026-04-19,10,家庭主妇,166,18
零食店-长沙银杉路店,零食店,2026-04-19,10,退休老人,4,3
零食店-长沙银杉路店,零食店,2026-04-19,10,中青年,230,10
零食店-长沙银杉路店,零食店,2026-04-19,10,上班族,130,10
零食店-长沙银杉路店,零食店,2026-04-19,10,学生,3,18
零食店-长沙银杉路店,零食店,2026-04-19,11,家庭主妇,161,13
零食店-长沙银杉路店,零食店,2026-04-19,11,退休老人,11,5
零食店-长沙银杉路店,零食店,2026-04-19,11,中青年,169,9
零食店-长沙银杉路店,零食店,2026-04-19,11,上班族,302,17
零食店-长沙银杉路店,零食店,2026-04-19,11,学生,0,13
零食店-长沙银杉路店,零食店,2026-04-19,12,家庭主妇,52,7
零食店-长沙银杉路店,零食店,2026-04-19,12,退休老人,12,2
零食店-长沙银杉路店,零食店,2026-04-19,12,中青年,72,8
零食店-长沙银杉路店,零食店,2026-04-19,12,上班族,539,34
零食店-长沙银杉路店,零食店,2026-04-19,12,学生,6,19
零食店-长沙银杉路店,零食店,2026-04-19,13,家庭主妇,319,25
零食店-长沙银杉路店,零食店,2026-04-19,13,退休老人,9,4
零食店-长沙银杉路店,零食店,2026-04-19,13,中青年,399,24
零食店-长沙银杉路店,零食店,2026-04-19,13,上班族,192,18
零食店-长沙银杉路店,零食店,2026-04-19,13,学生,40,23
零食店-长沙银杉路店,零食店,2026-04-19,14,家庭主妇,332,29
零食店-长沙银杉路店,零食店,2026-04-19,14,退休老人,7,6
零食店-长沙银杉路店,零食店,2026-04-19,14,中青年,378,27
零食店-长沙银杉路店,零食店,2026-04-19,14,上班族,212,16
零食店-长沙银杉路店,零食店,2026-04-19,14,学生,5,18
零食店-长沙银杉路店,零食店,2026-04-19,15,家庭主妇,445,31
零食店-长沙银杉路店,零食店,2026-04-19,15,退休老人,8,6
零食店-长沙银杉路店,零食店,2026-04-19,15,中青年,457,31
零食店-长沙银杉路店,零食店,2026-04-19,15,上班族,179,17
零食店-长沙银杉路店,零食店,2026-04-19,15,学生,20,30
零食店-长沙银杉路店,零食店,2026-04-19,16,家庭主妇,458,29
零食店-长沙银杉路店,零食店,2026-04-19,16,退休老人,5,6
零食店-长沙银杉路店,零食店,2026-04-19,16,中青年,413,24
零食店-长沙银杉路店,零食店,2026-04-19,16,上班族,192,17
零食店-长沙银杉路店,零食店,2026-04-19,16,学生,36,35
零食店-长沙银杉路店,零食店,2026-04-19,17,家庭主妇,280,21
零食店-长沙银杉路店,零食店,2026-04-19,17,退休老人,5,4
零食店-长沙银杉路店,零食店,2026-04-19,17,中青年,255,13
零食店-长沙银杉路店,零食店,2026-04-19,17,上班族,468,24
零食店-长沙银杉路店,零食店,2026-04-19,17,学生,48,19
零食店-长沙银杉路店,零食店,2026-04-19,18,家庭主妇,113,8
零食店-长沙银杉路店,零食店,2026-04-19,18,退休老人,9,6
零食店-长沙银杉路店,零食店,2026-04-19,18,中青年,86,7
零食店-长沙银杉路店,零食店,2026-04-19,18,上班族,851,47
零食店-长沙银杉路店,零食店,2026-04-19,18,学生,10,18
零食店-长沙银杉路店,零食店,2026-04-19,19,家庭主妇,497,26
零食店-长沙银杉路店,零食店,2026-04-19,19,退休老人,6,4
零食店-长沙银杉路店,零食店,2026-04-19,19,中青年,336,29
零食店-长沙银杉路店,零食店,2026-04-19,19,上班族,249,18
零食店-长沙银杉路店,零食店,2026-04-19,19,学生,13,26
零食店-长沙银杉路店,零食店,2026-04-19,20,家庭主妇,373,29
零食店-长沙银杉路店,零食店,2026-04-19,20,退休老人,4,6
零食店-长沙银杉路店,零食店,2026-04-19,20,中青年,280,24
零食店-长沙银杉路店,零食店,2026-04-19,20,上班族,177,14
零食店-长沙银杉路店,零食店,2026-04-19,20,学生,18,27
零食店-长沙银杉路店,零食店,2026-04-19,21,家庭主妇,261,19
零食店-长沙银杉路店,零食店,2026-04-19,21,退休老人,3,2
零食店-长沙银杉路店,零食店,2026-04-19,21,中青年,186,17
零食店-长沙银杉路店,零食店,2026-04-19,21,上班族,105,8
零食店-长沙银杉路店,零食店,2026-04-19,21,学生,2,10
零食店-长沙银杉路店,零食店,2026-04-19,22,家庭主妇,142,11
零食店-长沙银杉路店,零食店,2026-04-19,22,退休老人,0,2
零食店-长沙银杉路店,零食店,2026-04-19,22,中青年,97,12
零食店-长沙银杉路店,零食店,2026-04-19,22,上班族,60,6
零食店-长沙银杉路店,零食店,2026-04-19,22,学生,0,5
零食店-长沙银杉路店,零食店,2026-04-19,23,家庭主妇,0,0
零食店-长沙银杉路店,零食店,2026-04-19,23,退休老人,0,0
零食店-长沙银杉路店,零食店,2026-04-19,23,中青年,0,0
零食店-长沙银杉路店,零食店,2026-04-19,23,上班族,0,0
零食店-长沙银杉路店,零食店,2026-04-19,23,学生,0,0
零食店-长沙银杉路店,零食店,2026-04-20,0,家庭主妇,41,0
零食店-长沙银杉路店,零食店,2026-04-20,0,退休老人,0,0
零食店-长沙银杉路店,零食店,2026-04-20,0,中青年,45,0
零食店-长沙银杉路店,零食店,2026-04-20,0,上班族,23,0
零食店-长沙银杉路店,零食店,2026-04-20,0,学生,0,0
零食店-长沙银杉路店,零食店,2026-04-20,1,家庭主妇,17,0
零食店-长沙银杉路店,零食店,2026-04-20,1,退休老人,0,0
零食店-长沙银杉路店,零食店,2026-04-20,1,中青年,23,0
零食店-长沙银杉路店,零食店,2026-04-20,1,上班族,9,0
零食店-长沙银杉路店,零食店,2026-04-20,1,学生,2,0
零食店-长沙银杉路店,零食店,2026-04-20,2,家庭主妇,7,0
零食店-长沙银杉路店,零食店,2026-04-20,2,退休老人,0,0
零食店-长沙银杉路店,零食店,2026-04-20,2,中青年,12,0
零食店-长沙银杉路店,零食店,2026-04-20,2,上班族,9,0
零食店-长沙银杉路店,零食店,2026-04-20,2,学生,0,0
零食店-长沙银杉路店,零食店,2026-04-20,3,家庭主妇,2,0
零食店-长沙银杉路店,零食店,2026-04-20,3,退休老人,0,0
零食店-长沙银杉路店,零食店,2026-04-20,3,中青年,8,0
零食店-长沙银杉路店,零食店,2026-04-20,3,上班族,8,0
零食店-长沙银杉路店,零食店,2026-04-20,3,学生,0,0
零食店-长沙银杉路店,零食店,2026-04-20,4,家庭主妇,0,0
零食店-长沙银杉路店,零食店,2026-04-20,4,退休老人,0,0
零食店-长沙银杉路店,零食店,2026-04-20,4,中青年,9,0
零食店-长沙银杉路店,零食店,2026-04-20,4,上班族,0,0
零食店-长沙银杉路店,零食店,2026-04-20,4,学生,0,0
零食店-长沙银杉路店,零食店,2026-04-20,5,家庭主妇,5,0
零食店-长沙银杉路店,零食店,2026-04-20,5,退休老人,0,0
零食店-长沙银杉路店,零食店,2026-04-20,5,中青年,11,0
零食店-长沙银杉路店,零食店,2026-04-20,5,上班族,4,0
零食店-长沙银杉路店,零食店,2026-04-20,5,学生,0,0
零食店-长沙银杉路店,零食店,2026-04-20,6,家庭主妇,36,0
零食店-长沙银杉路店,零食店,2026-04-20,6,退休老人,0,0
零食店-长沙银杉路店,零食店,2026-04-20,6,中青年,61,0
零食店-长沙银杉路店,零食店,2026-04-20,6,上班族,21,0
零食店-长沙银杉路店,零食店,2026-04-20,6,学生,0,0
零食店-长沙银杉路店,零食店,2026-04-20,7,家庭主妇,37,1
零食店-长沙银杉路店,零食店,2026-04-20,7,退休老人,0,1
零食店-长沙银杉路店,零食店,2026-04-20,7,中青年,83,0
零食店-长沙银杉路店,零食店,2026-04-20,7,上班族,390,3
零食店-长沙银杉路店,零食店,2026-04-20,7,学生,0,0
零食店-长沙银杉路店,零食店,2026-04-20,8,家庭主妇,215,10
零食店-长沙银杉路店,零食店,2026-04-20,8,退休老人,5,2
零食店-长沙银杉路店,零食店,2026-04-20,8,中青年,187,3
零食店-长沙银杉路店,零食店,2026-04-20,8,上班族,388,16
零食店-长沙银杉路店,零食店,2026-04-20,8,学生,0,3
零食店-长沙银杉路店,零食店,2026-04-20,9,家庭主妇,89,10
零食店-长沙银杉路店,零食店,2026-04-20,9,退休老人,5,3
零食店-长沙银杉路店,零食店,2026-04-20,9,中青年,138,7
零食店-长沙银杉路店,零食店,2026-04-20,9,上班族,50,7
零食店-长沙银杉路店,零食店,2026-04-20,9,学生,0,2
零食店-长沙银杉路店,零食店,2026-04-20,10,家庭主妇,94,9
零食店-长沙银杉路店,零食店,2026-04-20,10,退休老人,0,2
零食店-长沙银杉路店,零食店,2026-04-20,10,中青年,107,5
零食店-长沙银杉路店,零食店,2026-04-20,10,上班族,53,2
零食店-长沙银杉路店,零食店,2026-04-20,10,学生,0,0
零食店-长沙银杉路店,零食店,2026-04-20,11,家庭主妇,30,3
零食店-长沙银杉路店,零食店,2026-04-20,11,退休老人,2,1
零食店-长沙银杉路店,零食店,2026-04-20,11,中青年,55,1
零食店-长沙银杉路店,零食店,2026-04-20,11,上班族,94,6
零食店-长沙银杉路店,零食店,2026-04-20,11,学生,0,0
零食店-长沙银杉路店,零食店,2026-04-20,12,家庭主妇,12,4
零食店-长沙银杉路店,零食店,2026-04-20,12,退休老人,0,1
零食店-长沙银杉路店,零食店,2026-04-20,12,中青年,21,2
零食店-长沙银杉路店,零食店,2026-04-20,12,上班族,103,10
零食店-长沙银杉路店,零食店,2026-04-20,12,学生,0,0
零食店-长沙银杉路店,零食店,2026-04-20,13,家庭主妇,73,3
零食店-长沙银杉路店,零食店,2026-04-20,13,退休老人,0,2
零食店-长沙银杉路店,零食店,2026-04-20,13,中青年,90,6
零食店-长沙银杉路店,零食店,2026-04-20,13,上班族,60,6
零食店-长沙银杉路店,零食店,2026-04-20,13,学生,0,2
零食店-长沙银杉路店,零食店,2026-04-20,14,家庭主妇,82,1
零食店-长沙银杉路店,零食店,2026-04-20,14,退休老人,0,0
零食店-长沙银杉路店,零食店,2026-04-20,14,中青年,70,1
零食店-长沙银杉路店,零食店,2026-04-20,14,上班族,30,1
零食店-长沙银杉路店,零食店,2026-04-20,14,学生,2,0
零食店-长沙银杉路店,零食店,2026-04-20,15,家庭主妇,64,0
零食店-长沙银杉路店,零食店,2026-04-20,15,退休老人,0,0
零食店-长沙银杉路店,零食店,2026-04-20,15,中青年,88,0
零食店-长沙银杉路店,零食店,2026-04-20,15,上班族,43,0
零食店-长沙银杉路店,零食店,2026-04-20,15,学生,0,0
零食店-长沙银杉路店,零食店,2026-04-20,16,家庭主妇,83,0
零食店-长沙银杉路店,零食店,2026-04-20,16,退休老人,0,0
零食店-长沙银杉路店,零食店,2026-04-20,16,中青年,73,0
零食店-长沙银杉路店,零食店,2026-04-20,16,上班族,34,0
零食店-长沙银杉路店,零食店,2026-04-20,16,学生,0,0
零食店-长沙银杉路店,零食店,2026-04-20,17,家庭主妇,56,9
零食店-长沙银杉路店,零食店,2026-04-20,17,退休老人,0,2
零食店-长沙银杉路店,零食店,2026-04-20,17,中青年,51,4
零食店-长沙银杉路店,零食店,2026-04-20,17,上班族,215,10
零食店-长沙银杉路店,零食店,2026-04-20,17,学生,0,6
零食店-长沙银杉路店,零食店,2026-04-20,18,家庭主妇,48,5
零食店-长沙银杉路店,零食店,2026-04-20,18,退休老人,1,0
零食店-长沙银杉路店,零食店,2026-04-20,18,中青年,26,4
零食店-长沙银杉路店,零食店,2026-04-20,18,上班族,273,26
零食店-长沙银杉路店,零食店,2026-04-20,18,学生,0,11
零食店-长沙银杉路店,零食店,2026-04-20,19,家庭主妇,105,13
零食店-长沙银杉路店,零食店,2026-04-20,19,退休老人,3,2
零食店-长沙银杉路店,零食店,2026-04-20,19,中青年,84,19
零食店-长沙银杉路店,零食店,2026-04-20,19,上班族,53,9
零食店-长沙银杉路店,零食店,2026-04-20,19,学生,4,6
零食店-长沙银杉路店,零食店,2026-04-20,20,家庭主妇,47,9
零食店-长沙银杉路店,零食店,2026-04-20,20,退休老人,0,1
零食店-长沙银杉路店,零食店,2026-04-20,20,中青年,50,9
零食店-长沙银杉路店,零食店,2026-04-20,20,上班族,33,6
零食店-长沙银杉路店,零食店,2026-04-20,20,学生,3,7
零食店-长沙银杉路店,零食店,2026-04-20,21,家庭主妇,49,6
零食店-长沙银杉路店,零食店,2026-04-20,21,退休老人,0,1
零食店-长沙银杉路店,零食店,2026-04-20,21,中青年,49,9
零食店-长沙银杉路店,零食店,2026-04-20,21,上班族,18,7
零食店-长沙银杉路店,零食店,2026-04-20,21,学生,0,4
零食店-长沙银杉路店,零食店,2026-04-20,22,家庭主妇,40,9
零食店-长沙银杉路店,零食店,2026-04-20,22,退休老人,1,2
零食店-长沙银杉路店,零食店,2026-04-20,22,中青年,37,6
零食店-长沙银杉路店,零食店,2026-04-20,22,上班族,19,3
零食店-长沙银杉路店,零食店,2026-04-20,22,学生,2,1
零食店-长沙银杉路店,零食店,2026-04-20,23,家庭主妇,0,0
零食店-长沙银杉路店,零食店,2026-04-20,23,退休老人,0,0
零食店-长沙银杉路店,零食店,2026-04-20,23,中青年,0,0
零食店-长沙银杉路店,零食店,2026-04-20,23,上班族,0,0
零食店-长沙银杉路店,零食店,2026-04-20,23,学生,0,0
零食店-长沙银杉路店,零食店,2026-04-21,0,家庭主妇,6,0
零食店-长沙银杉路店,零食店,2026-04-21,0,退休老人,0,0
零食店-长沙银杉路店,零食店,2026-04-21,0,中青年,9,0
零食店-长沙银杉路店,零食店,2026-04-21,0,上班族,3,0
零食店-长沙银杉路店,零食店,2026-04-21,0,学生,0,0
零食店-长沙银杉路店,零食店,2026-04-21,1,家庭主妇,3,0
零食店-长沙银杉路店,零食店,2026-04-21,1,退休老人,0,0
零食店-长沙银杉路店,零食店,2026-04-21,1,中青年,6,0
零食店-长沙银杉路店,零食店,2026-04-21,1,上班族,4,0
零食店-长沙银杉路店,零食店,2026-04-21,1,学生,0,0
零食店-长沙银杉路店,零食店,2026-04-21,2,家庭主妇,2,0
零食店-长沙银杉路店,零食店,2026-04-21,2,退休老人,2,0
零食店-长沙银杉路店,零食店,2026-04-21,2,中青年,2,0
零食店-长沙银杉路店,零食店,2026-04-21,2,上班族,0,0
零食店-长沙银杉路店,零食店,2026-04-21,2,学生,0,0
零食店-长沙银杉路店,零食店,2026-04-21,3,家庭主妇,2,0
零食店-长沙银杉路店,零食店,2026-04-21,3,退休老人,0,0
零食店-长沙银杉路店,零食店,2026-04-21,3,中青年,9,0
零食店-长沙银杉路店,零食店,2026-04-21,3,上班族,2,0
零食店-长沙银杉路店,零食店,2026-04-21,3,学生,2,0
零食店-长沙银杉路店,零食店,2026-04-21,4,家庭主妇,2,0
零食店-长沙银杉路店,零食店,2026-04-21,4,退休老人,0,0
零食店-长沙银杉路店,零食店,2026-04-21,4,中青年,1,0
零食店-长沙银杉路店,零食店,2026-04-21,4,上班族,1,0
零食店-长沙银杉路店,零食店,2026-04-21,4,学生,0,0
零食店-长沙银杉路店,零食店,2026-04-21,5,家庭主妇,3,0
零食店-长沙银杉路店,零食店,2026-04-21,5,退休老人,0,0
零食店-长沙银杉路店,零食店,2026-04-21,5,中青年,5,0
零食店-长沙银杉路店,零食店,2026-04-21,5,上班族,3,0
零食店-长沙银杉路店,零食店,2026-04-21,5,学生,0,0
零食店-长沙银杉路店,零食店,2026-04-21,6,家庭主妇,44,0
零食店-长沙银杉路店,零食店,2026-04-21,6,退休老人,0,0
零食店-长沙银杉路店,零食店,2026-04-21,6,中青年,33,0
零食店-长沙银杉路店,零食店,2026-04-21,6,上班族,7,0
零食店-长沙银杉路店,零食店,2026-04-21,6,学生,0,0
零食店-长沙银杉路店,零食店,2026-04-21,7,家庭主妇,12,1
零食店-长沙银杉路店,零食店,2026-04-21,7,退休老人,0,0
零食店-长沙银杉路店,零食店,2026-04-21,7,中青年,17,1
零食店-长沙银杉路店,零食店,2026-04-21,7,上班族,260,2
零食店-长沙银杉路店,零食店,2026-04-21,7,学生,0,0
零食店-长沙银杉路店,零食店,2026-04-21,8,家庭主妇,93,5
零食店-长沙银杉路店,零食店,2026-04-21,8,退休老人,0,1
零食店-长沙银杉路店,零食店,2026-04-21,8,中青年,97,5
零食店-长沙银杉路店,零食店,2026-04-21,8,上班族,171,13
零食店-长沙银杉路店,零食店,2026-04-21,8,学生,0,3
零食店-长沙银杉路店,零食店,2026-04-21,9,家庭主妇,83,8
零食店-长沙银杉路店,零食店,2026-04-21,9,退休老人,0,1
零食店-长沙银杉路店,零食店,2026-04-21,9,中青年,109,6
零食店-长沙银杉路店,零食店,2026-04-21,9,上班族,29,2
零食店-长沙银杉路店,零食店,2026-04-21,9,学生,0,2
零食店-长沙银杉路店,零食店,2026-04-21,10,家庭主妇,59,5
零食店-长沙银杉路店,零食店,2026-04-21,10,退休老人,0,0
零食店-长沙银杉路店,零食店,2026-04-21,10,中青年,84,3
零食店-长沙银杉路店,零食店,2026-04-21,10,上班族,31,3
零食店-长沙银杉路店,零食店,2026-04-21,10,学生,0,0
零食店-长沙银杉路店,零食店,2026-04-21,11,家庭主妇,42,6
零食店-长沙银杉路店,零食店,2026-04-21,11,退休老人,0,1
零食店-长沙银杉路店,零食店,2026-04-21,11,中青年,53,0
零食店-长沙银杉路店,零食店,2026-04-21,11,上班族,111,4
零食店-长沙银杉路店,零食店,2026-04-21,11,学生,0,5
零食店-长沙银杉路店,零食店,2026-04-21,12,家庭主妇,30,1
零食店-长沙银杉路店,零食店,2026-04-21,12,退休老人,0,2
零食店-长沙银杉路店,零食店,2026-04-21,12,中青年,23,2
零食店-长沙银杉路店,零食店,2026-04-21,12,上班族,167,9
零食店-长沙银杉路店,零食店,2026-04-21,12,学生,0,2
零食店-长沙银杉路店,零食店,2026-04-21,13,家庭主妇,107,3
零食店-长沙银杉路店,零食店,2026-04-21,13,退休老人,0,2
零食店-长沙银杉路店,零食店,2026-04-21,13,中青年,105,3
零食店-长沙银杉路店,零食店,2026-04-21,13,上班族,47,2
零食店-长沙银杉路店,零食店,2026-04-21,13,学生,0,1
零食店-长沙银杉路店,零食店,2026-04-21,14,家庭主妇,65,8
零食店-长沙银杉路店,零食店,2026-04-21,14,退休老人,0,0
零食店-长沙银杉路店,零食店,2026-04-21,14,中青年,77,2
零食店-长沙银杉路店,零食店,2026-04-21,14,上班族,36,4
零食店-长沙银杉路店,零食店,2026-04-21,14,学生,0,1
零食店-长沙银杉路店,零食店,2026-04-21,15,家庭主妇,89,8
零食店-长沙银杉路店,零食店,2026-04-21,15,退休老人,0,4
零食店-长沙银杉路店,零食店,2026-04-21,15,中青年,91,3
零食店-长沙银杉路店,零食店,2026-04-21,15,上班族,52,3
零食店-长沙银杉路店,零食店,2026-04-21,15,学生,0,2
零食店-长沙银杉路店,零食店,2026-04-21,16,家庭主妇,145,11
零食店-长沙银杉路店,零食店,2026-04-21,16,退休老人,9,2
零食店-长沙银杉路店,零食店,2026-04-21,16,中青年,110,7
零食店-长沙银杉路店,零食店,2026-04-21,16,上班族,87,5
零食店-长沙银杉路店,零食店,2026-04-21,16,学生,2,8
零食店-长沙银杉路店,零食店,2026-04-21,17,家庭主妇,98,17
零食店-长沙银杉路店,零食店,2026-04-21,17,退休老人,0,7
零食店-长沙银杉路店,零食店,2026-04-21,17,中青年,110,10
零食店-长沙银杉路店,零食店,2026-04-21,17,上班族,263,20
零食店-长沙银杉路店,零食店,2026-04-21,17,学生,0,10
零食店-长沙银杉路店,零食店,2026-04-21,18,家庭主妇,56,8
零食店-长沙银杉路店,零食店,2026-04-21,18,退休老人,2,2
零食店-长沙银杉路店,零食店,2026-04-21,18,中青年,35,7
零食店-长沙银杉路店,零食店,2026-04-21,18,上班族,359,32
零食店-长沙银杉路店,零食店,2026-04-21,18,学生,0,8
零食店-长沙银杉路店,零食店,2026-04-21,19,家庭主妇,99,16
零食店-长沙银杉路店,零食店,2026-04-21,19,退休老人,1,1
零食店-长沙银杉路店,零食店,2026-04-21,19,中青年,70,12
零食店-长沙银杉路店,零食店,2026-04-21,19,上班族,43,8
零食店-长沙银杉路店,零食店,2026-04-21,19,学生,0,4
零食店-长沙银杉路店,零食店,2026-04-21,20,家庭主妇,69,10
零食店-长沙银杉路店,零食店,2026-04-21,20,退休老人,0,2
零食店-长沙银杉路店,零食店,2026-04-21,20,中青年,59,16
零食店-长沙银杉路店,零食店,2026-04-21,20,上班族,27,7
零食店-长沙银杉路店,零食店,2026-04-21,20,学生,0,4
零食店-长沙银杉路店,零食店,2026-04-21,21,家庭主妇,63,9
零食店-长沙银杉路店,零食店,2026-04-21,21,退休老人,0,2
零食店-长沙银杉路店,零食店,2026-04-21,21,中青年,48,13
零食店-长沙银杉路店,零食店,2026-04-21,21,上班族,33,7
零食店-长沙银杉路店,零食店,2026-04-21,21,学生,0,7
零食店-长沙银杉路店,零食店,2026-04-21,22,家庭主妇,40,8
零食店-长沙银杉路店,零食店,2026-04-21,22,退休老人,0,2
零食店-长沙银杉路店,零食店,2026-04-21,22,中青年,46,12
零食店-长沙银杉路店,零食店,2026-04-21,22,上班族,20,5
零食店-长沙银杉路店,零食店,2026-04-21,22,学生,0,3
零食店-长沙银杉路店,零食店,2026-04-21,23,家庭主妇,0,0
零食店-长沙银杉路店,零食店,2026-04-21,23,退休老人,0,0
零食店-长沙银杉路店,零食店,2026-04-21,23,中青年,0,0
零食店-长沙银杉路店,零食店,2026-04-21,23,上班族,0,0
零食店-长沙银杉路店,零食店,2026-04-21,23,学生,0,0
零食店-长沙银杉路店,零食店,2026-04-22,0,家庭主妇,9,0
零食店-长沙银杉路店,零食店,2026-04-22,0,退休老人,0,0
零食店-长沙银杉路店,零食店,2026-04-22,0,中青年,11,0
零食店-长沙银杉路店,零食店,2026-04-22,0,上班族,3,0
零食店-长沙银杉路店,零食店,2026-04-22,0,学生,0,0
零食店-长沙银杉路店,零食店,2026-04-22,1,家庭主妇,1,0
零食店-长沙银杉路店,零食店,2026-04-22,1,退休老人,0,0
零食店-长沙银杉路店,零食店,2026-04-22,1,中青年,8,0
零食店-长沙银杉路店,零食店,2026-04-22,1,上班族,3,0
零食店-长沙银杉路店,零食店,2026-04-22,1,学生,0,0
零食店-长沙银杉路店,零食店,2026-04-22,2,家庭主妇,0,0
零食店-长沙银杉路店,零食店,2026-04-22,2,退休老人,0,0
零食店-长沙银杉路店,零食店,2026-04-22,2,中青年,3,0
零食店-长沙银杉路店,零食店,2026-04-22,2,上班族,3,0
零食店-长沙银杉路店,零食店,2026-04-22,2,学生,0,0
零食店-长沙银杉路店,零食店,2026-04-22,3,家庭主妇,0,0
零食店-长沙银杉路店,零食店,2026-04-22,3,退休老人,0,0
零食店-长沙银杉路店,零食店,2026-04-22,3,中青年,7,0
零食店-长沙银杉路店,零食店,2026-04-22,3,上班族,1,0
零食店-长沙银杉路店,零食店,2026-04-22,3,学生,0,0
零食店-长沙银杉路店,零食店,2026-04-22,4,家庭主妇,1,0
零食店-长沙银杉路店,零食店,2026-04-22,4,退休老人,0,0
零食店-长沙银杉路店,零食店,2026-04-22,4,中青年,1,0
零食店-长沙银杉路店,零食店,2026-04-22,4,上班族,1,0
零食店-长沙银杉路店,零食店,2026-04-22,4,学生,1,0
零食店-长沙银杉路店,零食店,2026-04-22,5,家庭主妇,4,0
零食店-长沙银杉路店,零食店,2026-04-22,5,退休老人,0,0
零食店-长沙银杉路店,零食店,2026-04-22,5,中青年,2,0
零食店-长沙银杉路店,零食店,2026-04-22,5,上班族,0,0
零食店-长沙银杉路店,零食店,2026-04-22,5,学生,0,0
零食店-长沙银杉路店,零食店,2026-04-22,6,家庭主妇,17,0
零食店-长沙银杉路店,零食店,2026-04-22,6,退休老人,0,0
零食店-长沙银杉路店,零食店,2026-04-22,6,中青年,27,0
零食店-长沙银杉路店,零食店,2026-04-22,6,上班族,7,0
零食店-长沙银杉路店,零食店,2026-04-22,6,学生,0,0
零食店-长沙银杉路店,零食店,2026-04-22,7,家庭主妇,16,0
零食店-长沙银杉路店,零食店,2026-04-22,7,退休老人,0,0
零食店-长沙银杉路店,零食店,2026-04-22,7,中青年,24,0
零食店-长沙银杉路店,零食店,2026-04-22,7,上班族,182,1
零食店-长沙银杉路店,零食店,2026-04-22,7,学生,0,1
零食店-长沙银杉路店,零食店,2026-04-22,8,家庭主妇,166,2
零食店-长沙银杉路店,零食店,2026-04-22,8,退休老人,0,0
零食店-长沙银杉路店,零食店,2026-04-22,8,中青年,98,7
零食店-长沙银杉路店,零食店,2026-04-22,8,上班族,261,8
零食店-长沙银杉路店,零食店,2026-04-22,8,学生,0,2
零食店-长沙银杉路店,零食店,2026-04-22,9,家庭主妇,120,9
零食店-长沙银杉路店,零食店,2026-04-22,9,退休老人,2,1
零食店-长沙银杉路店,零食店,2026-04-22,9,中青年,130,5
零食店-长沙银杉路店,零食店,2026-04-22,9,上班族,45,2
零食店-长沙银杉路店,零食店,2026-04-22,9,学生,0,1
零食店-长沙银杉路店,零食店,2026-04-22,10,家庭主妇,108,10
零食店-长沙银杉路店,零食店,2026-04-22,10,退休老人,0,2
零食店-长沙银杉路店,零食店,2026-04-22,10,中青年,96,6
零食店-长沙银杉路店,零食店,2026-04-22,10,上班族,54,4
零食店-长沙银杉路店,零食店,2026-04-22,10,学生,0,3
零食店-长沙银杉路店,零食店,2026-04-22,11,家庭主妇,78,2
零食店-长沙银杉路店,零食店,2026-04-22,11,退休老人,2,0
零食店-长沙银杉路店,零食店,2026-04-22,11,中青年,89,3
零食店-长沙银杉路店,零食店,2026-04-22,11,上班族,179,3
零食店-长沙银杉路店,零食店,2026-04-22,11,学生,0,2
零食店-长沙银杉路店,零食店,2026-04-22,12,家庭主妇,41,4
零食店-长沙银杉路店,零食店,2026-04-22,12,退休老人,0,1
零食店-长沙银杉路店,零食店,2026-04-22,12,中青年,63,2
零食店-长沙银杉路店,零食店,2026-04-22,12,上班族,293,11
零食店-长沙银杉路店,零食店,2026-04-22,12,学生,0,1
零食店-长沙银杉路店,零食店,2026-04-22,13,家庭主妇,156,10
零食店-长沙银杉路店,零食店,2026-04-22,13,退休老人,0,2
零食店-长沙银杉路店,零食店,2026-04-22,13,中青年,165,10
零食店-长沙银杉路店,零食店,2026-04-22,13,上班族,77,6
零食店-长沙银杉路店,零食店,2026-04-22,13,学生,0,1
零食店-长沙银杉路店,零食店,2026-04-22,14,家庭主妇,134,9
零食店-长沙银杉路店,零食店,2026-04-22,14,退休老人,5,2
零食店-长沙银杉路店,零食店,2026-04-22,14,中青年,149,8
零食店-长沙银杉路店,零食店,2026-04-22,14,上班族,105,6
零食店-长沙银杉路店,零食店,2026-04-22,14,学生,1,4
零食店-长沙银杉路店,零食店,2026-04-22,15,家庭主妇,148,3
零食店-长沙银杉路店,零食店,2026-04-22,15,退休老人,4,0
零食店-长沙银杉路店,零食店,2026-04-22,15,中青年,170,1
零食店-长沙银杉路店,零食店,2026-04-22,15,上班族,71,1
零食店-长沙银杉路店,零食店,2026-04-22,15,学生,1,1
零食店-长沙银杉路店,零食店,2026-04-22,16,家庭主妇,185,0
零食店-长沙银杉路店,零食店,2026-04-22,16,退休老人,0,0
零食店-长沙银杉路店,零食店,2026-04-22,16,中青年,187,0
零食店-长沙银杉路店,零食店,2026-04-22,16,上班族,117,0
零食店-长沙银杉路店,零食店,2026-04-22,16,学生,0,0
零食店-长沙银杉路店,零食店,2026-04-22,17,家庭主妇,155,10
零食店-长沙银杉路店,零食店,2026-04-22,17,退休老人,0,2
零食店-长沙银杉路店,零食店,2026-04-22,17,中青年,152,7
零食店-长沙银杉路店,零食店,2026-04-22,17,上班族,368,20
零食店-长沙银杉路店,零食店,2026-04-22,17,学生,0,11
零食店-长沙银杉路店,零食店,2026-04-22,18,家庭主妇,152,11
零食店-长沙银杉路店,零食店,2026-04-22,18,退休老人,0,7
零食店-长沙银杉路店,零食店,2026-04-22,18,中青年,82,9
零食店-长沙银杉路店,零食店,2026-04-22,18,上班族,981,36
零食店-长沙银杉路店,零食店,2026-04-22,18,学生,0,12
零食店-长沙银杉路店,零食店,2026-04-22,19,家庭主妇,522,25
零食店-长沙银杉路店,零食店,2026-04-22,19,退休老人,9,3
零食店-长沙银杉路店,零食店,2026-04-22,19,中青年,306,16
零食店-长沙银杉路店,零食店,2026-04-22,19,上班族,248,15
零食店-长沙银杉路店,零食店,2026-04-22,19,学生,0,18
零食店-长沙银杉路店,零食店,2026-04-22,20,家庭主妇,309,17
零食店-长沙银杉路店,零食店,2026-04-22,20,退休老人,8,4
零食店-长沙银杉路店,零食店,2026-04-22,20,中青年,232,18
零食店-长沙银杉路店,零食店,2026-04-22,20,上班族,152,14
零食店-长沙银杉路店,零食店,2026-04-22,20,学生,0,18
零食店-长沙银杉路店,零食店,2026-04-22,21,家庭主妇,200,17
零食店-长沙银杉路店,零食店,2026-04-22,21,退休老人,4,4
零食店-长沙银杉路店,零食店,2026-04-22,21,中青年,165,15
零食店-长沙银杉路店,零食店,2026-04-22,21,上班族,86,5
零食店-长沙银杉路店,零食店,2026-04-22,21,学生,0,7
零食店-长沙银杉路店,零食店,2026-04-22,22,家庭主妇,113,10
零食店-长沙银杉路店,零食店,2026-04-22,22,退休老人,0,0
零食店-长沙银杉路店,零食店,2026-04-22,22,中青年,78,10
零食店-长沙银杉路店,零食店,2026-04-22,22,上班族,73,5
零食店-长沙银杉路店,零食店,2026-04-22,22,学生,0,2
零食店-长沙银杉路店,零食店,2026-04-22,23,家庭主妇,0,0
零食店-长沙银杉路店,零食店,2026-04-22,23,退休老人,0,0
零食店-长沙银杉路店,零食店,2026-04-22,23,中青年,0,0
零食店-长沙银杉路店,零食店,2026-04-22,23,上班族,0,0
零食店-长沙银杉路店,零食店,2026-04-22,23,学生,0,0
零食店-长沙银杉路店,零食店,2026-04-23,0,家庭主妇,29,0
零食店-长沙银杉路店,零食店,2026-04-23,0,退休老人,0,0
零食店-长沙银杉路店,零食店,2026-04-23,0,中青年,28,0
零食店-长沙银杉路店,零食店,2026-04-23,0,上班族,3,0
零食店-长沙银杉路店,零食店,2026-04-23,0,学生,0,0
零食店-长沙银杉路店,零食店,2026-04-23,1,家庭主妇,4,0
零食店-长沙银杉路店,零食店,2026-04-23,1,退休老人,0,0
零食店-长沙银杉路店,零食店,2026-04-23,1,中青年,4,0
零食店-长沙银杉路店,零食店,2026-04-23,1,上班族,5,0
零食店-长沙银杉路店,零食店,2026-04-23,1,学生,0,0
零食店-长沙银杉路店,零食店,2026-04-23,2,家庭主妇,4,0
零食店-长沙银杉路店,零食店,2026-04-23,2,退休老人,0,0
零食店-长沙银杉路店,零食店,2026-04-23,2,中青年,15,0
零食店-长沙银杉路店,零食店,2026-04-23,2,上班族,6,0
零食店-长沙银杉路店,零食店,2026-04-23,2,学生,0,0
零食店-长沙银杉路店,零食店,2026-04-23,3,家庭主妇,5,0
零食店-长沙银杉路店,零食店,2026-04-23,3,退休老人,0,0
零食店-长沙银杉路店,零食店,2026-04-23,3,中青年,8,0
零食店-长沙银杉路店,零食店,2026-04-23,3,上班族,0,0
零食店-长沙银杉路店,零食店,2026-04-23,3,学生,0,0
零食店-长沙银杉路店,零食店,2026-04-23,4,家庭主妇,2,0
零食店-长沙银杉路店,零食店,2026-04-23,4,退休老人,1,0
零食店-长沙银杉路店,零食店,2026-04-23,4,中青年,2,0
零食店-长沙银杉路店,零食店,2026-04-23,4,上班族,3,0
零食店-长沙银杉路店,零食店,2026-04-23,4,学生,0,0
零食店-长沙银杉路店,零食店,2026-04-23,5,家庭主妇,2,0
零食店-长沙银杉路店,零食店,2026-04-23,5,退休老人,0,0
零食店-长沙银杉路店,零食店,2026-04-23,5,中青年,6,0
零食店-长沙银杉路店,零食店,2026-04-23,5,上班族,2,0
零食店-长沙银杉路店,零食店,2026-04-23,5,学生,0,0
零食店-长沙银杉路店,零食店,2026-04-23,6,家庭主妇,35,0
零食店-长沙银杉路店,零食店,2026-04-23,6,退休老人,0,0
零食店-长沙银杉路店,零食店,2026-04-23,6,中青年,36,0
零食店-长沙银杉路店,零食店,2026-04-23,6,上班族,6,0
零食店-长沙银杉路店,零食店,2026-04-23,6,学生,0,0
零食店-长沙银杉路店,零食店,2026-04-23,7,家庭主妇,24,1
零食店-长沙银杉路店,零食店,2026-04-23,7,退休老人,0,0
零食店-长沙银杉路店,零食店,2026-04-23,7,中青年,35,1
零食店-长沙银杉路店,零食店,2026-04-23,7,上班族,363,6
零食店-长沙银杉路店,零食店,2026-04-23,7,学生,0,2
零食店-长沙银杉路店,零食店,2026-04-23,8,家庭主妇,217,6
零食店-长沙银杉路店,零食店,2026-04-23,8,退休老人,0,2
零食店-长沙银杉路店,零食店,2026-04-23,8,中青年,223,4
零食店-长沙银杉路店,零食店,2026-04-23,8,上班族,448,18
零食店-长沙银杉路店,零食店,2026-04-23,8,学生,0,3
零食店-长沙银杉路店,零食店,2026-04-23,9,家庭主妇,198,14
零食店-长沙银杉路店,零食店,2026-04-23,9,退休老人,0,2
零食店-长沙银杉路店,零食店,2026-04-23,9,中青年,274,9
零食店-长沙银杉路店,零食店,2026-04-23,9,上班族,125,8
零食店-长沙银杉路店,零食店,2026-04-23,9,学生,0,1
零食店-长沙银杉路店,零食店,2026-04-23,10,家庭主妇,150,7
零食店-长沙银杉路店,零食店,2026-04-23,10,退休老人,0,2
零食店-长沙银杉路店,零食店,2026-04-23,10,中青年,215,5
零食店-长沙银杉路店,零食店,2026-04-23,10,上班族,110,4
零食店-长沙银杉路店,零食店,2026-04-23,10,学生,0,1
零食店-长沙银杉路店,零食店,2026-04-23,11,家庭主妇,90,8
零食店-长沙银杉路店,零食店,2026-04-23,11,退休老人,0,3
零食店-长沙银杉路店,零食店,2026-04-23,11,中青年,122,7
零食店-长沙银杉路店,零食店,2026-04-23,11,上班族,205,9
零食店-长沙银杉路店,零食店,2026-04-23,11,学生,0,3
零食店-长沙银杉路店,零食店,2026-04-23,12,家庭主妇,56,4
零食店-长沙银杉路店,零食店,2026-04-23,12,退休老人,0,2
零食店-长沙银杉路店,零食店,2026-04-23,12,中青年,42,3
零食店-长沙银杉路店,零食店,2026-04-23,12,上班族,390,17
零食店-长沙银杉路店,零食店,2026-04-23,12,学生,0,1
零食店-长沙银杉路店,零食店,2026-04-23,13,家庭主妇,167,6
零食店-长沙银杉路店,零食店,2026-04-23,13,退休老人,0,1
零食店-长沙银杉路店,零食店,2026-04-23,13,中青年,202,7
零食店-长沙银杉路店,零食店,2026-04-23,13,上班族,104,3
零食店-长沙银杉路店,零食店,2026-04-23,13,学生,0,0
零食店-长沙银杉路店,零食店,2026-04-23,14,家庭主妇,131,9
零食店-长沙银杉路店,零食店,2026-04-23,14,退休老人,0,2
零食店-长沙银杉路店,零食店,2026-04-23,14,中青年,180,10
零食店-长沙银杉路店,零食店,2026-04-23,14,上班族,85,6
零食店-长沙银杉路店,零食店,2026-04-23,14,学生,0,1
零食店-长沙银杉路店,零食店,2026-04-23,15,家庭主妇,159,13
零食店-长沙银杉路店,零食店,2026-04-23,15,退休老人,0,2
零食店-长沙银杉路店,零食店,2026-04-23,15,中青年,210,7
零食店-长沙银杉路店,零食店,2026-04-23,15,上班族,88,4
零食店-长沙银杉路店,零食店,2026-04-23,15,学生,0,2
零食店-长沙银杉路店,零食店,2026-04-23,16,家庭主妇,253,11
零食店-长沙银杉路店,零食店,2026-04-23,16,退休老人,0,3
零食店-长沙银杉路店,零食店,2026-04-23,16,中青年,253,10
零食店-长沙银杉路店,零食店,2026-04-23,16,上班族,143,7
零食店-长沙银杉路店,零食店,2026-04-23,16,学生,0,6
零食店-长沙银杉路店,零食店,2026-04-23,17,家庭主妇,168,10
零食店-长沙银杉路店,零食店,2026-04-23,17,退休老人,9,3
零食店-长沙银杉路店,零食店,2026-04-23,17,中青年,207,13
零食店-长沙银杉路店,零食店,2026-04-23,17,上班族,423,21
零食店-长沙银杉路店,零食店,2026-04-23,17,学生,2,12
零食店-长沙银杉路店,零食店,2026-04-23,18,家庭主妇,150,11
零食店-长沙银杉路店,零食店,2026-04-23,18,退休老人,2,6
零食店-长沙银杉路店,零食店,2026-04-23,18,中青年,114,9
零食店-长沙银杉路店,零食店,2026-04-23,18,上班族,1032,48
零食店-长沙银杉路店,零食店,2026-04-23,18,学生,0,17
零食店-长沙银杉路店,零食店,2026-04-23,19,家庭主妇,550,34
零食店-长沙银杉路店,零食店,2026-04-23,19,退休老人,6,5
零食店-长沙银杉路店,零食店,2026-04-23,19,中青年,413,28
零食店-长沙银杉路店,零食店,2026-04-23,19,上班族,272,14
零食店-长沙银杉路店,零食店,2026-04-23,19,学生,1,18
零食店-长沙银杉路店,零食店,2026-04-23,20,家庭主妇,366,21
零食店-长沙银杉路店,零食店,2026-04-23,20,退休老人,15,7
零食店-长沙银杉路店,零食店,2026-04-23,20,中青年,274,17
零食店-长沙银杉路店,零食店,2026-04-23,20,上班族,137,13
零食店-长沙银杉路店,零食店,2026-04-23,20,学生,0,11
零食店-长沙银杉路店,零食店,2026-04-23,21,家庭主妇,216,19
零食店-长沙银杉路店,零食店,2026-04-23,21,退休老人,3,5
零食店-长沙银杉路店,零食店,2026-04-23,21,中青年,167,18
零食店-长沙银杉路店,零食店,2026-04-23,21,上班族,90,8
零食店-长沙银杉路店,零食店,2026-04-23,21,学生,3,11
零食店-长沙银杉路店,零食店,2026-04-23,22,家庭主妇,135,10
零食店-长沙银杉路店,零食店,2026-04-23,22,退休老人,0,2
零食店-长沙银杉路店,零食店,2026-04-23,22,中青年,85,7
零食店-长沙银杉路店,零食店,2026-04-23,22,上班族,49,6
零食店-长沙银杉路店,零食店,2026-04-23,22,学生,0,1
零食店-长沙银杉路店,零食店,2026-04-23,23,家庭主妇,0,0
零食店-长沙银杉路店,零食店,2026-04-23,23,退休老人,0,0
零食店-长沙银杉路店,零食店,2026-04-23,23,中青年,0,0
零食店-长沙银杉路店,零食店,2026-04-23,23,上班族,0,0
零食店-长沙银杉路店,零食店,2026-04-23,23,学生,0,0
零食店-长沙银杉路店,零食店,2026-04-24,0,家庭主妇,13,0
零食店-长沙银杉路店,零食店,2026-04-24,0,退休老人,0,0
零食店-长沙银杉路店,零食店,2026-04-24,0,中青年,25,0
零食店-长沙银杉路店,零食店,2026-04-24,0,上班族,4,0
零食店-长沙银杉路店,零食店,2026-04-24,0,学生,0,0
零食店-长沙银杉路店,零食店,2026-04-24,1,家庭主妇,9,0
零食店-长沙银杉路店,零食店,2026-04-24,1,退休老人,0,0
零食店-长沙银杉路店,零食店,2026-04-24,1,中青年,12,0
零食店-长沙银杉路店,零食店,2026-04-24,1,上班族,6,0
零食店-长沙银杉路店,零食店,2026-04-24,1,学生,1,0
零食店-长沙银杉路店,零食店,2026-04-24,2,家庭主妇,0,0
零食店-长沙银杉路店,零食店,2026-04-24,2,退休老人,0,0
零食店-长沙银杉路店,零食店,2026-04-24,2,中青年,11,0
零食店-长沙银杉路店,零食店,2026-04-24,2,上班族,12,0
零食店-长沙银杉路店,零食店,2026-04-24,2,学生,0,0
零食店-长沙银杉路店,零食店,2026-04-24,3,家庭主妇,3,0
零食店-长沙银杉路店,零食店,2026-04-24,3,退休老人,2,0
零食店-长沙银杉路店,零食店,2026-04-24,3,中青年,0,0
零食店-长沙银杉路店,零食店,2026-04-24,3,上班族,7,0
零食店-长沙银杉路店,零食店,2026-04-24,3,学生,0,0
零食店-长沙银杉路店,零食店,2026-04-24,4,家庭主妇,4,0
零食店-长沙银杉路店,零食店,2026-04-24,4,退休老人,0,0
零食店-长沙银杉路店,零食店,2026-04-24,4,中青年,10,0
零食店-长沙银杉路店,零食店,2026-04-24,4,上班族,2,0
零食店-长沙银杉路店,零食店,2026-04-24,4,学生,0,0
零食店-长沙银杉路店,零食店,2026-04-24,5,家庭主妇,3,0
零食店-长沙银杉路店,零食店,2026-04-24,5,退休老人,0,0
零食店-长沙银杉路店,零食店,2026-04-24,5,中青年,8,0
零食店-长沙银杉路店,零食店,2026-04-24,5,上班族,5,0
零食店-长沙银杉路店,零食店,2026-04-24,5,学生,0,0
零食店-长沙银杉路店,零食店,2026-04-24,6,家庭主妇,22,0
零食店-长沙银杉路店,零食店,2026-04-24,6,退休老人,0,0
零食店-长沙银杉路店,零食店,2026-04-24,6,中青年,38,0
零食店-长沙银杉路店,零食店,2026-04-24,6,上班族,14,0
零食店-长沙银杉路店,零食店,2026-04-24,6,学生,0,0
零食店-长沙银杉路店,零食店,2026-04-24,7,家庭主妇,61,1
零食店-长沙银杉路店,零食店,2026-04-24,7,退休老人,0,1
零食店-长沙银杉路店,零食店,2026-04-24,7,中青年,50,2
零食店-长沙银杉路店,零食店,2026-04-24,7,上班族,395,7
零食店-长沙银杉路店,零食店,2026-04-24,7,学生,0,2
零食店-长沙银杉路店,零食店,2026-04-24,8,家庭主妇,185,3
零食店-长沙银杉路店,零食店,2026-04-24,8,退休老人,0,3
零食店-长沙银杉路店,零食店,2026-04-24,8,中青年,191,3
零食店-长沙银杉路店,零食店,2026-04-24,8,上班族,416,10
零食店-长沙银杉路店,零食店,2026-04-24,8,学生,0,0
零食店-长沙银杉路店,零食店,2026-04-24,9,家庭主妇,168,9
零食店-长沙银杉路店,零食店,2026-04-24,9,退休老人,0,4
零食店-长沙银杉路店,零食店,2026-04-24,9,中青年,242,10
零食店-长沙银杉路店,零食店,2026-04-24,9,上班族,84,5
零食店-长沙银杉路店,零食店,2026-04-24,9,学生,0,3
零食店-长沙银杉路店,零食店,2026-04-24,10,家庭主妇,125,8
零食店-长沙银杉路店,零食店,2026-04-24,10,退休老人,0,2
零食店-长沙银杉路店,零食店,2026-04-24,10,中青年,194,9
零食店-长沙银杉路店,零食店,2026-04-24,10,上班族,85,7
零食店-长沙银杉路店,零食店,2026-04-24,10,学生,0,6
零食店-长沙银杉路店,零食店,2026-04-24,11,家庭主妇,80,6
零食店-长沙银杉路店,零食店,2026-04-24,11,退休老人,0,2
零食店-长沙银杉路店,零食店,2026-04-24,11,中青年,119,3
零食店-长沙银杉路店,零食店,2026-04-24,11,上班族,234,8
零食店-长沙银杉路店,零食店,2026-04-24,11,学生,0,3
零食店-长沙银杉路店,零食店,2026-04-24,12,家庭主妇,45,3
零食店-长沙银杉路店,零食店,2026-04-24,12,退休老人,0,3
零食店-长沙银杉路店,零食店,2026-04-24,12,中青年,47,4
零食店-长沙银杉路店,零食店,2026-04-24,12,上班族,424,15
零食店-长沙银杉路店,零食店,2026-04-24,12,学生,0,0
零食店-长沙银杉路店,零食店,2026-04-24,13,家庭主妇,185,9
零食店-长沙银杉路店,零食店,2026-04-24,13,退休老人,3,3
零食店-长沙银杉路店,零食店,2026-04-24,13,中青年,240,10
零食店-长沙银杉路店,零食店,2026-04-24,13,上班族,123,8
零食店-长沙银杉路店,零食店,2026-04-24,13,学生,4,8
零食店-长沙银杉路店,零食店,2026-04-24,14,家庭主妇,150,6
零食店-长沙银杉路店,零食店,2026-04-24,14,退休老人,0,1
零食店-长沙银杉路店,零食店,2026-04-24,14,中青年,192,5
零食店-长沙银杉路店,零食店,2026-04-24,14,上班族,101,2
零食店-长沙银杉路店,零食店,2026-04-24,14,学生,0,0
零食店-长沙银杉路店,零食店,2026-04-24,15,家庭主妇,233,15
零食店-长沙银杉路店,零食店,2026-04-24,15,退休老人,10,4
零食店-长沙银杉路店,零食店,2026-04-24,15,中青年,246,12
零食店-长沙银杉路店,零食店,2026-04-24,15,上班族,108,8
零食店-长沙银杉路店,零食店,2026-04-24,15,学生,0,7
零食店-长沙银杉路店,零食店,2026-04-24,16,家庭主妇,267,19
零食店-长沙银杉路店,零食店,2026-04-24,16,退休老人,3,3
零食店-长沙银杉路店,零食店,2026-04-24,16,中青年,311,13
零食店-长沙银杉路店,零食店,2026-04-24,16,上班族,171,8
零食店-长沙银杉路店,零食店,2026-04-24,16,学生,0,8
零食店-长沙银杉路店,零食店,2026-04-24,17,家庭主妇,249,9
零食店-长沙银杉路店,零食店,2026-04-24,17,退休老人,0,1
零食店-长沙银杉路店,零食店,2026-04-24,17,中青年,193,7
零食店-长沙银杉路店,零食店,2026-04-24,17,上班族,594,14
零食店-长沙银杉路店,零食店,2026-04-24,17,学生,0,3
零食店-长沙银杉路店,零食店,2026-04-24,18,家庭主妇,162,10
零食店-长沙银杉路店,零食店,2026-04-24,18,退休老人,0,4
零食店-长沙银杉路店,零食店,2026-04-24,18,中青年,138,7
零食店-长沙银杉路店,零食店,2026-04-24,18,上班族,1265,45
零食店-长沙银杉路店,零食店,2026-04-24,18,学生,0,11
零食店-长沙银杉路店,零食店,2026-04-24,19,家庭主妇,688,40
零食店-长沙银杉路店,零食店,2026-04-24,19,退休老人,8,3
零食店-长沙银杉路店,零食店,2026-04-24,19,中青年,461,21
零食店-长沙银杉路店,零食店,2026-04-24,19,上班族,310,21
零食店-长沙银杉路店,零食店,2026-04-24,19,学生,2,14
零食店-长沙银杉路店,零食店,2026-04-24,20,家庭主妇,531,29
零食店-长沙银杉路店,零食店,2026-04-24,20,退休老人,0,4
零食店-长沙银杉路店,零食店,2026-04-24,20,中青年,337,16
零食店-长沙银杉路店,零食店,2026-04-24,20,上班族,208,11
零食店-长沙银杉路店,零食店,2026-04-24,20,学生,0,21
零食店-长沙银杉路店,零食店,2026-04-24,21,家庭主妇,363,25
零食店-长沙银杉路店,零食店,2026-04-24,21,退休老人,0,3
零食店-长沙银杉路店,零食店,2026-04-24,21,中青年,200,22
零食店-长沙银杉路店,零食店,2026-04-24,21,上班族,146,16
零食店-长沙银杉路店,零食店,2026-04-24,21,学生,10,17
零食店-长沙银杉路店,零食店,2026-04-24,22,家庭主妇,247,17
零食店-长沙银杉路店,零食店,2026-04-24,22,退休老人,0,5
零食店-长沙银杉路店,零食店,2026-04-24,22,中青年,164,11
零食店-长沙银杉路店,零食店,2026-04-24,22,上班族,115,10
零食店-长沙银杉路店,零食店,2026-04-24,22,学生,0,8
零食店-长沙银杉路店,零食店,2026-04-24,23,家庭主妇,0,0
零食店-长沙银杉路店,零食店,2026-04-24,23,退休老人,0,0
零食店-长沙银杉路店,零食店,2026-04-24,23,中青年,0,0
零食店-长沙银杉路店,零食店,2026-04-24,23,上班族,0,0
零食店-长沙银杉路店,零食店,2026-04-24,23,学生,0,0
零食店-长沙银杉路店,零食店,2026-04-25,0,家庭主妇,13,6
零食店-长沙银杉路店,零食店,2026-04-25,0,退休老人,0,1
零食店-长沙银杉路店,零食店,2026-04-25,0,中青年,34,3
零食店-长沙银杉路店,零食店,2026-04-25,0,上班族,6,3
零食店-长沙银杉路店,零食店,2026-04-25,0,学生,0,0
零食店-长沙银杉路店,零食店,2026-04-25,1,家庭主妇,8,0
零食店-长沙银杉路店,零食店,2026-04-25,1,退休老人,0,0
零食店-长沙银杉路店,零食店,2026-04-25,1,中青年,16,0
零食店-长沙银杉路店,零食店,2026-04-25,1,上班族,12,0
零食店-长沙银杉路店,零食店,2026-04-25,1,学生,0,0
零食店-长沙银杉路店,零食店,2026-04-25,2,家庭主妇,7,0
零食店-长沙银杉路店,零食店,2026-04-25,2,退休老人,0,0
零食店-长沙银杉路店,零食店,2026-04-25,2,中青年,12,0
零食店-长沙银杉路店,零食店,2026-04-25,2,上班族,9,0
零食店-长沙银杉路店,零食店,2026-04-25,2,学生,0,0
零食店-长沙银杉路店,零食店,2026-04-25,3,家庭主妇,3,0
零食店-长沙银杉路店,零食店,2026-04-25,3,退休老人,0,0
零食店-长沙银杉路店,零食店,2026-04-25,3,中青年,7,0
零食店-长沙银杉路店,零食店,2026-04-25,3,上班族,3,0
零食店-长沙银杉路店,零食店,2026-04-25,3,学生,0,0
零食店-长沙银杉路店,零食店,2026-04-25,4,家庭主妇,2,0
零食店-长沙银杉路店,零食店,2026-04-25,4,退休老人,0,0
零食店-长沙银杉路店,零食店,2026-04-25,4,中青年,0,0
零食店-长沙银杉路店,零食店,2026-04-25,4,上班族,3,0
零食店-长沙银杉路店,零食店,2026-04-25,4,学生,0,0
零食店-长沙银杉路店,零食店,2026-04-25,5,家庭主妇,3,0
零食店-长沙银杉路店,零食店,2026-04-25,5,退休老人,0,0
零食店-长沙银杉路店,零食店,2026-04-25,5,中青年,7,0
零食店-长沙银杉路店,零食店,2026-04-25,5,上班族,0,0
零食店-长沙银杉路店,零食店,2026-04-25,5,学生,0,0
零食店-长沙银杉路店,零食店,2026-04-25,6,家庭主妇,17,0
零食店-长沙银杉路店,零食店,2026-04-25,6,退休老人,0,0
零食店-长沙银杉路店,零食店,2026-04-25,6,中青年,34,0
零食店-长沙银杉路店,零食店,2026-04-25,6,上班族,11,0
零食店-长沙银杉路店,零食店,2026-04-25,6,学生,0,0
零食店-长沙银杉路店,零食店,2026-04-25,7,家庭主妇,9,3
零食店-长沙银杉路店,零食店,2026-04-25,7,退休老人,3,0
零食店-长沙银杉路店,零食店,2026-04-25,7,中青年,33,3
零食店-长沙银杉路店,零食店,2026-04-25,7,上班族,209,11
零食店-长沙银杉路店,零食店,2026-04-25,7,学生,3,3
零食店-长沙银杉路店,零食店,2026-04-25,8,家庭主妇,173,8
零食店-长沙银杉路店,零食店,2026-04-25,8,退休老人,0,1
零食店-长沙银杉路店,零食店,2026-04-25,8,中青年,140,8
零食店-长沙银杉路店,零食店,2026-04-25,8,上班族,250,13
零食店-长沙银杉路店,零食店,2026-04-25,8,学生,0,3
零食店-长沙银杉路店,零食店,2026-04-25,9,家庭主妇,220,20
零食店-长沙银杉路店,零食店,2026-04-25,9,退休老人,7,3
零食店-长沙银杉路店,零食店,2026-04-25,9,中青年,251,14
零食店-长沙银杉路店,零食店,2026-04-25,9,上班族,107,6
零食店-长沙银杉路店,零食店,2026-04-25,9,学生,5,11
零食店-长沙银杉路店,零食店,2026-04-25,10,家庭主妇,222,13
零食店-长沙银杉路店,零食店,2026-04-25,10,退休老人,0,3
零食店-长沙银杉路店,零食店,2026-04-25,10,中青年,256,16
零食店-长沙银杉路店,零食店,2026-04-25,10,上班族,142,8
零食店-长沙银杉路店,零食店,2026-04-25,10,学生,0,9
零食店-长沙银杉路店,零食店,2026-04-25,11,家庭主妇,171,13
零食店-长沙银杉路店,零食店,2026-04-25,11,退休老人,6,4
零食店-长沙银杉路店,零食店,2026-04-25,11,中青年,158,12
零食店-长沙银杉路店,零食店,2026-04-25,11,上班族,276,17
零食店-长沙银杉路店,零食店,2026-04-25,11,学生,6,12
零食店-长沙银杉路店,零食店,2026-04-25,12,家庭主妇,67,4
零食店-长沙银杉路店,零食店,2026-04-25,12,退休老人,14,2
零食店-长沙银杉路店,零食店,2026-04-25,12,中青年,85,5
零食店-长沙银杉路店,零食店,2026-04-25,12,上班族,583,24
零食店-长沙银杉路店,零食店,2026-04-25,12,学生,27,15
零食店-长沙银杉路店,零食店,2026-04-25,13,家庭主妇,344,22
零食店-长沙银杉路店,零食店,2026-04-25,13,退休老人,2,5
零食店-长沙银杉路店,零食店,2026-04-25,13,中青年,325,15
零食店-长沙银杉路店,零食店,2026-04-25,13,上班族,141,11
零食店-长沙银杉路店,零食店,2026-04-25,13,学生,19,17
零食店-长沙银杉路店,零食店,2026-04-25,14,家庭主妇,332,25
零食店-长沙银杉路店,零食店,2026-04-25,14,退休老人,9,5
零食店-长沙银杉路店,零食店,2026-04-25,14,中青年,335,14
零食店-长沙银杉路店,零食店,2026-04-25,14,上班族,155,7
零食店-长沙银杉路店,零食店,2026-04-25,14,学生,0,12
零食店-长沙银杉路店,零食店,2026-04-25,15,家庭主妇,409,22
零食店-长沙银杉路店,零食店,2026-04-25,15,退休老人,7,3
零食店-长沙银杉路店,零食店,2026-04-25,15,中青年,334,23
零食店-长沙银杉路店,零食店,2026-04-25,15,上班族,142,13
零食店-长沙银杉路店,零食店,2026-04-25,15,学生,19,28
零食店-长沙银杉路店,零食店,2026-04-25,16,家庭主妇,352,30
零食店-长沙银杉路店,零食店,2026-04-25,16,退休老人,9,7
零食店-长沙银杉路店,零食店,2026-04-25,16,中青年,354,18
零食店-长沙银杉路店,零食店,2026-04-25,16,上班族,176,15
零食店-长沙银杉路店,零食店,2026-04-25,16,学生,0,12
零食店-长沙银杉路店,零食店,2026-04-25,17,家庭主妇,222,16
零食店-长沙银杉路店,零食店,2026-04-25,17,退休老人,11,5
零食店-长沙银杉路店,零食店,2026-04-25,17,中青年,218,13
零食店-长沙银杉路店,零食店,2026-04-25,17,上班族,489,16
零食店-长沙银杉路店,零食店,2026-04-25,17,学生,16,10
零食店-长沙银杉路店,零食店,2026-04-25,18,家庭主妇,157,16
零食店-长沙银杉路店,零食店,2026-04-25,18,退休老人,8,9
零食店-长沙银杉路店,零食店,2026-04-25,18,中青年,120,9
零食店-长沙银杉路店,零食店,2026-04-25,18,上班族,1088,47
零食店-长沙银杉路店,零食店,2026-04-25,18,学生,2,19
零食店-长沙银杉路店,零食店,2026-04-25,19,家庭主妇,625,35
零食店-长沙银杉路店,零食店,2026-04-25,19,退休老人,10,4
零食店-长沙银杉路店,零食店,2026-04-25,19,中青年,418,26
零食店-长沙银杉路店,零食店,2026-04-25,19,上班族,314,14
零食店-长沙银杉路店,零食店,2026-04-25,19,学生,0,19
零食店-长沙银杉路店,零食店,2026-04-25,20,家庭主妇,533,20
零食店-长沙银杉路店,零食店,2026-04-25,20,退休老人,5,4
零食店-长沙银杉路店,零食店,2026-04-25,20,中青年,332,21
零食店-长沙银杉路店,零食店,2026-04-25,20,上班族,204,14
零食店-长沙银杉路店,零食店,2026-04-25,20,学生,6,18
零食店-长沙银杉路店,零食店,2026-04-25,21,家庭主妇,377,26
零食店-长沙银杉路店,零食店,2026-04-25,21,退休老人,3,5
零食店-长沙银杉路店,零食店,2026-04-25,21,中青年,239,23
零食店-长沙银杉路店,零食店,2026-04-25,21,上班族,152,17
零食店-长沙银杉路店,零食店,2026-04-25,21,学生,0,14
零食店-长沙银杉路店,零食店,2026-04-25,22,家庭主妇,221,16
零食店-长沙银杉路店,零食店,2026-04-25,22,退休老人,3,3
零食店-长沙银杉路店,零食店,2026-04-25,22,中青年,172,14
零食店-长沙银杉路店,零食店,2026-04-25,22,上班族,87,7
零食店-长沙银杉路店,零食店,2026-04-25,22,学生,0,10
零食店-长沙银杉路店,零食店,2026-04-25,23,家庭主妇,0,0
零食店-长沙银杉路店,零食店,2026-04-25,23,退休老人,0,0
零食店-长沙银杉路店,零食店,2026-04-25,23,中青年,0,0
零食店-长沙银杉路店,零食店,2026-04-25,23,上班族,0,0
零食店-长沙银杉路店,零食店,2026-04-25,23,学生,0,0
零食店-长沙银杉路店,零食店,2026-04-27,0,家庭主妇,23,1
零食店-长沙银杉路店,零食店,2026-04-27,0,退休老人,0,0
零食店-长沙银杉路店,零食店,2026-04-27,0,中青年,39,0
零食店-长沙银杉路店,零食店,2026-04-27,0,上班族,12,0
零食店-长沙银杉路店,零食店,2026-04-27,0,学生,0,0
零食店-长沙银杉路店,零食店,2026-04-27,1,家庭主妇,7,0
零食店-长沙银杉路店,零食店,2026-04-27,1,退休老人,0,0
零食店-长沙银杉路店,零食店,2026-04-27,1,中青年,24,0
零食店-长沙银杉路店,零食店,2026-04-27,1,上班族,2,0
零食店-长沙银杉路店,零食店,2026-04-27,1,学生,0,0
零食店-长沙银杉路店,零食店,2026-04-27,2,家庭主妇,9,0
零食店-长沙银杉路店,零食店,2026-04-27,2,退休老人,0,0
零食店-长沙银杉路店,零食店,2026-04-27,2,中青年,9,0
零食店-长沙银杉路店,零食店,2026-04-27,2,上班族,6,0
零食店-长沙银杉路店,零食店,2026-04-27,2,学生,0,0
零食店-长沙银杉路店,零食店,2026-04-27,3,家庭主妇,4,0
零食店-长沙银杉路店,零食店,2026-04-27,3,退休老人,0,0
零食店-长沙银杉路店,零食店,2026-04-27,3,中青年,11,0
零食店-长沙银杉路店,零食店,2026-04-27,3,上班族,4,0
零食店-长沙银杉路店,零食店,2026-04-27,3,学生,1,0
零食店-长沙银杉路店,零食店,2026-04-27,4,家庭主妇,2,0
零食店-长沙银杉路店,零食店,2026-04-27,4,退休老人,0,0
零食店-长沙银杉路店,零食店,2026-04-27,4,中青年,8,0
零食店-长沙银杉路店,零食店,2026-04-27,4,上班族,0,0
零食店-长沙银杉路店,零食店,2026-04-27,4,学生,0,0
零食店-长沙银杉路店,零食店,2026-04-27,5,家庭主妇,5,0
零食店-长沙银杉路店,零食店,2026-04-27,5,退休老人,0,0
零食店-长沙银杉路店,零食店,2026-04-27,5,中青年,7,0
零食店-长沙银杉路店,零食店,2026-04-27,5,上班族,7,0
零食店-长沙银杉路店,零食店,2026-04-27,5,学生,2,0
零食店-长沙银杉路店,零食店,2026-04-27,6,家庭主妇,46,0
零食店-长沙银杉路店,零食店,2026-04-27,6,退休老人,0,0
零食店-长沙银杉路店,零食店,2026-04-27,6,中青年,85,0
零食店-长沙银杉路店,零食店,2026-04-27,6,上班族,27,0
零食店-长沙银杉路店,零食店,2026-04-27,6,学生,0,0
零食店-长沙银杉路店,零食店,2026-04-27,7,家庭主妇,38,2
零食店-长沙银杉路店,零食店,2026-04-27,7,退休老人,0,1
零食店-长沙银杉路店,零食店,2026-04-27,7,中青年,67,2
零食店-长沙银杉路店,零食店,2026-04-27,7,上班族,463,8
零食店-长沙银杉路店,零食店,2026-04-27,7,学生,7,0
零食店-长沙银杉路店,零食店,2026-04-27,8,家庭主妇,160,4
零食店-长沙银杉路店,零食店,2026-04-27,8,退休老人,3,2
零食店-长沙银杉路店,零食店,2026-04-27,8,中青年,245,5
零食店-长沙银杉路店,零食店,2026-04-27,8,上班族,422,16
零食店-长沙银杉路店,零食店,2026-04-27,8,学生,0,4
零食店-长沙银杉路店,零食店,2026-04-27,9,家庭主妇,133,7
零食店-长沙银杉路店,零食店,2026-04-27,9,退休老人,5,1
零食店-长沙银杉路店,零食店,2026-04-27,9,中青年,220,11
零食店-长沙银杉路店,零食店,2026-04-27,9,上班族,109,6
零食店-长沙银杉路店,零食店,2026-04-27,9,学生,0,4
零食店-长沙银杉路店,零食店,2026-04-27,10,家庭主妇,124,4
零食店-长沙银杉路店,零食店,2026-04-27,10,退休老人,4,1
零食店-长沙银杉路店,零食店,2026-04-27,10,中青年,168,6
零食店-长沙银杉路店,零食店,2026-04-27,10,上班族,98,2
零食店-长沙银杉路店,零食店,2026-04-27,10,学生,12,2
零食店-长沙银杉路店,零食店,2026-04-27,11,家庭主妇,85,7
零食店-长沙银杉路店,零食店,2026-04-27,11,退休老人,0,1
零食店-长沙银杉路店,零食店,2026-04-27,11,中青年,106,4
零食店-长沙银杉路店,零食店,2026-04-27,11,上班族,193,9
零食店-长沙银杉路店,零食店,2026-04-27,11,学生,0,2
零食店-长沙银杉路店,零食店,2026-04-27,12,家庭主妇,42,4
零食店-长沙银杉路店,零食店,2026-04-27,12,退休老人,0,1
零食店-长沙银杉路店,零食店,2026-04-27,12,中青年,46,4
零食店-长沙银杉路店,零食店,2026-04-27,12,上班族,369,17
零食店-长沙银杉路店,零食店,2026-04-27,12,学生,0,2
零食店-长沙银杉路店,零食店,2026-04-27,13,家庭主妇,131,5
零食店-长沙银杉路店,零食店,2026-04-27,13,退休老人,0,1
零食店-长沙银杉路店,零食店,2026-04-27,13,中青年,159,3
零食店-长沙银杉路店,零食店,2026-04-27,13,上班族,62,1
零食店-长沙银杉路店,零食店,2026-04-27,13,学生,0,1
零食店-长沙银杉路店,零食店,2026-04-27,14,家庭主妇,122,4
零食店-长沙银杉路店,零食店,2026-04-27,14,退休老人,0,0
零食店-长沙银杉路店,零食店,2026-04-27,14,中青年,107,3
零食店-长沙银杉路店,零食店,2026-04-27,14,上班族,69,2
零食店-长沙银杉路店,零食店,2026-04-27,14,学生,0,0
零食店-长沙银杉路店,零食店,2026-04-27,15,家庭主妇,115,3
零食店-长沙银杉路店,零食店,2026-04-27,15,退休老人,0,0
零食店-长沙银杉路店,零食店,2026-04-27,15,中青年,162,1
零食店-长沙银杉路店,零食店,2026-04-27,15,上班族,73,2
零食店-长沙银杉路店,零食店,2026-04-27,15,学生,0,0
零食店-长沙银杉路店,零食店,2026-04-27,16,家庭主妇,103,3
零食店-长沙银杉路店,零食店,2026-04-27,16,退休老人,0,0
零食店-长沙银杉路店,零食店,2026-04-27,16,中青年,127,2
零食店-长沙银杉路店,零食店,2026-04-27,16,上班族,64,2
零食店-长沙银杉路店,零食店,2026-04-27,16,学生,0,0
零食店-长沙银杉路店,零食店,2026-04-27,17,家庭主妇,42,0
零食店-长沙银杉路店,零食店,2026-04-27,17,退休老人,0,0
零食店-长沙银杉路店,零食店,2026-04-27,17,中青年,43,0
零食店-长沙银杉路店,零食店,2026-04-27,17,上班族,154,0
零食店-长沙银杉路店,零食店,2026-04-27,17,学生,0,0
零食店-长沙银杉路店,零食店,2026-04-27,18,家庭主妇,55,6
零食店-长沙银杉路店,零食店,2026-04-27,18,退休老人,0,3
零食店-长沙银杉路店,零食店,2026-04-27,18,中青年,46,4
零食店-长沙银杉路店,零食店,2026-04-27,18,上班族,385,28
零食店-长沙银杉路店,零食店,2026-04-27,18,学生,0,9
零食店-长沙银杉路店,零食店,2026-04-27,19,家庭主妇,219,19
零食店-长沙银杉路店,零食店,2026-04-27,19,退休老人,0,3
零食店-长沙银杉路店,零食店,2026-04-27,19,中青年,173,14
零食店-长沙银杉路店,零食店,2026-04-27,19,上班族,115,12
零食店-长沙银杉路店,零食店,2026-04-27,19,学生,0,12
零食店-长沙银杉路店,零食店,2026-04-27,20,家庭主妇,126,10
零食店-长沙银杉路店,零食店,2026-04-27,20,退休老人,0,0
零食店-长沙银杉路店,零食店,2026-04-27,20,中青年,85,19
零食店-长沙银杉路店,零食店,2026-04-27,20,上班族,54,9
零食店-长沙银杉路店,零食店,2026-04-27,20,学生,0,6
零食店-长沙银杉路店,零食店,2026-04-27,21,家庭主妇,43,9
零食店-长沙银杉路店,零食店,2026-04-27,21,退休老人,0,1
零食店-长沙银杉路店,零食店,2026-04-27,21,中青年,53,6
零食店-长沙银杉路店,零食店,2026-04-27,21,上班族,21,5
零食店-长沙银杉路店,零食店,2026-04-27,21,学生,0,2
零食店-长沙银杉路店,零食店,2026-04-27,22,家庭主妇,59,9
零食店-长沙银杉路店,零食店,2026-04-27,22,退休老人,0,0
零食店-长沙银杉路店,零食店,2026-04-27,22,中青年,34,5
零食店-长沙银杉路店,零食店,2026-04-27,22,上班族,12,4
零食店-长沙银杉路店,零食店,2026-04-27,22,学生,0,3
零食店-长沙银杉路店,零食店,2026-04-27,23,家庭主妇,0,0
零食店-长沙银杉路店,零食店,2026-04-27,23,退休老人,0,0
零食店-长沙银杉路店,零食店,2026-04-27,23,中青年,0,0
零食店-长沙银杉路店,零食店,2026-04-27,23,上班族,0,0
零食店-长沙银杉路店,零食店,2026-04-27,23,学生,0,0
零食店-长沙银杉路店,零食店,2026-04-28,0,家庭主妇,7,0
零食店-长沙银杉路店,零食店,2026-04-28,0,退休老人,0,0
零食店-长沙银杉路店,零食店,2026-04-28,0,中青年,15,0
零食店-长沙银杉路店,零食店,2026-04-28,0,上班族,12,0
零食店-长沙银杉路店,零食店,2026-04-28,0,学生,0,0
零食店-长沙银杉路店,零食店,2026-04-28,1,家庭主妇,4,0
零食店-长沙银杉路店,零食店,2026-04-28,1,退休老人,0,0
零食店-长沙银杉路店,零食店,2026-04-28,1,中青年,7,0
零食店-长沙银杉路店,零食店,2026-04-28,1,上班族,8,0
零食店-长沙银杉路店,零食店,2026-04-28,1,学生,0,0
零食店-长沙银杉路店,零食店,2026-04-28,2,家庭主妇,5,0
零食店-长沙银杉路店,零食店,2026-04-28,2,退休老人,0,0
零食店-长沙银杉路店,零食店,2026-04-28,2,中青年,7,0
零食店-长沙银杉路店,零食店,2026-04-28,2,上班族,7,0
零食店-长沙银杉路店,零食店,2026-04-28,2,学生,0,0
零食店-长沙银杉路店,零食店,2026-04-28,3,家庭主妇,0,0
零食店-长沙银杉路店,零食店,2026-04-28,3,退休老人,0,0
零食店-长沙银杉路店,零食店,2026-04-28,3,中青年,8,0
零食店-长沙银杉路店,零食店,2026-04-28,3,上班族,0,0
零食店-长沙银杉路店,零食店,2026-04-28,3,学生,0,0
零食店-长沙银杉路店,零食店,2026-04-28,4,家庭主妇,0,0
零食店-长沙银杉路店,零食店,2026-04-28,4,退休老人,0,0
零食店-长沙银杉路店,零食店,2026-04-28,4,中青年,0,0
零食店-长沙银杉路店,零食店,2026-04-28,4,上班族,3,0
零食店-长沙银杉路店,零食店,2026-04-28,4,学生,0,0
零食店-长沙银杉路店,零食店,2026-04-28,5,家庭主妇,2,0
零食店-长沙银杉路店,零食店,2026-04-28,5,退休老人,0,0
零食店-长沙银杉路店,零食店,2026-04-28,5,中青年,3,0
零食店-长沙银杉路店,零食店,2026-04-28,5,上班族,0,0
零食店-长沙银杉路店,零食店,2026-04-28,5,学生,0,0
零食店-长沙银杉路店,零食店,2026-04-28,6,家庭主妇,14,0
零食店-长沙银杉路店,零食店,2026-04-28,6,退休老人,0,0
零食店-长沙银杉路店,零食店,2026-04-28,6,中青年,15,0
零食店-长沙银杉路店,零食店,2026-04-28,6,上班族,24,0
零食店-长沙银杉路店,零食店,2026-04-28,6,学生,0,0
零食店-长沙银杉路店,零食店,2026-04-28,7,家庭主妇,17,1
零食店-长沙银杉路店,零食店,2026-04-28,7,退休老人,0,0
零食店-长沙银杉路店,零食店,2026-04-28,7,中青年,4,1
零食店-长沙银杉路店,零食店,2026-04-28,7,上班族,196,8
零食店-长沙银杉路店,零食店,2026-04-28,7,学生,0,0
零食店-长沙银杉路店,零食店,2026-04-28,8,家庭主妇,68,3
零食店-长沙银杉路店,零食店,2026-04-28,8,退休老人,0,3
零食店-长沙银杉路店,零食店,2026-04-28,8,中青年,68,5
零食店-长沙银杉路店,零食店,2026-04-28,8,上班族,179,10
零食店-长沙银杉路店,零食店,2026-04-28,8,学生,8,1
零食店-长沙银杉路店,零食店,2026-04-28,9,家庭主妇,41,3
零食店-长沙银杉路店,零食店,2026-04-28,9,退休老人,0,1
零食店-长沙银杉路店,零食店,2026-04-28,9,中青年,71,5
零食店-长沙银杉路店,零食店,2026-04-28,9,上班族,43,3
零食店-长沙银杉路店,零食店,2026-04-28,9,学生,0,1
零食店-长沙银杉路店,零食店,2026-04-28,10,家庭主妇,35,4
零食店-长沙银杉路店,零食店,2026-04-28,10,退休老人,1,0
零食店-长沙银杉路店,零食店,2026-04-28,10,中青年,37,3
零食店-长沙银杉路店,零食店,2026-04-28,10,上班族,31,3
零食店-长沙银杉路店,零食店,2026-04-28,10,学生,0,0
零食店-长沙银杉路店,零食店,2026-04-28,11,家庭主妇,43,3
零食店-长沙银杉路店,零食店,2026-04-28,11,退休老人,0,0
零食店-长沙银杉路店,零食店,2026-04-28,11,中青年,50,3
零食店-长沙银杉路店,零食店,2026-04-28,11,上班族,72,10
零食店-长沙银杉路店,零食店,2026-04-28,11,学生,0,2
零食店-长沙银杉路店,零食店,2026-04-28,12,家庭主妇,13,2
零食店-长沙银杉路店,零食店,2026-04-28,12,退休老人,0,0
零食店-长沙银杉路店,零食店,2026-04-28,12,中青年,17,0
零食店-长沙银杉路店,零食店,2026-04-28,12,上班族,160,9
零食店-长沙银杉路店,零食店,2026-04-28,12,学生,0,2
零食店-长沙银杉路店,零食店,2026-04-28,13,家庭主妇,41,5
零食店-长沙银杉路店,零食店,2026-04-28,13,退休老人,0,2
零食店-长沙银杉路店,零食店,2026-04-28,13,中青年,57,4
零食店-长沙银杉路店,零食店,2026-04-28,13,上班族,28,2
零食店-长沙银杉路店,零食店,2026-04-28,13,学生,0,0
零食店-长沙银杉路店,零食店,2026-04-28,14,家庭主妇,58,5
零食店-长沙银杉路店,零食店,2026-04-28,14,退休老人,0,0
零食店-长沙银杉路店,零食店,2026-04-28,14,中青年,60,4
零食店-长沙银杉路店,零食店,2026-04-28,14,上班族,31,4
零食店-长沙银杉路店,零食店,2026-04-28,14,学生,0,2
零食店-长沙银杉路店,零食店,2026-04-28,15,家庭主妇,60,2
零食店-长沙银杉路店,零食店,2026-04-28,15,退休老人,0,0
零食店-长沙银杉路店,零食店,2026-04-28,15,中青年,67,5
零食店-长沙银杉路店,零食店,2026-04-28,15,上班族,28,1
零食店-长沙银杉路店,零食店,2026-04-28,15,学生,0,5
零食店-长沙银杉路店,零食店,2026-04-28,16,家庭主妇,85,12
零食店-长沙银杉路店,零食店,2026-04-28,16,退休老人,0,2
零食店-长沙银杉路店,零食店,2026-04-28,16,中青年,85,4
零食店-长沙银杉路店,零食店,2026-04-28,16,上班族,23,4
零食店-长沙银杉路店,零食店,2026-04-28,16,学生,0,5
零食店-长沙银杉路店,零食店,2026-04-28,17,家庭主妇,68,5
零食店-长沙银杉路店,零食店,2026-04-28,17,退休老人,1,1
零食店-长沙银杉路店,零食店,2026-04-28,17,中青年,63,4
零食店-长沙银杉路店,零食店,2026-04-28,17,上班族,156,11
零食店-长沙银杉路店,零食店,2026-04-28,17,学生,0,3
零食店-长沙银杉路店,零食店,2026-04-28,18,家庭主妇,45,9
零食店-长沙银杉路店,零食店,2026-04-28,18,退休老人,0,2
零食店-长沙银杉路店,零食店,2026-04-28,18,中青年,24,5
零食店-长沙银杉路店,零食店,2026-04-28,18,上班族,278,44
零食店-长沙银杉路店,零食店,2026-04-28,18,学生,0,9
零食店-长沙银杉路店,零食店,2026-04-28,19,家庭主妇,85,23
零食店-长沙银杉路店,零食店,2026-04-28,19,退休老人,1,2
零食店-长沙银杉路店,零食店,2026-04-28,19,中青年,60,15
零食店-长沙银杉路店,零食店,2026-04-28,19,上班族,38,9
零食店-长沙银杉路店,零食店,2026-04-28,19,学生,8,12
零食店-长沙银杉路店,零食店,2026-04-28,20,家庭主妇,64,20
零食店-长沙银杉路店,零食店,2026-04-28,20,退休老人,0,2
零食店-长沙银杉路店,零食店,2026-04-28,20,中青年,54,12
零食店-长沙银杉路店,零食店,2026-04-28,20,上班族,23,8
零食店-长沙银杉路店,零食店,2026-04-28,20,学生,5,16
零食店-长沙银杉路店,零食店,2026-04-28,21,家庭主妇,28,14
零食店-长沙银杉路店,零食店,2026-04-28,21,退休老人,0,2
零食店-长沙银杉路店,零食店,2026-04-28,21,中青年,61,12
零食店-长沙银杉路店,零食店,2026-04-28,21,上班族,26,12
零食店-长沙银杉路店,零食店,2026-04-28,21,学生,0,11
零食店-长沙银杉路店,零食店,2026-04-28,22,家庭主妇,22,8
零食店-长沙银杉路店,零食店,2026-04-28,22,退休老人,0,1
零食店-长沙银杉路店,零食店,2026-04-28,22,中青年,23,8
零食店-长沙银杉路店,零食店,2026-04-28,22,上班族,9,6
零食店-长沙银杉路店,零食店,2026-04-28,22,学生,0,0
零食店-长沙银杉路店,零食店,2026-04-28,23,家庭主妇,0,0
零食店-长沙银杉路店,零食店,2026-04-28,23,退休老人,0,0
零食店-长沙银杉路店,零食店,2026-04-28,23,中青年,0,0
零食店-长沙银杉路店,零食店,2026-04-28,23,上班族,0,0
零食店-长沙银杉路店,零食店,2026-04-28,23,学生,0,0
零食店-长沙银杉路店,零食店,2026-04-29,0,家庭主妇,5,0
零食店-长沙银杉路店,零食店,2026-04-29,0,退休老人,0,0
零食店-长沙银杉路店,零食店,2026-04-29,0,中青年,8,0
零食店-长沙银杉路店,零食店,2026-04-29,0,上班族,5,0
零食店-长沙银杉路店,零食店,2026-04-29,0,学生,1,0
零食店-长沙银杉路店,零食店,2026-04-29,1,家庭主妇,9,0
零食店-长沙银杉路店,零食店,2026-04-29,1,退休老人,0,0
零食店-长沙银杉路店,零食店,2026-04-29,1,中青年,9,0
零食店-长沙银杉路店,零食店,2026-04-29,1,上班族,3,0
零食店-长沙银杉路店,零食店,2026-04-29,1,学生,1,0
零食店-长沙银杉路店,零食店,2026-04-29,2,家庭主妇,3,0
零食店-长沙银杉路店,零食店,2026-04-29,2,退休老人,0,0
零食店-长沙银杉路店,零食店,2026-04-29,2,中青年,3,0
零食店-长沙银杉路店,零食店,2026-04-29,2,上班族,3,0
零食店-长沙银杉路店,零食店,2026-04-29,2,学生,0,0
零食店-长沙银杉路店,零食店,2026-04-29,3,家庭主妇,2,0
零食店-长沙银杉路店,零食店,2026-04-29,3,退休老人,0,0
零食店-长沙银杉路店,零食店,2026-04-29,3,中青年,9,0
零食店-长沙银杉路店,零食店,2026-04-29,3,上班族,2,0
零食店-长沙银杉路店,零食店,2026-04-29,3,学生,0,0
零食店-长沙银杉路店,零食店,2026-04-29,4,家庭主妇,5,0
零食店-长沙银杉路店,零食店,2026-04-29,4,退休老人,2,0
零食店-长沙银杉路店,零食店,2026-04-29,4,中青年,2,0
零食店-长沙银杉路店,零食店,2026-04-29,4,上班族,5,0
零食店-长沙银杉路店,零食店,2026-04-29,4,学生,0,0
零食店-长沙银杉路店,零食店,2026-04-29,5,家庭主妇,0,0
零食店-长沙银杉路店,零食店,2026-04-29,5,退休老人,0,0
零食店-长沙银杉路店,零食店,2026-04-29,5,中青年,4,0
零食店-长沙银杉路店,零食店,2026-04-29,5,上班族,0,0
零食店-长沙银杉路店,零食店,2026-04-29,5,学生,0,0
零食店-长沙银杉路店,零食店,2026-04-29,6,家庭主妇,37,0
零食店-长沙银杉路店,零食店,2026-04-29,6,退休老人,0,0
零食店-长沙银杉路店,零食店,2026-04-29,6,中青年,45,0
零食店-长沙银杉路店,零食店,2026-04-29,6,上班族,10,0
零食店-长沙银杉路店,零食店,2026-04-29,6,学生,0,0
零食店-长沙银杉路店,零食店,2026-04-29,7,家庭主妇,57,1
零食店-长沙银杉路店,零食店,2026-04-29,7,退休老人,0,0
零食店-长沙银杉路店,零食店,2026-04-29,7,中青年,49,0
零食店-长沙银杉路店,零食店,2026-04-29,7,上班族,384,4
零食店-长沙银杉路店,零食店,2026-04-29,7,学生,0,1
零食店-长沙银杉路店,零食店,2026-04-29,8,家庭主妇,152,4
零食店-长沙银杉路店,零食店,2026-04-29,8,退休老人,3,1
零食店-长沙银杉路店,零食店,2026-04-29,8,中青年,184,8
零食店-长沙银杉路店,零食店,2026-04-29,8,上班族,464,14
零食店-长沙银杉路店,零食店,2026-04-29,8,学生,0,3
零食店-长沙银杉路店,零食店,2026-04-29,9,家庭主妇,140,5
零食店-长沙银杉路店,零食店,2026-04-29,9,退休老人,13,2
零食店-长沙银杉路店,零食店,2026-04-29,9,中青年,162,9
零食店-长沙银杉路店,零食店,2026-04-29,9,上班族,78,6
零食店-长沙银杉路店,零食店,2026-04-29,9,学生,5,2
零食店-长沙银杉路店,零食店,2026-04-29,10,家庭主妇,79,8
零食店-长沙银杉路店,零食店,2026-04-29,10,退休老人,0,2
零食店-长沙银杉路店,零食店,2026-04-29,10,中青年,162,12
零食店-长沙银杉路店,零食店,2026-04-29,10,上班族,64,4
零食店-长沙银杉路店,零食店,2026-04-29,10,学生,0,1
零食店-长沙银杉路店,零食店,2026-04-29,11,家庭主妇,70,4
零食店-长沙银杉路店,零食店,2026-04-29,11,退休老人,0,2
零食店-长沙银杉路店,零食店,2026-04-29,11,中青年,95,5
零食店-长沙银杉路店,零食店,2026-04-29,11,上班族,150,5
零食店-长沙银杉路店,零食店,2026-04-29,11,学生,0,4
零食店-长沙银杉路店,零食店,2026-04-29,12,家庭主妇,41,2
零食店-长沙银杉路店,零食店,2026-04-29,12,退休老人,0,1
零食店-长沙银杉路店,零食店,2026-04-29,12,中青年,44,1
零食店-长沙银杉路店,零食店,2026-04-29,12,上班族,323,11
零食店-长沙银杉路店,零食店,2026-04-29,12,学生,0,3
零食店-长沙银杉路店,零食店,2026-04-29,13,家庭主妇,176,13
零食店-长沙银杉路店,零食店,2026-04-29,13,退休老人,1,2
零食店-长沙银杉路店,零食店,2026-04-29,13,中青年,178,8
零食店-长沙银杉路店,零食店,2026-04-29,13,上班族,108,4
零食店-长沙银杉路店,零食店,2026-04-29,13,学生,0,4
零食店-长沙银杉路店,零食店,2026-04-29,14,家庭主妇,134,8
零食店-长沙银杉路店,零食店,2026-04-29,14,退休老人,0,2
零食店-长沙银杉路店,零食店,2026-04-29,14,中青年,211,5
零食店-长沙银杉路店,零食店,2026-04-29,14,上班族,81,4
零食店-长沙银杉路店,零食店,2026-04-29,14,学生,0,2
零食店-长沙银杉路店,零食店,2026-04-29,15,家庭主妇,197,11
零食店-长沙银杉路店,零食店,2026-04-29,15,退休老人,19,1
零食店-长沙银杉路店,零食店,2026-04-29,15,中青年,211,4
零食店-长沙银杉路店,零食店,2026-04-29,15,上班族,113,3
零食店-长沙银杉路店,零食店,2026-04-29,15,学生,2,5
零食店-长沙银杉路店,零食店,2026-04-29,16,家庭主妇,238,14
零食店-长沙银杉路店,零食店,2026-04-29,16,退休老人,8,2
零食店-长沙银杉路店,零食店,2026-04-29,16,中青年,300,9
零食店-长沙银杉路店,零食店,2026-04-29,16,上班族,118,7
零食店-长沙银杉路店,零食店,2026-04-29,16,学生,5,9
零食店-长沙银杉路店,零食店,2026-04-29,17,家庭主妇,222,9
零食店-长沙银杉路店,零食店,2026-04-29,17,退休老人,4,2
零食店-长沙银杉路店,零食店,2026-04-29,17,中青年,207,7
零食店-长沙银杉路店,零食店,2026-04-29,17,上班族,477,16
零食店-长沙银杉路店,零食店,2026-04-29,17,学生,0,8
零食店-长沙银杉路店,零食店,2026-04-29,18,家庭主妇,151,9
零食店-长沙银杉路店,零食店,2026-04-29,18,退休老人,24,4
零食店-长沙银杉路店,零食店,2026-04-29,18,中青年,130,5
零食店-长沙银杉路店,零食店,2026-04-29,18,上班族,1089,46
零食店-长沙银杉路店,零食店,2026-04-29,18,学生,1,23
零食店-长沙银杉路店,零食店,2026-04-29,19,家庭主妇,631,41
零食店-长沙银杉路店,零食店,2026-04-29,19,退休老人,12,7
零食店-长沙银杉路店,零食店,2026-04-29,19,中青年,375,22
零食店-长沙银杉路店,零食店,2026-04-29,19,上班族,281,22
零食店-长沙银杉路店,零食店,2026-04-29,19,学生,20,27
零食店-长沙银杉路店,零食店,2026-04-29,20,家庭主妇,453,30
零食店-长沙银杉路店,零食店,2026-04-29,20,退休老人,8,6
零食店-长沙银杉路店,零食店,2026-04-29,20,中青年,344,26
零食店-长沙银杉路店,零食店,2026-04-29,20,上班族,225,19
零食店-长沙银杉路店,零食店,2026-04-29,20,学生,20,20
零食店-长沙银杉路店,零食店,2026-04-29,21,家庭主妇,287,17
零食店-长沙银杉路店,零食店,2026-04-29,21,退休老人,4,3
零食店-长沙银杉路店,零食店,2026-04-29,21,中青年,256,15
零食店-长沙银杉路店,零食店,2026-04-29,21,上班族,146,11
零食店-长沙银杉路店,零食店,2026-04-29,21,学生,0,11
零食店-长沙银杉路店,零食店,2026-04-29,22,家庭主妇,215,13
零食店-长沙银杉路店,零食店,2026-04-29,22,退休老人,0,2
零食店-长沙银杉路店,零食店,2026-04-29,22,中青年,156,20
零食店-长沙银杉路店,零食店,2026-04-29,22,上班族,80,6
零食店-长沙银杉路店,零食店,2026-04-29,22,学生,0,6
零食店-长沙银杉路店,零食店,2026-04-29,23,家庭主妇,0,0
零食店-长沙银杉路店,零食店,2026-04-29,23,退休老人,0,0
零食店-长沙银杉路店,零食店,2026-04-29,23,中青年,0,0
零食店-长沙银杉路店,零食店,2026-04-29,23,上班族,0,0
零食店-长沙银杉路店,零食店,2026-04-29,23,学生,0,0
零食店-长沙银杉路店,零食店,2026-04-30,0,家庭主妇,27,0
零食店-长沙银杉路店,零食店,2026-04-30,0,退休老人,0,0
零食店-长沙银杉路店,零食店,2026-04-30,0,中青年,27,0
零食店-长沙银杉路店,零食店,2026-04-30,0,上班族,20,0
零食店-长沙银杉路店,零食店,2026-04-30,0,学生,0,0
零食店-长沙银杉路店,零食店,2026-04-30,1,家庭主妇,15,0
零食店-长沙银杉路店,零食店,2026-04-30,1,退休老人,0,0
零食店-长沙银杉路店,零食店,2026-04-30,1,中青年,20,0
零食店-长沙银杉路店,零食店,2026-04-30,1,上班族,7,0
零食店-长沙银杉路店,零食店,2026-04-30,1,学生,0,0
零食店-长沙银杉路店,零食店,2026-04-30,2,家庭主妇,20,0
零食店-长沙银杉路店,零食店,2026-04-30,2,退休老人,0,0
零食店-长沙银杉路店,零食店,2026-04-30,2,中青年,13,0
零食店-长沙银杉路店,零食店,2026-04-30,2,上班族,8,0
零食店-长沙银杉路店,零食店,2026-04-30,2,学生,1,0
零食店-长沙银杉路店,零食店,2026-04-30,3,家庭主妇,7,0
零食店-长沙银杉路店,零食店,2026-04-30,3,退休老人,0,0
零食店-长沙银杉路店,零食店,2026-04-30,3,中青年,11,0
零食店-长沙银杉路店,零食店,2026-04-30,3,上班族,4,0
零食店-长沙银杉路店,零食店,2026-04-30,3,学生,0,0
零食店-长沙银杉路店,零食店,2026-04-30,4,家庭主妇,11,0
零食店-长沙银杉路店,零食店,2026-04-30,4,退休老人,0,0
零食店-长沙银杉路店,零食店,2026-04-30,4,中青年,3,0
零食店-长沙银杉路店,零食店,2026-04-30,4,上班族,4,0
零食店-长沙银杉路店,零食店,2026-04-30,4,学生,0,0
零食店-长沙银杉路店,零食店,2026-04-30,5,家庭主妇,8,0
零食店-长沙银杉路店,零食店,2026-04-30,5,退休老人,0,0
零食店-长沙银杉路店,零食店,2026-04-30,5,中青年,8,0
零食店-长沙银杉路店,零食店,2026-04-30,5,上班族,0,0
零食店-长沙银杉路店,零食店,2026-04-30,5,学生,0,0
零食店-长沙银杉路店,零食店,2026-04-30,6,家庭主妇,46,0
零食店-长沙银杉路店,零食店,2026-04-30,6,退休老人,4,0
零食店-长沙银杉路店,零食店,2026-04-30,6,中青年,73,0
零食店-长沙银杉路店,零食店,2026-04-30,6,上班族,15,0
零食店-长沙银杉路店,零食店,2026-04-30,6,学生,1,0
零食店-长沙银杉路店,零食店,2026-04-30,7,家庭主妇,52,4
零食店-长沙银杉路店,零食店,2026-04-30,7,退休老人,0,0
零食店-长沙银杉路店,零食店,2026-04-30,7,中青年,64,1
零食店-长沙银杉路店,零食店,2026-04-30,7,上班族,466,8
零食店-长沙银杉路店,零食店,2026-04-30,7,学生,0,2
零食店-长沙银杉路店,零食店,2026-04-30,8,家庭主妇,231,9
零食店-长沙银杉路店,零食店,2026-04-30,8,退休老人,8,2
零食店-长沙银杉路店,零食店,2026-04-30,8,中青年,236,6
零食店-长沙银杉路店,零食店,2026-04-30,8,上班族,419,16
零食店-长沙银杉路店,零食店,2026-04-30,8,学生,0,6
零食店-长沙银杉路店,零食店,2026-04-30,9,家庭主妇,240,17
零食店-长沙银杉路店,零食店,2026-04-30,9,退休老人,5,4
零食店-长沙银杉路店,零食店,2026-04-30,9,中青年,323,15
零食店-长沙银杉路店,零食店,2026-04-30,9,上班族,135,10
零食店-长沙银杉路店,零食店,2026-04-30,9,学生,47,20
零食店-长沙银杉路店,零食店,2026-04-30,10,家庭主妇,244,16
零食店-长沙银杉路店,零食店,2026-04-30,10,退休老人,2,2
零食店-长沙银杉路店,零食店,2026-04-30,10,中青年,297,11
零食店-长沙银杉路店,零食店,2026-04-30,10,上班族,118,9
零食店-长沙银杉路店,零食店,2026-04-30,10,学生,15,15
零食店-长沙银杉路店,零食店,2026-04-30,11,家庭主妇,135,8
零食店-长沙银杉路店,零食店,2026-04-30,11,退休老人,4,4
零食店-长沙银杉路店,零食店,2026-04-30,11,中青年,199,10
零食店-长沙银杉路店,零食店,2026-04-30,11,上班族,270,14
零食店-长沙银杉路店,零食店,2026-04-30,11,学生,4,6
零食店-长沙银杉路店,零食店,2026-04-30,12,家庭主妇,84,8
零食店-长沙银杉路店,零食店,2026-04-30,12,退休老人,4,2
零食店-长沙银杉路店,零食店,2026-04-30,12,中青年,108,8
零食店-长沙银杉路店,零食店,2026-04-30,12,上班族,676,36
零食店-长沙银杉路店,零食店,2026-04-30,12,学生,14,19
零食店-长沙银杉路店,零食店,2026-04-30,13,家庭主妇,370,27
零食店-长沙银杉路店,零食店,2026-04-30,13,退休老人,15,4
零食店-长沙银杉路店,零食店,2026-04-30,13,中青年,414,19
零食店-长沙银杉路店,零食店,2026-04-30,13,上班族,202,14
零食店-长沙银杉路店,零食店,2026-04-30,13,学生,23,23
零食店-长沙银杉路店,零食店,2026-04-30,14,家庭主妇,384,32
零食店-长沙银杉路店,零食店,2026-04-30,14,退休老人,9,5
零食店-长沙银杉路店,零食店,2026-04-30,14,中青年,410,17
零食店-长沙银杉路店,零食店,2026-04-30,14,上班族,193,11
零食店-长沙银杉路店,零食店,2026-04-30,14,学生,29,22
零食店-长沙银杉路店,零食店,2026-04-30,15,家庭主妇,356,23
零食店-长沙银杉路店,零食店,2026-04-30,15,退休老人,12,6
零食店-长沙银杉路店,零食店,2026-04-30,15,中青年,350,12
零食店-长沙银杉路店,零食店,2026-04-30,15,上班族,176,9
零食店-长沙银杉路店,零食店,2026-04-30,15,学生,26,23
零食店-长沙银杉路店,零食店,2026-04-30,16,家庭主妇,400,28
零食店-长沙银杉路店,零食店,2026-04-30,16,退休老人,13,5
零食店-长沙银杉路店,零食店,2026-04-30,16,中青年,421,15
零食店-长沙银杉路店,零食店,2026-04-30,16,上班族,198,11
零食店-长沙银杉路店,零食店,2026-04-30,16,学生,28,17
零食店-长沙银杉路店,零食店,2026-04-30,17,家庭主妇,338,20
零食店-长沙银杉路店,零食店,2026-04-30,17,退休老人,5,4
零食店-长沙银杉路店,零食店,2026-04-30,17,中青年,309,10
零食店-长沙银杉路店,零食店,2026-04-30,17,上班族,761,26
零食店-长沙银杉路店,零食店,2026-04-30,17,学生,28,12
零食店-长沙银杉路店,零食店,2026-04-30,18,家庭主妇,219,12
零食店-长沙银杉路店,零食店,2026-04-30,18,退休老人,23,10
零食店-长沙银杉路店,零食店,2026-04-30,18,中青年,187,9
零食店-长沙银杉路店,零食店,2026-04-30,18,上班族,1491,68
零食店-长沙银杉路店,零食店,2026-04-30,18,学生,9,18
零食店-长沙银杉路店,零食店,2026-04-30,19,家庭主妇,831,51
零食店-长沙银杉路店,零食店,2026-04-30,19,退休老人,16,8
零食店-长沙银杉路店,零食店,2026-04-30,19,中青年,624,32
零食店-长沙银杉路店,零食店,2026-04-30,19,上班族,421,23
零食店-长沙银杉路店,零食店,2026-04-30,19,学生,12,23
零食店-长沙银杉路店,零食店,2026-04-30,20,家庭主妇,760,47
零食店-长沙银杉路店,零食店,2026-04-30,20,退休老人,11,5
零食店-长沙银杉路店,零食店,2026-04-30,20,中青年,454,28
零食店-长沙银杉路店,零食店,2026-04-30,20,上班族,273,18
零食店-长沙银杉路店,零食店,2026-04-30,20,学生,24,32
零食店-长沙银杉路店,零食店,2026-04-30,21,家庭主妇,586,47
零食店-长沙银杉路店,零食店,2026-04-30,21,退休老人,5,4
零食店-长沙银杉路店,零食店,2026-04-30,21,中青年,348,32
零食店-长沙银杉路店,零食店,2026-04-30,21,上班族,212,20
零食店-长沙银杉路店,零食店,2026-04-30,21,学生,15,20
零食店-长沙银杉路店,零食店,2026-04-30,22,家庭主妇,295,31
零食店-长沙银杉路店,零食店,2026-04-30,22,退休老人,5,4
零食店-长沙银杉路店,零食店,2026-04-30,22,中青年,204,17
零食店-长沙银杉路店,零食店,2026-04-30,22,上班族,144,13
零食店-长沙银杉路店,零食店,2026-04-30,22,学生,2,14
零食店-长沙银杉路店,零食店,2026-04-30,23,家庭主妇,0,0
零食店-长沙银杉路店,零食店,2026-04-30,23,退休老人,0,0
零食店-长沙银杉路店,零食店,2026-04-30,23,中青年,0,0
零食店-长沙银杉路店,零食店,2026-04-30,23,上班族,0,0
零食店-长沙银杉路店,零食店,2026-04-30,23,学生,0,0
药店-桐君阁仁秀店,药店,2026-03-27,0,家庭主妇,6,0
药店-桐君阁仁秀店,药店,2026-03-27,0,退休老人,2,0
药店-桐君阁仁秀店,药店,2026-03-27,0,中青年,4,0
药店-桐君阁仁秀店,药店,2026-03-27,0,上班族,2,0
药店-桐君阁仁秀店,药店,2026-03-27,0,学生,2,0
药店-桐君阁仁秀店,药店,2026-03-27,1,家庭主妇,2,0
药店-桐君阁仁秀店,药店,2026-03-27,1,退休老人,4,0
药店-桐君阁仁秀店,药店,2026-03-27,1,中青年,2,0
药店-桐君阁仁秀店,药店,2026-03-27,1,上班族,4,0
药店-桐君阁仁秀店,药店,2026-03-27,1,学生,3,0
药店-桐君阁仁秀店,药店,2026-03-27,2,家庭主妇,6,0
药店-桐君阁仁秀店,药店,2026-03-27,2,退休老人,5,0
药店-桐君阁仁秀店,药店,2026-03-27,2,中青年,3,0
药店-桐君阁仁秀店,药店,2026-03-27,2,上班族,5,0
药店-桐君阁仁秀店,药店,2026-03-27,2,学生,1,0
药店-桐君阁仁秀店,药店,2026-03-27,3,家庭主妇,1,0
药店-桐君阁仁秀店,药店,2026-03-27,3,退休老人,3,0
药店-桐君阁仁秀店,药店,2026-03-27,3,中青年,3,0
药店-桐君阁仁秀店,药店,2026-03-27,3,上班族,2,0
药店-桐君阁仁秀店,药店,2026-03-27,3,学生,2,0
药店-桐君阁仁秀店,药店,2026-03-27,4,家庭主妇,1,0
药店-桐君阁仁秀店,药店,2026-03-27,4,退休老人,4,0
药店-桐君阁仁秀店,药店,2026-03-27,4,中青年,3,0
药店-桐君阁仁秀店,药店,2026-03-27,4,上班族,3,0
药店-桐君阁仁秀店,药店,2026-03-27,4,学生,3,0
药店-桐君阁仁秀店,药店,2026-03-27,5,家庭主妇,3,0
药店-桐君阁仁秀店,药店,2026-03-27,5,退休老人,5,0
药店-桐君阁仁秀店,药店,2026-03-27,5,中青年,5,0
药店-桐君阁仁秀店,药店,2026-03-27,5,上班族,3,0
药店-桐君阁仁秀店,药店,2026-03-27,5,学生,2,0
药店-桐君阁仁秀店,药店,2026-03-27,6,家庭主妇,13,0
药店-桐君阁仁秀店,药店,2026-03-27,6,退休老人,18,0
药店-桐君阁仁秀店,药店,2026-03-27,6,中青年,12,0
药店-桐君阁仁秀店,药店,2026-03-27,6,上班族,14,0
药店-桐君阁仁秀店,药店,2026-03-27,6,学生,16,0
药店-桐君阁仁秀店,药店,2026-03-27,7,家庭主妇,39,0
药店-桐君阁仁秀店,药店,2026-03-27,7,退休老人,38,0
药店-桐君阁仁秀店,药店,2026-03-27,7,中青年,45,0
药店-桐君阁仁秀店,药店,2026-03-27,7,上班族,35,0
药店-桐君阁仁秀店,药店,2026-03-27,7,学生,33,0
药店-桐君阁仁秀店,药店,2026-03-27,8,家庭主妇,56,0
药店-桐君阁仁秀店,药店,2026-03-27,8,退休老人,51,4
药店-桐君阁仁秀店,药店,2026-03-27,8,中青年,71,1
药店-桐君阁仁秀店,药店,2026-03-27,8,上班族,66,6
药店-桐君阁仁秀店,药店,2026-03-27,8,学生,53,0
药店-桐君阁仁秀店,药店,2026-03-27,9,家庭主妇,66,7
药店-桐君阁仁秀店,药店,2026-03-27,9,退休老人,71,5
药店-桐君阁仁秀店,药店,2026-03-27,9,中青年,81,3
药店-桐君阁仁秀店,药店,2026-03-27,9,上班族,74,7
药店-桐君阁仁秀店,药店,2026-03-27,9,学生,79,2
药店-桐君阁仁秀店,药店,2026-03-27,10,家庭主妇,67,3
药店-桐君阁仁秀店,药店,2026-03-27,10,退休老人,55,0
药店-桐君阁仁秀店,药店,2026-03-27,10,中青年,51,3
药店-桐君阁仁秀店,药店,2026-03-27,10,上班族,41,3
药店-桐君阁仁秀店,药店,2026-03-27,10,学生,48,2
药店-桐君阁仁秀店,药店,2026-03-27,11,家庭主妇,21,2
药店-桐君阁仁秀店,药店,2026-03-27,11,退休老人,20,0
药店-桐君阁仁秀店,药店,2026-03-27,11,中青年,25,0
药店-桐君阁仁秀店,药店,2026-03-27,11,上班族,27,4
药店-桐君阁仁秀店,药店,2026-03-27,11,学生,36,1
药店-桐君阁仁秀店,药店,2026-03-27,12,家庭主妇,33,2
药店-桐君阁仁秀店,药店,2026-03-27,12,退休老人,32,0
药店-桐君阁仁秀店,药店,2026-03-27,12,中青年,49,0
药店-桐君阁仁秀店,药店,2026-03-27,12,上班族,50,2
药店-桐君阁仁秀店,药店,2026-03-27,12,学生,30,0
药店-桐君阁仁秀店,药店,2026-03-27,13,家庭主妇,19,6
药店-桐君阁仁秀店,药店,2026-03-27,13,退休老人,42,1
药店-桐君阁仁秀店,药店,2026-03-27,13,中青年,26,1
药店-桐君阁仁秀店,药店,2026-03-27,13,上班族,35,0
药店-桐君阁仁秀店,药店,2026-03-27,13,学生,40,0
药店-桐君阁仁秀店,药店,2026-03-27,14,家庭主妇,27,3
药店-桐君阁仁秀店,药店,2026-03-27,14,退休老人,37,1
药店-桐君阁仁秀店,药店,2026-03-27,14,中青年,33,1
药店-桐君阁仁秀店,药店,2026-03-27,14,上班族,37,2
药店-桐君阁仁秀店,药店,2026-03-27,14,学生,34,0
药店-桐君阁仁秀店,药店,2026-03-27,15,家庭主妇,43,1
药店-桐君阁仁秀店,药店,2026-03-27,15,退休老人,45,2
药店-桐君阁仁秀店,药店,2026-03-27,15,中青年,31,1
药店-桐君阁仁秀店,药店,2026-03-27,15,上班族,45,1
药店-桐君阁仁秀店,药店,2026-03-27,15,学生,44,0
药店-桐君阁仁秀店,药店,2026-03-27,16,家庭主妇,37,1
药店-桐君阁仁秀店,药店,2026-03-27,16,退休老人,42,0
药店-桐君阁仁秀店,药店,2026-03-27,16,中青年,41,1
药店-桐君阁仁秀店,药店,2026-03-27,16,上班族,34,1
药店-桐君阁仁秀店,药店,2026-03-27,16,学生,34,0
药店-桐君阁仁秀店,药店,2026-03-27,17,家庭主妇,64,2
药店-桐君阁仁秀店,药店,2026-03-27,17,退休老人,55,1
药店-桐君阁仁秀店,药店,2026-03-27,17,中青年,52,3
药店-桐君阁仁秀店,药店,2026-03-27,17,上班族,58,7
药店-桐君阁仁秀店,药店,2026-03-27,17,学生,59,1
药店-桐君阁仁秀店,药店,2026-03-27,18,家庭主妇,73,2
药店-桐君阁仁秀店,药店,2026-03-27,18,退休老人,73,0
药店-桐君阁仁秀店,药店,2026-03-27,18,中青年,86,1
药店-桐君阁仁秀店,药店,2026-03-27,18,上班族,84,6
药店-桐君阁仁秀店,药店,2026-03-27,18,学生,61,1
药店-桐君阁仁秀店,药店,2026-03-27,19,家庭主妇,82,7
药店-桐君阁仁秀店,药店,2026-03-27,19,退休老人,64,1
药店-桐君阁仁秀店,药店,2026-03-27,19,中青年,59,2
药店-桐君阁仁秀店,药店,2026-03-27,19,上班族,67,1
药店-桐君阁仁秀店,药店,2026-03-27,19,学生,62,0
药店-桐君阁仁秀店,药店,2026-03-27,20,家庭主妇,42,3
药店-桐君阁仁秀店,药店,2026-03-27,20,退休老人,44,0
药店-桐君阁仁秀店,药店,2026-03-27,20,中青年,45,6
药店-桐君阁仁秀店,药店,2026-03-27,20,上班族,51,2
药店-桐君阁仁秀店,药店,2026-03-27,20,学生,40,3
药店-桐君阁仁秀店,药店,2026-03-27,21,家庭主妇,29,5
药店-桐君阁仁秀店,药店,2026-03-27,21,退休老人,30,1
药店-桐君阁仁秀店,药店,2026-03-27,21,中青年,29,3
药店-桐君阁仁秀店,药店,2026-03-27,21,上班族,29,0
药店-桐君阁仁秀店,药店,2026-03-27,21,学生,30,1
药店-桐君阁仁秀店,药店,2026-03-27,22,家庭主妇,16,2
药店-桐君阁仁秀店,药店,2026-03-27,22,退休老人,18,0
药店-桐君阁仁秀店,药店,2026-03-27,22,中青年,15,0
药店-桐君阁仁秀店,药店,2026-03-27,22,上班族,17,0
药店-桐君阁仁秀店,药店,2026-03-27,22,学生,14,0
药店-桐君阁仁秀店,药店,2026-03-27,23,家庭主妇,0,0
药店-桐君阁仁秀店,药店,2026-03-27,23,退休老人,0,0
药店-桐君阁仁秀店,药店,2026-03-27,23,中青年,0,0
药店-桐君阁仁秀店,药店,2026-03-27,23,上班族,0,0
药店-桐君阁仁秀店,药店,2026-03-27,23,学生,0,0
药店-桐君阁仁秀店,药店,2026-03-28,0,家庭主妇,3,0
药店-桐君阁仁秀店,药店,2026-03-28,0,退休老人,5,0
药店-桐君阁仁秀店,药店,2026-03-28,0,中青年,3,0
药店-桐君阁仁秀店,药店,2026-03-28,0,上班族,5,0
药店-桐君阁仁秀店,药店,2026-03-28,0,学生,2,0
药店-桐君阁仁秀店,药店,2026-03-28,1,家庭主妇,1,0
药店-桐君阁仁秀店,药店,2026-03-28,1,退休老人,0,0
药店-桐君阁仁秀店,药店,2026-03-28,1,中青年,1,0
药店-桐君阁仁秀店,药店,2026-03-28,1,上班族,3,0
药店-桐君阁仁秀店,药店,2026-03-28,1,学生,0,0
药店-桐君阁仁秀店,药店,2026-03-28,2,家庭主妇,1,0
药店-桐君阁仁秀店,药店,2026-03-28,2,退休老人,1,0
药店-桐君阁仁秀店,药店,2026-03-28,2,中青年,1,0
药店-桐君阁仁秀店,药店,2026-03-28,2,上班族,0,0
药店-桐君阁仁秀店,药店,2026-03-28,2,学生,0,0
药店-桐君阁仁秀店,药店,2026-03-28,3,家庭主妇,0,0
药店-桐君阁仁秀店,药店,2026-03-28,3,退休老人,0,0
药店-桐君阁仁秀店,药店,2026-03-28,3,中青年,0,0
药店-桐君阁仁秀店,药店,2026-03-28,3,上班族,0,0
药店-桐君阁仁秀店,药店,2026-03-28,3,学生,1,0
药店-桐君阁仁秀店,药店,2026-03-28,4,家庭主妇,1,0
药店-桐君阁仁秀店,药店,2026-03-28,4,退休老人,1,0
药店-桐君阁仁秀店,药店,2026-03-28,4,中青年,0,0
药店-桐君阁仁秀店,药店,2026-03-28,4,上班族,0,0
药店-桐君阁仁秀店,药店,2026-03-28,4,学生,0,0
药店-桐君阁仁秀店,药店,2026-03-28,5,家庭主妇,3,0
药店-桐君阁仁秀店,药店,2026-03-28,5,退休老人,3,0
药店-桐君阁仁秀店,药店,2026-03-28,5,中青年,1,0
药店-桐君阁仁秀店,药店,2026-03-28,5,上班族,1,0
药店-桐君阁仁秀店,药店,2026-03-28,5,学生,1,0
药店-桐君阁仁秀店,药店,2026-03-28,6,家庭主妇,6,0
药店-桐君阁仁秀店,药店,2026-03-28,6,退休老人,3,0
药店-桐君阁仁秀店,药店,2026-03-28,6,中青年,6,0
药店-桐君阁仁秀店,药店,2026-03-28,6,上班族,8,0
药店-桐君阁仁秀店,药店,2026-03-28,6,学生,3,0
药店-桐君阁仁秀店,药店,2026-03-28,7,家庭主妇,11,0
药店-桐君阁仁秀店,药店,2026-03-28,7,退休老人,16,0
药店-桐君阁仁秀店,药店,2026-03-28,7,中青年,19,0
药店-桐君阁仁秀店,药店,2026-03-28,7,上班族,20,0
药店-桐君阁仁秀店,药店,2026-03-28,7,学生,19,0
药店-桐君阁仁秀店,药店,2026-03-28,8,家庭主妇,35,0
药店-桐君阁仁秀店,药店,2026-03-28,8,退休老人,41,0
药店-桐君阁仁秀店,药店,2026-03-28,8,中青年,42,1
药店-桐君阁仁秀店,药店,2026-03-28,8,上班族,32,2
药店-桐君阁仁秀店,药店,2026-03-28,8,学生,40,1
药店-桐君阁仁秀店,药店,2026-03-28,9,家庭主妇,57,6
药店-桐君阁仁秀店,药店,2026-03-28,9,退休老人,47,1
药店-桐君阁仁秀店,药店,2026-03-28,9,中青年,61,4
药店-桐君阁仁秀店,药店,2026-03-28,9,上班族,56,5
药店-桐君阁仁秀店,药店,2026-03-28,9,学生,47,2
药店-桐君阁仁秀店,药店,2026-03-28,10,家庭主妇,51,3
药店-桐君阁仁秀店,药店,2026-03-28,10,退休老人,53,0
药店-桐君阁仁秀店,药店,2026-03-28,10,中青年,56,5
药店-桐君阁仁秀店,药店,2026-03-28,10,上班族,50,1
药店-桐君阁仁秀店,药店,2026-03-28,10,学生,52,0
药店-桐君阁仁秀店,药店,2026-03-28,11,家庭主妇,48,4
药店-桐君阁仁秀店,药店,2026-03-28,11,退休老人,46,0
药店-桐君阁仁秀店,药店,2026-03-28,11,中青年,49,2
药店-桐君阁仁秀店,药店,2026-03-28,11,上班族,47,6
药店-桐君阁仁秀店,药店,2026-03-28,11,学生,41,0
药店-桐君阁仁秀店,药店,2026-03-28,12,家庭主妇,47,2
药店-桐君阁仁秀店,药店,2026-03-28,12,退休老人,46,0
药店-桐君阁仁秀店,药店,2026-03-28,12,中青年,46,1
药店-桐君阁仁秀店,药店,2026-03-28,12,上班族,50,4
药店-桐君阁仁秀店,药店,2026-03-28,12,学生,49,0
药店-桐君阁仁秀店,药店,2026-03-28,13,家庭主妇,55,2
药店-桐君阁仁秀店,药店,2026-03-28,13,退休老人,56,0
药店-桐君阁仁秀店,药店,2026-03-28,13,中青年,66,5
药店-桐君阁仁秀店,药店,2026-03-28,13,上班族,48,0
药店-桐君阁仁秀店,药店,2026-03-28,13,学生,27,0
药店-桐君阁仁秀店,药店,2026-03-28,14,家庭主妇,51,4
药店-桐君阁仁秀店,药店,2026-03-28,14,退休老人,42,1
药店-桐君阁仁秀店,药店,2026-03-28,14,中青年,54,1
药店-桐君阁仁秀店,药店,2026-03-28,14,上班族,67,1
药店-桐君阁仁秀店,药店,2026-03-28,14,学生,45,0
药店-桐君阁仁秀店,药店,2026-03-28,15,家庭主妇,73,2
药店-桐君阁仁秀店,药店,2026-03-28,15,退休老人,57,0
药店-桐君阁仁秀店,药店,2026-03-28,15,中青年,60,3
药店-桐君阁仁秀店,药店,2026-03-28,15,上班族,59,2
药店-桐君阁仁秀店,药店,2026-03-28,15,学生,45,0
药店-桐君阁仁秀店,药店,2026-03-28,16,家庭主妇,80,8
药店-桐君阁仁秀店,药店,2026-03-28,16,退休老人,87,0
药店-桐君阁仁秀店,药店,2026-03-28,16,中青年,81,4
药店-桐君阁仁秀店,药店,2026-03-28,16,上班族,74,5
药店-桐君阁仁秀店,药店,2026-03-28,16,学生,81,0
药店-桐君阁仁秀店,药店,2026-03-28,17,家庭主妇,85,2
药店-桐君阁仁秀店,药店,2026-03-28,17,退休老人,85,0
药店-桐君阁仁秀店,药店,2026-03-28,17,中青年,95,1
药店-桐君阁仁秀店,药店,2026-03-28,17,上班族,93,4
药店-桐君阁仁秀店,药店,2026-03-28,17,学生,83,0
药店-桐君阁仁秀店,药店,2026-03-28,18,家庭主妇,98,2
药店-桐君阁仁秀店,药店,2026-03-28,18,退休老人,69,2
药店-桐君阁仁秀店,药店,2026-03-28,18,中青年,78,2
药店-桐君阁仁秀店,药店,2026-03-28,18,上班族,85,9
药店-桐君阁仁秀店,药店,2026-03-28,18,学生,78,3
药店-桐君阁仁秀店,药店,2026-03-28,19,家庭主妇,89,9
药店-桐君阁仁秀店,药店,2026-03-28,19,退休老人,84,2
药店-桐君阁仁秀店,药店,2026-03-28,19,中青年,97,5
药店-桐君阁仁秀店,药店,2026-03-28,19,上班族,97,3
药店-桐君阁仁秀店,药店,2026-03-28,19,学生,89,0
药店-桐君阁仁秀店,药店,2026-03-28,20,家庭主妇,63,6
药店-桐君阁仁秀店,药店,2026-03-28,20,退休老人,67,0
药店-桐君阁仁秀店,药店,2026-03-28,20,中青年,81,4
药店-桐君阁仁秀店,药店,2026-03-28,20,上班族,73,3
药店-桐君阁仁秀店,药店,2026-03-28,20,学生,66,0
药店-桐君阁仁秀店,药店,2026-03-28,21,家庭主妇,31,1
药店-桐君阁仁秀店,药店,2026-03-28,21,退休老人,38,0
药店-桐君阁仁秀店,药店,2026-03-28,21,中青年,42,4
药店-桐君阁仁秀店,药店,2026-03-28,21,上班族,28,0
药店-桐君阁仁秀店,药店,2026-03-28,21,学生,31,1
药店-桐君阁仁秀店,药店,2026-03-28,22,家庭主妇,14,0
药店-桐君阁仁秀店,药店,2026-03-28,22,退休老人,15,0
药店-桐君阁仁秀店,药店,2026-03-28,22,中青年,11,0
药店-桐君阁仁秀店,药店,2026-03-28,22,上班族,14,0
药店-桐君阁仁秀店,药店,2026-03-28,22,学生,16,0
药店-桐君阁仁秀店,药店,2026-03-28,23,家庭主妇,0,0
药店-桐君阁仁秀店,药店,2026-03-28,23,退休老人,0,0
药店-桐君阁仁秀店,药店,2026-03-28,23,中青年,0,0
药店-桐君阁仁秀店,药店,2026-03-28,23,上班族,0,0
药店-桐君阁仁秀店,药店,2026-03-28,23,学生,0,0
药店-桐君阁仁秀店,药店,2026-03-29,0,家庭主妇,9,0
药店-桐君阁仁秀店,药店,2026-03-29,0,退休老人,6,0
药店-桐君阁仁秀店,药店,2026-03-29,0,中青年,9,0
药店-桐君阁仁秀店,药店,2026-03-29,0,上班族,7,0
药店-桐君阁仁秀店,药店,2026-03-29,0,学生,12,0
药店-桐君阁仁秀店,药店,2026-03-29,1,家庭主妇,7,0
药店-桐君阁仁秀店,药店,2026-03-29,1,退休老人,7,0
药店-桐君阁仁秀店,药店,2026-03-29,1,中青年,5,0
药店-桐君阁仁秀店,药店,2026-03-29,1,上班族,8,0
药店-桐君阁仁秀店,药店,2026-03-29,1,学生,4,0
药店-桐君阁仁秀店,药店,2026-03-29,2,家庭主妇,4,0
药店-桐君阁仁秀店,药店,2026-03-29,2,退休老人,2,0
药店-桐君阁仁秀店,药店,2026-03-29,2,中青年,1,0
药店-桐君阁仁秀店,药店,2026-03-29,2,上班族,2,0
药店-桐君阁仁秀店,药店,2026-03-29,2,学生,3,0
药店-桐君阁仁秀店,药店,2026-03-29,3,家庭主妇,2,0
药店-桐君阁仁秀店,药店,2026-03-29,3,退休老人,1,0
药店-桐君阁仁秀店,药店,2026-03-29,3,中青年,2,0
药店-桐君阁仁秀店,药店,2026-03-29,3,上班族,3,0
药店-桐君阁仁秀店,药店,2026-03-29,3,学生,1,0
药店-桐君阁仁秀店,药店,2026-03-29,4,家庭主妇,2,0
药店-桐君阁仁秀店,药店,2026-03-29,4,退休老人,1,0
药店-桐君阁仁秀店,药店,2026-03-29,4,中青年,2,0
药店-桐君阁仁秀店,药店,2026-03-29,4,上班族,0,0
药店-桐君阁仁秀店,药店,2026-03-29,4,学生,2,0
药店-桐君阁仁秀店,药店,2026-03-29,5,家庭主妇,5,0
药店-桐君阁仁秀店,药店,2026-03-29,5,退休老人,5,0
药店-桐君阁仁秀店,药店,2026-03-29,5,中青年,5,0
药店-桐君阁仁秀店,药店,2026-03-29,5,上班族,6,0
药店-桐君阁仁秀店,药店,2026-03-29,5,学生,3,0
药店-桐君阁仁秀店,药店,2026-03-29,6,家庭主妇,13,0
药店-桐君阁仁秀店,药店,2026-03-29,6,退休老人,8,0
药店-桐君阁仁秀店,药店,2026-03-29,6,中青年,14,0
药店-桐君阁仁秀店,药店,2026-03-29,6,上班族,11,0
药店-桐君阁仁秀店,药店,2026-03-29,6,学生,15,0
药店-桐君阁仁秀店,药店,2026-03-29,7,家庭主妇,33,0
药店-桐君阁仁秀店,药店,2026-03-29,7,退休老人,23,0
药店-桐君阁仁秀店,药店,2026-03-29,7,中青年,26,0
药店-桐君阁仁秀店,药店,2026-03-29,7,上班族,30,0
药店-桐君阁仁秀店,药店,2026-03-29,7,学生,32,0
药店-桐君阁仁秀店,药店,2026-03-29,8,家庭主妇,62,4
药店-桐君阁仁秀店,药店,2026-03-29,8,退休老人,68,2
药店-桐君阁仁秀店,药店,2026-03-29,8,中青年,69,1
药店-桐君阁仁秀店,药店,2026-03-29,8,上班族,67,2
药店-桐君阁仁秀店,药店,2026-03-29,8,学生,61,0
药店-桐君阁仁秀店,药店,2026-03-29,9,家庭主妇,96,8
药店-桐君阁仁秀店,药店,2026-03-29,9,退休老人,90,3
药店-桐君阁仁秀店,药店,2026-03-29,9,中青年,89,3
药店-桐君阁仁秀店,药店,2026-03-29,9,上班族,94,2
药店-桐君阁仁秀店,药店,2026-03-29,9,学生,77,0
药店-桐君阁仁秀店,药店,2026-03-29,10,家庭主妇,75,7
药店-桐君阁仁秀店,药店,2026-03-29,10,退休老人,75,0
药店-桐君阁仁秀店,药店,2026-03-29,10,中青年,65,0
药店-桐君阁仁秀店,药店,2026-03-29,10,上班族,77,3
药店-桐君阁仁秀店,药店,2026-03-29,10,学生,65,0
药店-桐君阁仁秀店,药店,2026-03-29,11,家庭主妇,58,2
药店-桐君阁仁秀店,药店,2026-03-29,11,退休老人,61,0
药店-桐君阁仁秀店,药店,2026-03-29,11,中青年,78,3
药店-桐君阁仁秀店,药店,2026-03-29,11,上班族,60,4
药店-桐君阁仁秀店,药店,2026-03-29,11,学生,55,0
药店-桐君阁仁秀店,药店,2026-03-29,12,家庭主妇,48,3
药店-桐君阁仁秀店,药店,2026-03-29,12,退休老人,41,0
药店-桐君阁仁秀店,药店,2026-03-29,12,中青年,41,0
药店-桐君阁仁秀店,药店,2026-03-29,12,上班族,58,6
药店-桐君阁仁秀店,药店,2026-03-29,12,学生,52,1
药店-桐君阁仁秀店,药店,2026-03-29,13,家庭主妇,76,3
药店-桐君阁仁秀店,药店,2026-03-29,13,退休老人,51,0
药店-桐君阁仁秀店,药店,2026-03-29,13,中青年,73,3
药店-桐君阁仁秀店,药店,2026-03-29,13,上班族,53,4
药店-桐君阁仁秀店,药店,2026-03-29,13,学生,52,0
药店-桐君阁仁秀店,药店,2026-03-29,14,家庭主妇,67,6
药店-桐君阁仁秀店,药店,2026-03-29,14,退休老人,64,0
药店-桐君阁仁秀店,药店,2026-03-29,14,中青年,67,1
药店-桐君阁仁秀店,药店,2026-03-29,14,上班族,56,1
药店-桐君阁仁秀店,药店,2026-03-29,14,学生,49,2
药店-桐君阁仁秀店,药店,2026-03-29,15,家庭主妇,71,8
药店-桐君阁仁秀店,药店,2026-03-29,15,退休老人,58,0
药店-桐君阁仁秀店,药店,2026-03-29,15,中青年,61,4
药店-桐君阁仁秀店,药店,2026-03-29,15,上班族,51,2
药店-桐君阁仁秀店,药店,2026-03-29,15,学生,52,0
药店-桐君阁仁秀店,药店,2026-03-29,16,家庭主妇,68,8
药店-桐君阁仁秀店,药店,2026-03-29,16,退休老人,73,0
药店-桐君阁仁秀店,药店,2026-03-29,16,中青年,70,1
药店-桐君阁仁秀店,药店,2026-03-29,16,上班族,84,2
药店-桐君阁仁秀店,药店,2026-03-29,16,学生,73,0
药店-桐君阁仁秀店,药店,2026-03-29,17,家庭主妇,111,3
药店-桐君阁仁秀店,药店,2026-03-29,17,退休老人,80,1
药店-桐君阁仁秀店,药店,2026-03-29,17,中青年,74,1
药店-桐君阁仁秀店,药店,2026-03-29,17,上班族,93,6
药店-桐君阁仁秀店,药店,2026-03-29,17,学生,62,2
药店-桐君阁仁秀店,药店,2026-03-29,18,家庭主妇,83,0
药店-桐君阁仁秀店,药店,2026-03-29,18,退休老人,76,0
药店-桐君阁仁秀店,药店,2026-03-29,18,中青年,96,0
药店-桐君阁仁秀店,药店,2026-03-29,18,上班族,81,8
药店-桐君阁仁秀店,药店,2026-03-29,18,学生,84,0
药店-桐君阁仁秀店,药店,2026-03-29,19,家庭主妇,61,10
药店-桐君阁仁秀店,药店,2026-03-29,19,退休老人,58,1
药店-桐君阁仁秀店,药店,2026-03-29,19,中青年,64,7
药店-桐君阁仁秀店,药店,2026-03-29,19,上班族,66,2
药店-桐君阁仁秀店,药店,2026-03-29,19,学生,78,5
药店-桐君阁仁秀店,药店,2026-03-29,20,家庭主妇,52,4
药店-桐君阁仁秀店,药店,2026-03-29,20,退休老人,46,1
药店-桐君阁仁秀店,药店,2026-03-29,20,中青年,48,4
药店-桐君阁仁秀店,药店,2026-03-29,20,上班族,45,1
药店-桐君阁仁秀店,药店,2026-03-29,20,学生,44,0
药店-桐君阁仁秀店,药店,2026-03-29,21,家庭主妇,17,5
药店-桐君阁仁秀店,药店,2026-03-29,21,退休老人,16,0
药店-桐君阁仁秀店,药店,2026-03-29,21,中青年,26,2
药店-桐君阁仁秀店,药店,2026-03-29,21,上班族,17,1
药店-桐君阁仁秀店,药店,2026-03-29,21,学生,23,0
药店-桐君阁仁秀店,药店,2026-03-29,22,家庭主妇,11,0
药店-桐君阁仁秀店,药店,2026-03-29,22,退休老人,12,0
药店-桐君阁仁秀店,药店,2026-03-29,22,中青年,9,0
药店-桐君阁仁秀店,药店,2026-03-29,22,上班族,10,0
药店-桐君阁仁秀店,药店,2026-03-29,22,学生,8,0
药店-桐君阁仁秀店,药店,2026-03-29,23,家庭主妇,0,0
药店-桐君阁仁秀店,药店,2026-03-29,23,退休老人,0,0
药店-桐君阁仁秀店,药店,2026-03-29,23,中青年,0,0
药店-桐君阁仁秀店,药店,2026-03-29,23,上班族,0,0
药店-桐君阁仁秀店,药店,2026-03-29,23,学生,0,0
药店-桐君阁仁秀店,药店,2026-03-30,0,家庭主妇,6,0
药店-桐君阁仁秀店,药店,2026-03-30,0,退休老人,6,0
药店-桐君阁仁秀店,药店,2026-03-30,0,中青年,3,0
药店-桐君阁仁秀店,药店,2026-03-30,0,上班族,3,0
药店-桐君阁仁秀店,药店,2026-03-30,0,学生,2,0
药店-桐君阁仁秀店,药店,2026-03-30,1,家庭主妇,4,0
药店-桐君阁仁秀店,药店,2026-03-30,1,退休老人,5,0
药店-桐君阁仁秀店,药店,2026-03-30,1,中青年,7,0
药店-桐君阁仁秀店,药店,2026-03-30,1,上班族,6,0
药店-桐君阁仁秀店,药店,2026-03-30,1,学生,6,0
药店-桐君阁仁秀店,药店,2026-03-30,2,家庭主妇,2,0
药店-桐君阁仁秀店,药店,2026-03-30,2,退休老人,3,0
药店-桐君阁仁秀店,药店,2026-03-30,2,中青年,3,0
药店-桐君阁仁秀店,药店,2026-03-30,2,上班族,2,0
药店-桐君阁仁秀店,药店,2026-03-30,2,学生,1,0
药店-桐君阁仁秀店,药店,2026-03-30,3,家庭主妇,1,0
药店-桐君阁仁秀店,药店,2026-03-30,3,退休老人,0,0
药店-桐君阁仁秀店,药店,2026-03-30,3,中青年,3,0
药店-桐君阁仁秀店,药店,2026-03-30,3,上班族,1,0
药店-桐君阁仁秀店,药店,2026-03-30,3,学生,2,0
药店-桐君阁仁秀店,药店,2026-03-30,4,家庭主妇,1,0
药店-桐君阁仁秀店,药店,2026-03-30,4,退休老人,1,0
药店-桐君阁仁秀店,药店,2026-03-30,4,中青年,3,0
药店-桐君阁仁秀店,药店,2026-03-30,4,上班族,1,0
药店-桐君阁仁秀店,药店,2026-03-30,4,学生,0,0
药店-桐君阁仁秀店,药店,2026-03-30,5,家庭主妇,1,0
药店-桐君阁仁秀店,药店,2026-03-30,5,退休老人,5,0
药店-桐君阁仁秀店,药店,2026-03-30,5,中青年,3,0
药店-桐君阁仁秀店,药店,2026-03-30,5,上班族,4,0
药店-桐君阁仁秀店,药店,2026-03-30,5,学生,2,0
药店-桐君阁仁秀店,药店,2026-03-30,6,家庭主妇,13,0
药店-桐君阁仁秀店,药店,2026-03-30,6,退休老人,13,0
药店-桐君阁仁秀店,药店,2026-03-30,6,中青年,14,0
药店-桐君阁仁秀店,药店,2026-03-30,6,上班族,16,0
药店-桐君阁仁秀店,药店,2026-03-30,6,学生,15,0
药店-桐君阁仁秀店,药店,2026-03-30,7,家庭主妇,49,0
药店-桐君阁仁秀店,药店,2026-03-30,7,退休老人,34,0
药店-桐君阁仁秀店,药店,2026-03-30,7,中青年,49,0
药店-桐君阁仁秀店,药店,2026-03-30,7,上班族,39,0
药店-桐君阁仁秀店,药店,2026-03-30,7,学生,46,0
药店-桐君阁仁秀店,药店,2026-03-30,8,家庭主妇,66,1
药店-桐君阁仁秀店,药店,2026-03-30,8,退休老人,50,0
药店-桐君阁仁秀店,药店,2026-03-30,8,中青年,76,0
药店-桐君阁仁秀店,药店,2026-03-30,8,上班族,73,0
药店-桐君阁仁秀店,药店,2026-03-30,8,学生,69,1
药店-桐君阁仁秀店,药店,2026-03-30,9,家庭主妇,81,7
药店-桐君阁仁秀店,药店,2026-03-30,9,退休老人,53,3
药店-桐君阁仁秀店,药店,2026-03-30,9,中青年,63,4
药店-桐君阁仁秀店,药店,2026-03-30,9,上班族,59,2
药店-桐君阁仁秀店,药店,2026-03-30,9,学生,55,0
药店-桐君阁仁秀店,药店,2026-03-30,10,家庭主妇,65,7
药店-桐君阁仁秀店,药店,2026-03-30,10,退休老人,61,2
药店-桐君阁仁秀店,药店,2026-03-30,10,中青年,52,3
药店-桐君阁仁秀店,药店,2026-03-30,10,上班族,56,3
药店-桐君阁仁秀店,药店,2026-03-30,10,学生,52,2
药店-桐君阁仁秀店,药店,2026-03-30,11,家庭主妇,42,6
药店-桐君阁仁秀店,药店,2026-03-30,11,退休老人,32,0
药店-桐君阁仁秀店,药店,2026-03-30,11,中青年,47,2
药店-桐君阁仁秀店,药店,2026-03-30,11,上班族,37,2
药店-桐君阁仁秀店,药店,2026-03-30,11,学生,27,0
药店-桐君阁仁秀店,药店,2026-03-30,12,家庭主妇,44,0
药店-桐君阁仁秀店,药店,2026-03-30,12,退休老人,36,0
药店-桐君阁仁秀店,药店,2026-03-30,12,中青年,51,1
药店-桐君阁仁秀店,药店,2026-03-30,12,上班族,51,3
药店-桐君阁仁秀店,药店,2026-03-30,12,学生,50,0
药店-桐君阁仁秀店,药店,2026-03-30,13,家庭主妇,39,3
药店-桐君阁仁秀店,药店,2026-03-30,13,退休老人,33,0
药店-桐君阁仁秀店,药店,2026-03-30,13,中青年,33,0
药店-桐君阁仁秀店,药店,2026-03-30,13,上班族,42,0
药店-桐君阁仁秀店,药店,2026-03-30,13,学生,34,0
药店-桐君阁仁秀店,药店,2026-03-30,14,家庭主妇,45,3
药店-桐君阁仁秀店,药店,2026-03-30,14,退休老人,42,0
药店-桐君阁仁秀店,药店,2026-03-30,14,中青年,48,0
药店-桐君阁仁秀店,药店,2026-03-30,14,上班族,40,0
药店-桐君阁仁秀店,药店,2026-03-30,14,学生,51,0
药店-桐君阁仁秀店,药店,2026-03-30,15,家庭主妇,56,2
药店-桐君阁仁秀店,药店,2026-03-30,15,退休老人,46,0
药店-桐君阁仁秀店,药店,2026-03-30,15,中青年,58,1
药店-桐君阁仁秀店,药店,2026-03-30,15,上班族,55,3
药店-桐君阁仁秀店,药店,2026-03-30,15,学生,35,0
药店-桐君阁仁秀店,药店,2026-03-30,16,家庭主妇,42,4
药店-桐君阁仁秀店,药店,2026-03-30,16,退休老人,47,2
药店-桐君阁仁秀店,药店,2026-03-30,16,中青年,52,6
药店-桐君阁仁秀店,药店,2026-03-30,16,上班族,46,3
药店-桐君阁仁秀店,药店,2026-03-30,16,学生,39,0
药店-桐君阁仁秀店,药店,2026-03-30,17,家庭主妇,77,3
药店-桐君阁仁秀店,药店,2026-03-30,17,退休老人,87,0
药店-桐君阁仁秀店,药店,2026-03-30,17,中青年,60,1
药店-桐君阁仁秀店,药店,2026-03-30,17,上班族,73,9
药店-桐君阁仁秀店,药店,2026-03-30,17,学生,52,1
药店-桐君阁仁秀店,药店,2026-03-30,18,家庭主妇,73,0
药店-桐君阁仁秀店,药店,2026-03-30,18,退休老人,73,1
药店-桐君阁仁秀店,药店,2026-03-30,18,中青年,74,1
药店-桐君阁仁秀店,药店,2026-03-30,18,上班族,75,11
药店-桐君阁仁秀店,药店,2026-03-30,18,学生,67,1
药店-桐君阁仁秀店,药店,2026-03-30,19,家庭主妇,73,8
药店-桐君阁仁秀店,药店,2026-03-30,19,退休老人,77,1
药店-桐君阁仁秀店,药店,2026-03-30,19,中青年,83,5
药店-桐君阁仁秀店,药店,2026-03-30,19,上班族,70,2
药店-桐君阁仁秀店,药店,2026-03-30,19,学生,69,1
药店-桐君阁仁秀店,药店,2026-03-30,20,家庭主妇,51,5
药店-桐君阁仁秀店,药店,2026-03-30,20,退休老人,47,0
药店-桐君阁仁秀店,药店,2026-03-30,20,中青年,49,5
药店-桐君阁仁秀店,药店,2026-03-30,20,上班族,49,3
药店-桐君阁仁秀店,药店,2026-03-30,20,学生,51,0
药店-桐君阁仁秀店,药店,2026-03-30,21,家庭主妇,14,3
药店-桐君阁仁秀店,药店,2026-03-30,21,退休老人,18,0
药店-桐君阁仁秀店,药店,2026-03-30,21,中青年,18,2
药店-桐君阁仁秀店,药店,2026-03-30,21,上班族,22,0
药店-桐君阁仁秀店,药店,2026-03-30,21,学生,23,0
药店-桐君阁仁秀店,药店,2026-03-30,22,家庭主妇,7,0
药店-桐君阁仁秀店,药店,2026-03-30,22,退休老人,8,0
药店-桐君阁仁秀店,药店,2026-03-30,22,中青年,5,0
药店-桐君阁仁秀店,药店,2026-03-30,22,上班族,5,0
药店-桐君阁仁秀店,药店,2026-03-30,22,学生,3,0
药店-桐君阁仁秀店,药店,2026-03-30,23,家庭主妇,0,0
药店-桐君阁仁秀店,药店,2026-03-30,23,退休老人,0,0
药店-桐君阁仁秀店,药店,2026-03-30,23,中青年,0,0
药店-桐君阁仁秀店,药店,2026-03-30,23,上班族,0,0
药店-桐君阁仁秀店,药店,2026-03-30,23,学生,0,0
药店-桐君阁仁秀店,药店,2026-03-31,0,家庭主妇,1,0
药店-桐君阁仁秀店,药店,2026-03-31,0,退休老人,4,0
药店-桐君阁仁秀店,药店,2026-03-31,0,中青年,1,0
药店-桐君阁仁秀店,药店,2026-03-31,0,上班族,4,0
药店-桐君阁仁秀店,药店,2026-03-31,0,学生,0,0
药店-桐君阁仁秀店,药店,2026-03-31,1,家庭主妇,1,0
药店-桐君阁仁秀店,药店,2026-03-31,1,退休老人,1,0
药店-桐君阁仁秀店,药店,2026-03-31,1,中青年,3,0
药店-桐君阁仁秀店,药店,2026-03-31,1,上班族,1,0
药店-桐君阁仁秀店,药店,2026-03-31,1,学生,0,0
药店-桐君阁仁秀店,药店,2026-03-31,2,家庭主妇,1,0
药店-桐君阁仁秀店,药店,2026-03-31,2,退休老人,1,0
药店-桐君阁仁秀店,药店,2026-03-31,2,中青年,1,0
药店-桐君阁仁秀店,药店,2026-03-31,2,上班族,3,0
药店-桐君阁仁秀店,药店,2026-03-31,2,学生,0,0
药店-桐君阁仁秀店,药店,2026-03-31,3,家庭主妇,2,0
药店-桐君阁仁秀店,药店,2026-03-31,3,退休老人,1,0
药店-桐君阁仁秀店,药店,2026-03-31,3,中青年,0,0
药店-桐君阁仁秀店,药店,2026-03-31,3,上班族,1,0
药店-桐君阁仁秀店,药店,2026-03-31,3,学生,0,0
药店-桐君阁仁秀店,药店,2026-03-31,4,家庭主妇,1,0
药店-桐君阁仁秀店,药店,2026-03-31,4,退休老人,1,0
药店-桐君阁仁秀店,药店,2026-03-31,4,中青年,2,0
药店-桐君阁仁秀店,药店,2026-03-31,4,上班族,1,0
药店-桐君阁仁秀店,药店,2026-03-31,4,学生,1,0
药店-桐君阁仁秀店,药店,2026-03-31,5,家庭主妇,5,0
药店-桐君阁仁秀店,药店,2026-03-31,5,退休老人,6,0
药店-桐君阁仁秀店,药店,2026-03-31,5,中青年,2,0
药店-桐君阁仁秀店,药店,2026-03-31,5,上班族,0,0
药店-桐君阁仁秀店,药店,2026-03-31,5,学生,3,0
药店-桐君阁仁秀店,药店,2026-03-31,6,家庭主妇,9,0
药店-桐君阁仁秀店,药店,2026-03-31,6,退休老人,7,0
药店-桐君阁仁秀店,药店,2026-03-31,6,中青年,15,0
药店-桐君阁仁秀店,药店,2026-03-31,6,上班族,10,0
药店-桐君阁仁秀店,药店,2026-03-31,6,学生,11,0
药店-桐君阁仁秀店,药店,2026-03-31,7,家庭主妇,33,0
药店-桐君阁仁秀店,药店,2026-03-31,7,退休老人,31,0
药店-桐君阁仁秀店,药店,2026-03-31,7,中青年,41,0
药店-桐君阁仁秀店,药店,2026-03-31,7,上班族,50,0
药店-桐君阁仁秀店,药店,2026-03-31,7,学生,30,0
药店-桐君阁仁秀店,药店,2026-03-31,8,家庭主妇,52,1
药店-桐君阁仁秀店,药店,2026-03-31,8,退休老人,44,0
药店-桐君阁仁秀店,药店,2026-03-31,8,中青年,48,1
药店-桐君阁仁秀店,药店,2026-03-31,8,上班族,54,1
药店-桐君阁仁秀店,药店,2026-03-31,8,学生,33,0
药店-桐君阁仁秀店,药店,2026-03-31,9,家庭主妇,48,9
药店-桐君阁仁秀店,药店,2026-03-31,9,退休老人,59,3
药店-桐君阁仁秀店,药店,2026-03-31,9,中青年,52,7
药店-桐君阁仁秀店,药店,2026-03-31,9,上班族,57,2
药店-桐君阁仁秀店,药店,2026-03-31,9,学生,54,1
药店-桐君阁仁秀店,药店,2026-03-31,10,家庭主妇,49,2
药店-桐君阁仁秀店,药店,2026-03-31,10,退休老人,47,1
药店-桐君阁仁秀店,药店,2026-03-31,10,中青年,48,3
药店-桐君阁仁秀店,药店,2026-03-31,10,上班族,57,2
药店-桐君阁仁秀店,药店,2026-03-31,10,学生,47,0
药店-桐君阁仁秀店,药店,2026-03-31,11,家庭主妇,49,4
药店-桐君阁仁秀店,药店,2026-03-31,11,退休老人,50,0
药店-桐君阁仁秀店,药店,2026-03-31,11,中青年,38,3
药店-桐君阁仁秀店,药店,2026-03-31,11,上班族,43,0
药店-桐君阁仁秀店,药店,2026-03-31,11,学生,46,0
药店-桐君阁仁秀店,药店,2026-03-31,12,家庭主妇,46,1
药店-桐君阁仁秀店,药店,2026-03-31,12,退休老人,39,0
药店-桐君阁仁秀店,药店,2026-03-31,12,中青年,44,0
药店-桐君阁仁秀店,药店,2026-03-31,12,上班族,47,1
药店-桐君阁仁秀店,药店,2026-03-31,12,学生,34,0
药店-桐君阁仁秀店,药店,2026-03-31,13,家庭主妇,46,0
药店-桐君阁仁秀店,药店,2026-03-31,13,退休老人,42,0
药店-桐君阁仁秀店,药店,2026-03-31,13,中青年,52,0
药店-桐君阁仁秀店,药店,2026-03-31,13,上班族,33,0
药店-桐君阁仁秀店,药店,2026-03-31,13,学生,38,0
药店-桐君阁仁秀店,药店,2026-03-31,14,家庭主妇,49,8
药店-桐君阁仁秀店,药店,2026-03-31,14,退休老人,44,0
药店-桐君阁仁秀店,药店,2026-03-31,14,中青年,49,7
药店-桐君阁仁秀店,药店,2026-03-31,14,上班族,56,4
药店-桐君阁仁秀店,药店,2026-03-31,14,学生,57,0
药店-桐君阁仁秀店,药店,2026-03-31,15,家庭主妇,51,5
药店-桐君阁仁秀店,药店,2026-03-31,15,退休老人,46,0
药店-桐君阁仁秀店,药店,2026-03-31,15,中青年,65,1
药店-桐君阁仁秀店,药店,2026-03-31,15,上班族,64,0
药店-桐君阁仁秀店,药店,2026-03-31,15,学生,48,0
药店-桐君阁仁秀店,药店,2026-03-31,16,家庭主妇,49,5
药店-桐君阁仁秀店,药店,2026-03-31,16,退休老人,45,1
药店-桐君阁仁秀店,药店,2026-03-31,16,中青年,60,1
药店-桐君阁仁秀店,药店,2026-03-31,16,上班族,62,2
药店-桐君阁仁秀店,药店,2026-03-31,16,学生,48,0
药店-桐君阁仁秀店,药店,2026-03-31,17,家庭主妇,74,2
药店-桐君阁仁秀店,药店,2026-03-31,17,退休老人,70,1
药店-桐君阁仁秀店,药店,2026-03-31,17,中青年,79,1
药店-桐君阁仁秀店,药店,2026-03-31,17,上班族,64,3
药店-桐君阁仁秀店,药店,2026-03-31,17,学生,68,0
药店-桐君阁仁秀店,药店,2026-03-31,18,家庭主妇,102,2
药店-桐君阁仁秀店,药店,2026-03-31,18,退休老人,93,1
药店-桐君阁仁秀店,药店,2026-03-31,18,中青年,77,1
药店-桐君阁仁秀店,药店,2026-03-31,18,上班族,99,7
药店-桐君阁仁秀店,药店,2026-03-31,18,学生,60,1
药店-桐君阁仁秀店,药店,2026-03-31,19,家庭主妇,85,6
药店-桐君阁仁秀店,药店,2026-03-31,19,退休老人,84,2
药店-桐君阁仁秀店,药店,2026-03-31,19,中青年,91,6
药店-桐君阁仁秀店,药店,2026-03-31,19,上班族,102,1
药店-桐君阁仁秀店,药店,2026-03-31,19,学生,79,3
药店-桐君阁仁秀店,药店,2026-03-31,20,家庭主妇,78,9
药店-桐君阁仁秀店,药店,2026-03-31,20,退休老人,91,1
药店-桐君阁仁秀店,药店,2026-03-31,20,中青年,78,2
药店-桐君阁仁秀店,药店,2026-03-31,20,上班族,84,2
药店-桐君阁仁秀店,药店,2026-03-31,20,学生,60,0
药店-桐君阁仁秀店,药店,2026-03-31,21,家庭主妇,41,5
药店-桐君阁仁秀店,药店,2026-03-31,21,退休老人,40,1
药店-桐君阁仁秀店,药店,2026-03-31,21,中青年,40,2
药店-桐君阁仁秀店,药店,2026-03-31,21,上班族,38,3
药店-桐君阁仁秀店,药店,2026-03-31,21,学生,38,0
药店-桐君阁仁秀店,药店,2026-03-31,22,家庭主妇,18,0
药店-桐君阁仁秀店,药店,2026-03-31,22,退休老人,16,0
药店-桐君阁仁秀店,药店,2026-03-31,22,中青年,17,0
药店-桐君阁仁秀店,药店,2026-03-31,22,上班族,25,0
药店-桐君阁仁秀店,药店,2026-03-31,22,学生,7,0
药店-桐君阁仁秀店,药店,2026-03-31,23,家庭主妇,0,0
药店-桐君阁仁秀店,药店,2026-03-31,23,退休老人,0,0
药店-桐君阁仁秀店,药店,2026-03-31,23,中青年,0,0
药店-桐君阁仁秀店,药店,2026-03-31,23,上班族,0,0
药店-桐君阁仁秀店,药店,2026-03-31,23,学生,0,0
药店-桐君阁仁秀店,药店,2026-04-01,0,家庭主妇,4,0
药店-桐君阁仁秀店,药店,2026-04-01,0,退休老人,11,0
药店-桐君阁仁秀店,药店,2026-04-01,0,中青年,5,0
药店-桐君阁仁秀店,药店,2026-04-01,0,上班族,5,0
药店-桐君阁仁秀店,药店,2026-04-01,0,学生,2,0
药店-桐君阁仁秀店,药店,2026-04-01,1,家庭主妇,7,0
药店-桐君阁仁秀店,药店,2026-04-01,1,退休老人,8,0
药店-桐君阁仁秀店,药店,2026-04-01,1,中青年,6,0
药店-桐君阁仁秀店,药店,2026-04-01,1,上班族,5,0
药店-桐君阁仁秀店,药店,2026-04-01,1,学生,5,0
药店-桐君阁仁秀店,药店,2026-04-01,2,家庭主妇,3,0
药店-桐君阁仁秀店,药店,2026-04-01,2,退休老人,2,0
药店-桐君阁仁秀店,药店,2026-04-01,2,中青年,3,0
药店-桐君阁仁秀店,药店,2026-04-01,2,上班族,3,0
药店-桐君阁仁秀店,药店,2026-04-01,2,学生,1,0
药店-桐君阁仁秀店,药店,2026-04-01,3,家庭主妇,5,0
药店-桐君阁仁秀店,药店,2026-04-01,3,退休老人,0,0
药店-桐君阁仁秀店,药店,2026-04-01,3,中青年,2,0
药店-桐君阁仁秀店,药店,2026-04-01,3,上班族,1,0
药店-桐君阁仁秀店,药店,2026-04-01,3,学生,0,0
药店-桐君阁仁秀店,药店,2026-04-01,4,家庭主妇,2,0
药店-桐君阁仁秀店,药店,2026-04-01,4,退休老人,1,0
药店-桐君阁仁秀店,药店,2026-04-01,4,中青年,2,0
药店-桐君阁仁秀店,药店,2026-04-01,4,上班族,4,0
药店-桐君阁仁秀店,药店,2026-04-01,4,学生,2,0
药店-桐君阁仁秀店,药店,2026-04-01,5,家庭主妇,4,0
药店-桐君阁仁秀店,药店,2026-04-01,5,退休老人,6,0
药店-桐君阁仁秀店,药店,2026-04-01,5,中青年,3,0
药店-桐君阁仁秀店,药店,2026-04-01,5,上班族,4,0
药店-桐君阁仁秀店,药店,2026-04-01,5,学生,2,0
药店-桐君阁仁秀店,药店,2026-04-01,6,家庭主妇,10,0
药店-桐君阁仁秀店,药店,2026-04-01,6,退休老人,11,0
药店-桐君阁仁秀店,药店,2026-04-01,6,中青年,15,0
药店-桐君阁仁秀店,药店,2026-04-01,6,上班族,16,0
药店-桐君阁仁秀店,药店,2026-04-01,6,学生,7,0
药店-桐君阁仁秀店,药店,2026-04-01,7,家庭主妇,36,0
药店-桐君阁仁秀店,药店,2026-04-01,7,退休老人,38,0
药店-桐君阁仁秀店,药店,2026-04-01,7,中青年,50,0
药店-桐君阁仁秀店,药店,2026-04-01,7,上班族,45,0
药店-桐君阁仁秀店,药店,2026-04-01,7,学生,44,0
药店-桐君阁仁秀店,药店,2026-04-01,8,家庭主妇,67,0
药店-桐君阁仁秀店,药店,2026-04-01,8,退休老人,55,0
药店-桐君阁仁秀店,药店,2026-04-01,8,中青年,62,0
药店-桐君阁仁秀店,药店,2026-04-01,8,上班族,51,1
药店-桐君阁仁秀店,药店,2026-04-01,8,学生,53,0
药店-桐君阁仁秀店,药店,2026-04-01,9,家庭主妇,73,5
药店-桐君阁仁秀店,药店,2026-04-01,9,退休老人,70,0
药店-桐君阁仁秀店,药店,2026-04-01,9,中青年,74,3
药店-桐君阁仁秀店,药店,2026-04-01,9,上班族,56,4
药店-桐君阁仁秀店,药店,2026-04-01,9,学生,45,0
药店-桐君阁仁秀店,药店,2026-04-01,10,家庭主妇,59,7
药店-桐君阁仁秀店,药店,2026-04-01,10,退休老人,64,3
药店-桐君阁仁秀店,药店,2026-04-01,10,中青年,55,5
药店-桐君阁仁秀店,药店,2026-04-01,10,上班族,57,2
药店-桐君阁仁秀店,药店,2026-04-01,10,学生,53,1
药店-桐君阁仁秀店,药店,2026-04-01,11,家庭主妇,50,3
药店-桐君阁仁秀店,药店,2026-04-01,11,退休老人,51,1
药店-桐君阁仁秀店,药店,2026-04-01,11,中青年,51,0
药店-桐君阁仁秀店,药店,2026-04-01,11,上班族,50,2
药店-桐君阁仁秀店,药店,2026-04-01,11,学生,47,1
药店-桐君阁仁秀店,药店,2026-04-01,12,家庭主妇,51,0
药店-桐君阁仁秀店,药店,2026-04-01,12,退休老人,45,0
药店-桐君阁仁秀店,药店,2026-04-01,12,中青年,37,3
药店-桐君阁仁秀店,药店,2026-04-01,12,上班族,57,3
药店-桐君阁仁秀店,药店,2026-04-01,12,学生,30,0
药店-桐君阁仁秀店,药店,2026-04-01,13,家庭主妇,36,1
药店-桐君阁仁秀店,药店,2026-04-01,13,退休老人,36,0
药店-桐君阁仁秀店,药店,2026-04-01,13,中青年,36,2
药店-桐君阁仁秀店,药店,2026-04-01,13,上班族,29,0
药店-桐君阁仁秀店,药店,2026-04-01,13,学生,27,0
药店-桐君阁仁秀店,药店,2026-04-01,14,家庭主妇,40,1
药店-桐君阁仁秀店,药店,2026-04-01,14,退休老人,41,1
药店-桐君阁仁秀店,药店,2026-04-01,14,中青年,42,2
药店-桐君阁仁秀店,药店,2026-04-01,14,上班族,36,1
药店-桐君阁仁秀店,药店,2026-04-01,14,学生,28,0
药店-桐君阁仁秀店,药店,2026-04-01,15,家庭主妇,63,3
药店-桐君阁仁秀店,药店,2026-04-01,15,退休老人,42,1
药店-桐君阁仁秀店,药店,2026-04-01,15,中青年,59,3
药店-桐君阁仁秀店,药店,2026-04-01,15,上班族,30,2
药店-桐君阁仁秀店,药店,2026-04-01,15,学生,43,0
药店-桐君阁仁秀店,药店,2026-04-01,16,家庭主妇,51,3
药店-桐君阁仁秀店,药店,2026-04-01,16,退休老人,43,0
药店-桐君阁仁秀店,药店,2026-04-01,16,中青年,62,3
药店-桐君阁仁秀店,药店,2026-04-01,16,上班族,46,3
药店-桐君阁仁秀店,药店,2026-04-01,16,学生,38,0
药店-桐君阁仁秀店,药店,2026-04-01,17,家庭主妇,61,4
药店-桐君阁仁秀店,药店,2026-04-01,17,退休老人,80,2
药店-桐君阁仁秀店,药店,2026-04-01,17,中青年,75,3
药店-桐君阁仁秀店,药店,2026-04-01,17,上班族,68,8
药店-桐君阁仁秀店,药店,2026-04-01,17,学生,55,0
药店-桐君阁仁秀店,药店,2026-04-01,18,家庭主妇,88,1
药店-桐君阁仁秀店,药店,2026-04-01,18,退休老人,66,1
药店-桐君阁仁秀店,药店,2026-04-01,18,中青年,73,1
药店-桐君阁仁秀店,药店,2026-04-01,18,上班族,85,7
药店-桐君阁仁秀店,药店,2026-04-01,18,学生,70,0
药店-桐君阁仁秀店,药店,2026-04-01,19,家庭主妇,90,4
药店-桐君阁仁秀店,药店,2026-04-01,19,退休老人,86,1
药店-桐君阁仁秀店,药店,2026-04-01,19,中青年,100,4
药店-桐君阁仁秀店,药店,2026-04-01,19,上班族,93,3
药店-桐君阁仁秀店,药店,2026-04-01,19,学生,74,2
药店-桐君阁仁秀店,药店,2026-04-01,20,家庭主妇,76,7
药店-桐君阁仁秀店,药店,2026-04-01,20,退休老人,78,1
药店-桐君阁仁秀店,药店,2026-04-01,20,中青年,67,2
药店-桐君阁仁秀店,药店,2026-04-01,20,上班族,81,0
药店-桐君阁仁秀店,药店,2026-04-01,20,学生,47,4
药店-桐君阁仁秀店,药店,2026-04-01,21,家庭主妇,35,3
药店-桐君阁仁秀店,药店,2026-04-01,21,退休老人,43,0
药店-桐君阁仁秀店,药店,2026-04-01,21,中青年,32,3
药店-桐君阁仁秀店,药店,2026-04-01,21,上班族,36,2
药店-桐君阁仁秀店,药店,2026-04-01,21,学生,30,0
药店-桐君阁仁秀店,药店,2026-04-01,22,家庭主妇,23,1
药店-桐君阁仁秀店,药店,2026-04-01,22,退休老人,23,0
药店-桐君阁仁秀店,药店,2026-04-01,22,中青年,17,3
药店-桐君阁仁秀店,药店,2026-04-01,22,上班族,24,0
药店-桐君阁仁秀店,药店,2026-04-01,22,学生,22,0
药店-桐君阁仁秀店,药店,2026-04-01,23,家庭主妇,0,0
药店-桐君阁仁秀店,药店,2026-04-01,23,退休老人,0,0
药店-桐君阁仁秀店,药店,2026-04-01,23,中青年,0,0
药店-桐君阁仁秀店,药店,2026-04-01,23,上班族,0,0
药店-桐君阁仁秀店,药店,2026-04-01,23,学生,0,0
药店-桐君阁仁秀店,药店,2026-04-02,0,家庭主妇,2,0
药店-桐君阁仁秀店,药店,2026-04-02,0,退休老人,1,0
药店-桐君阁仁秀店,药店,2026-04-02,0,中青年,2,0
药店-桐君阁仁秀店,药店,2026-04-02,0,上班族,1,0
药店-桐君阁仁秀店,药店,2026-04-02,0,学生,2,0
药店-桐君阁仁秀店,药店,2026-04-02,1,家庭主妇,1,0
药店-桐君阁仁秀店,药店,2026-04-02,1,退休老人,1,0
药店-桐君阁仁秀店,药店,2026-04-02,1,中青年,0,0
药店-桐君阁仁秀店,药店,2026-04-02,1,上班族,1,0
药店-桐君阁仁秀店,药店,2026-04-02,1,学生,0,0
药店-桐君阁仁秀店,药店,2026-04-02,2,家庭主妇,1,0
药店-桐君阁仁秀店,药店,2026-04-02,2,退休老人,1,0
药店-桐君阁仁秀店,药店,2026-04-02,2,中青年,1,0
药店-桐君阁仁秀店,药店,2026-04-02,2,上班族,1,0
药店-桐君阁仁秀店,药店,2026-04-02,2,学生,0,0
药店-桐君阁仁秀店,药店,2026-04-02,3,家庭主妇,0,0
药店-桐君阁仁秀店,药店,2026-04-02,3,退休老人,0,0
药店-桐君阁仁秀店,药店,2026-04-02,3,中青年,0,0
药店-桐君阁仁秀店,药店,2026-04-02,3,上班族,0,0
药店-桐君阁仁秀店,药店,2026-04-02,3,学生,0,0
药店-桐君阁仁秀店,药店,2026-04-02,4,家庭主妇,0,0
药店-桐君阁仁秀店,药店,2026-04-02,4,退休老人,0,0
药店-桐君阁仁秀店,药店,2026-04-02,4,中青年,0,0
药店-桐君阁仁秀店,药店,2026-04-02,4,上班族,0,0
药店-桐君阁仁秀店,药店,2026-04-02,4,学生,0,0
药店-桐君阁仁秀店,药店,2026-04-02,5,家庭主妇,0,0
药店-桐君阁仁秀店,药店,2026-04-02,5,退休老人,0,0
药店-桐君阁仁秀店,药店,2026-04-02,5,中青年,0,0
药店-桐君阁仁秀店,药店,2026-04-02,5,上班族,0,0
药店-桐君阁仁秀店,药店,2026-04-02,5,学生,0,0
药店-桐君阁仁秀店,药店,2026-04-02,6,家庭主妇,15,0
药店-桐君阁仁秀店,药店,2026-04-02,6,退休老人,16,0
药店-桐君阁仁秀店,药店,2026-04-02,6,中青年,7,0
药店-桐君阁仁秀店,药店,2026-04-02,6,上班族,14,0
药店-桐君阁仁秀店,药店,2026-04-02,6,学生,15,0
药店-桐君阁仁秀店,药店,2026-04-02,7,家庭主妇,42,0
药店-桐君阁仁秀店,药店,2026-04-02,7,退休老人,42,0
药店-桐君阁仁秀店,药店,2026-04-02,7,中青年,29,0
药店-桐君阁仁秀店,药店,2026-04-02,7,上班族,56,0
药店-桐君阁仁秀店,药店,2026-04-02,7,学生,38,0
药店-桐君阁仁秀店,药店,2026-04-02,8,家庭主妇,60,1
药店-桐君阁仁秀店,药店,2026-04-02,8,退休老人,64,0
药店-桐君阁仁秀店,药店,2026-04-02,8,中青年,71,0
药店-桐君阁仁秀店,药店,2026-04-02,8,上班族,57,1
药店-桐君阁仁秀店,药店,2026-04-02,8,学生,49,0
药店-桐君阁仁秀店,药店,2026-04-02,9,家庭主妇,68,3
药店-桐君阁仁秀店,药店,2026-04-02,9,退休老人,43,0
药店-桐君阁仁秀店,药店,2026-04-02,9,中青年,63,1
药店-桐君阁仁秀店,药店,2026-04-02,9,上班族,55,3
药店-桐君阁仁秀店,药店,2026-04-02,9,学生,72,0
药店-桐君阁仁秀店,药店,2026-04-02,10,家庭主妇,69,6
药店-桐君阁仁秀店,药店,2026-04-02,10,退休老人,52,0
药店-桐君阁仁秀店,药店,2026-04-02,10,中青年,65,2
药店-桐君阁仁秀店,药店,2026-04-02,10,上班族,64,0
药店-桐君阁仁秀店,药店,2026-04-02,10,学生,52,0
药店-桐君阁仁秀店,药店,2026-04-02,11,家庭主妇,54,1
药店-桐君阁仁秀店,药店,2026-04-02,11,退休老人,65,0
药店-桐君阁仁秀店,药店,2026-04-02,11,中青年,63,1
药店-桐君阁仁秀店,药店,2026-04-02,11,上班族,46,2
药店-桐君阁仁秀店,药店,2026-04-02,11,学生,40,0
药店-桐君阁仁秀店,药店,2026-04-02,12,家庭主妇,51,0
药店-桐君阁仁秀店,药店,2026-04-02,12,退休老人,40,0
药店-桐君阁仁秀店,药店,2026-04-02,12,中青年,42,0
药店-桐君阁仁秀店,药店,2026-04-02,12,上班族,42,2
药店-桐君阁仁秀店,药店,2026-04-02,12,学生,39,0
药店-桐君阁仁秀店,药店,2026-04-02,13,家庭主妇,40,2
药店-桐君阁仁秀店,药店,2026-04-02,13,退休老人,45,0
药店-桐君阁仁秀店,药店,2026-04-02,13,中青年,36,1
药店-桐君阁仁秀店,药店,2026-04-02,13,上班族,43,0
药店-桐君阁仁秀店,药店,2026-04-02,13,学生,38,0
药店-桐君阁仁秀店,药店,2026-04-02,14,家庭主妇,43,2
药店-桐君阁仁秀店,药店,2026-04-02,14,退休老人,46,1
药店-桐君阁仁秀店,药店,2026-04-02,14,中青年,39,1
药店-桐君阁仁秀店,药店,2026-04-02,14,上班族,39,1
药店-桐君阁仁秀店,药店,2026-04-02,14,学生,42,0
药店-桐君阁仁秀店,药店,2026-04-02,15,家庭主妇,43,0
药店-桐君阁仁秀店,药店,2026-04-02,15,退休老人,42,0
药店-桐君阁仁秀店,药店,2026-04-02,15,中青年,37,0
药店-桐君阁仁秀店,药店,2026-04-02,15,上班族,31,0
药店-桐君阁仁秀店,药店,2026-04-02,15,学生,46,0
药店-桐君阁仁秀店,药店,2026-04-02,16,家庭主妇,49,8
药店-桐君阁仁秀店,药店,2026-04-02,16,退休老人,54,2
药店-桐君阁仁秀店,药店,2026-04-02,16,中青年,58,4
药店-桐君阁仁秀店,药店,2026-04-02,16,上班族,52,6
药店-桐君阁仁秀店,药店,2026-04-02,16,学生,40,1
药店-桐君阁仁秀店,药店,2026-04-02,17,家庭主妇,61,3
药店-桐君阁仁秀店,药店,2026-04-02,17,退休老人,61,0
药店-桐君阁仁秀店,药店,2026-04-02,17,中青年,66,3
药店-桐君阁仁秀店,药店,2026-04-02,17,上班族,60,8
药店-桐君阁仁秀店,药店,2026-04-02,17,学生,41,1
药店-桐君阁仁秀店,药店,2026-04-02,18,家庭主妇,82,0
药店-桐君阁仁秀店,药店,2026-04-02,18,退休老人,73,0
药店-桐君阁仁秀店,药店,2026-04-02,18,中青年,68,0
药店-桐君阁仁秀店,药店,2026-04-02,18,上班族,83,10
药店-桐君阁仁秀店,药店,2026-04-02,18,学生,59,1
药店-桐君阁仁秀店,药店,2026-04-02,19,家庭主妇,64,6
药店-桐君阁仁秀店,药店,2026-04-02,19,退休老人,68,0
药店-桐君阁仁秀店,药店,2026-04-02,19,中青年,68,6
药店-桐君阁仁秀店,药店,2026-04-02,19,上班族,65,3
药店-桐君阁仁秀店,药店,2026-04-02,19,学生,64,2
药店-桐君阁仁秀店,药店,2026-04-02,20,家庭主妇,58,9
药店-桐君阁仁秀店,药店,2026-04-02,20,退休老人,48,0
药店-桐君阁仁秀店,药店,2026-04-02,20,中青年,58,6
药店-桐君阁仁秀店,药店,2026-04-02,20,上班族,55,2
药店-桐君阁仁秀店,药店,2026-04-02,20,学生,59,1
药店-桐君阁仁秀店,药店,2026-04-02,21,家庭主妇,30,2
药店-桐君阁仁秀店,药店,2026-04-02,21,退休老人,32,0
药店-桐君阁仁秀店,药店,2026-04-02,21,中青年,25,0
药店-桐君阁仁秀店,药店,2026-04-02,21,上班族,28,1
药店-桐君阁仁秀店,药店,2026-04-02,21,学生,26,0
药店-桐君阁仁秀店,药店,2026-04-02,22,家庭主妇,9,0
药店-桐君阁仁秀店,药店,2026-04-02,22,退休老人,11,0
药店-桐君阁仁秀店,药店,2026-04-02,22,中青年,9,0
药店-桐君阁仁秀店,药店,2026-04-02,22,上班族,10,0
药店-桐君阁仁秀店,药店,2026-04-02,22,学生,7,0
药店-桐君阁仁秀店,药店,2026-04-02,23,家庭主妇,0,0
药店-桐君阁仁秀店,药店,2026-04-02,23,退休老人,0,0
药店-桐君阁仁秀店,药店,2026-04-02,23,中青年,0,0
药店-桐君阁仁秀店,药店,2026-04-02,23,上班族,0,0
药店-桐君阁仁秀店,药店,2026-04-02,23,学生,0,0
药店-桐君阁仁秀店,药店,2026-04-03,0,家庭主妇,2,0
药店-桐君阁仁秀店,药店,2026-04-03,0,退休老人,3,0
药店-桐君阁仁秀店,药店,2026-04-03,0,中青年,2,0
药店-桐君阁仁秀店,药店,2026-04-03,0,上班族,2,0
药店-桐君阁仁秀店,药店,2026-04-03,0,学生,2,0
药店-桐君阁仁秀店,药店,2026-04-03,1,家庭主妇,0,0
药店-桐君阁仁秀店,药店,2026-04-03,1,退休老人,0,0
药店-桐君阁仁秀店,药店,2026-04-03,1,中青年,0,0
药店-桐君阁仁秀店,药店,2026-04-03,1,上班族,0,0
药店-桐君阁仁秀店,药店,2026-04-03,1,学生,0,0
药店-桐君阁仁秀店,药店,2026-04-03,2,家庭主妇,0,0
药店-桐君阁仁秀店,药店,2026-04-03,2,退休老人,0,0
药店-桐君阁仁秀店,药店,2026-04-03,2,中青年,0,0
药店-桐君阁仁秀店,药店,2026-04-03,2,上班族,0,0
药店-桐君阁仁秀店,药店,2026-04-03,2,学生,0,0
药店-桐君阁仁秀店,药店,2026-04-03,3,家庭主妇,0,0
药店-桐君阁仁秀店,药店,2026-04-03,3,退休老人,0,0
药店-桐君阁仁秀店,药店,2026-04-03,3,中青年,0,0
药店-桐君阁仁秀店,药店,2026-04-03,3,上班族,0,0
药店-桐君阁仁秀店,药店,2026-04-03,3,学生,0,0
药店-桐君阁仁秀店,药店,2026-04-03,4,家庭主妇,0,0
药店-桐君阁仁秀店,药店,2026-04-03,4,退休老人,0,0
药店-桐君阁仁秀店,药店,2026-04-03,4,中青年,0,0
药店-桐君阁仁秀店,药店,2026-04-03,4,上班族,0,0
药店-桐君阁仁秀店,药店,2026-04-03,4,学生,0,0
药店-桐君阁仁秀店,药店,2026-04-03,5,家庭主妇,0,0
药店-桐君阁仁秀店,药店,2026-04-03,5,退休老人,0,0
药店-桐君阁仁秀店,药店,2026-04-03,5,中青年,0,0
药店-桐君阁仁秀店,药店,2026-04-03,5,上班族,0,0
药店-桐君阁仁秀店,药店,2026-04-03,5,学生,0,0
药店-桐君阁仁秀店,药店,2026-04-03,6,家庭主妇,17,0
药店-桐君阁仁秀店,药店,2026-04-03,6,退休老人,8,0
药店-桐君阁仁秀店,药店,2026-04-03,6,中青年,10,0
药店-桐君阁仁秀店,药店,2026-04-03,6,上班族,9,0
药店-桐君阁仁秀店,药店,2026-04-03,6,学生,14,0
药店-桐君阁仁秀店,药店,2026-04-03,7,家庭主妇,43,0
药店-桐君阁仁秀店,药店,2026-04-03,7,退休老人,33,0
药店-桐君阁仁秀店,药店,2026-04-03,7,中青年,35,0
药店-桐君阁仁秀店,药店,2026-04-03,7,上班族,39,0
药店-桐君阁仁秀店,药店,2026-04-03,7,学生,35,0
药店-桐君阁仁秀店,药店,2026-04-03,8,家庭主妇,44,4
药店-桐君阁仁秀店,药店,2026-04-03,8,退休老人,53,2
药店-桐君阁仁秀店,药店,2026-04-03,8,中青年,77,0
药店-桐君阁仁秀店,药店,2026-04-03,8,上班族,59,2
药店-桐君阁仁秀店,药店,2026-04-03,8,学生,57,0
药店-桐君阁仁秀店,药店,2026-04-03,9,家庭主妇,77,8
药店-桐君阁仁秀店,药店,2026-04-03,9,退休老人,94,1
药店-桐君阁仁秀店,药店,2026-04-03,9,中青年,82,3
药店-桐君阁仁秀店,药店,2026-04-03,9,上班族,70,1
药店-桐君阁仁秀店,药店,2026-04-03,9,学生,73,1
药店-桐君阁仁秀店,药店,2026-04-03,10,家庭主妇,71,2
药店-桐君阁仁秀店,药店,2026-04-03,10,退休老人,65,1
药店-桐君阁仁秀店,药店,2026-04-03,10,中青年,58,0
药店-桐君阁仁秀店,药店,2026-04-03,10,上班族,81,2
药店-桐君阁仁秀店,药店,2026-04-03,10,学生,66,0
药店-桐君阁仁秀店,药店,2026-04-03,11,家庭主妇,64,3
药店-桐君阁仁秀店,药店,2026-04-03,11,退休老人,63,0
药店-桐君阁仁秀店,药店,2026-04-03,11,中青年,59,2
药店-桐君阁仁秀店,药店,2026-04-03,11,上班族,59,5
药店-桐君阁仁秀店,药店,2026-04-03,11,学生,68,0
药店-桐君阁仁秀店,药店,2026-04-03,12,家庭主妇,65,0
药店-桐君阁仁秀店,药店,2026-04-03,12,退休老人,69,0
药店-桐君阁仁秀店,药店,2026-04-03,12,中青年,64,0
药店-桐君阁仁秀店,药店,2026-04-03,12,上班族,60,3
药店-桐君阁仁秀店,药店,2026-04-03,12,学生,63,0
药店-桐君阁仁秀店,药店,2026-04-03,13,家庭主妇,62,3
药店-桐君阁仁秀店,药店,2026-04-03,13,退休老人,59,0
药店-桐君阁仁秀店,药店,2026-04-03,13,中青年,61,1
药店-桐君阁仁秀店,药店,2026-04-03,13,上班族,58,0
药店-桐君阁仁秀店,药店,2026-04-03,13,学生,58,0
药店-桐君阁仁秀店,药店,2026-04-03,14,家庭主妇,56,3
药店-桐君阁仁秀店,药店,2026-04-03,14,退休老人,63,2
药店-桐君阁仁秀店,药店,2026-04-03,14,中青年,50,1
药店-桐君阁仁秀店,药店,2026-04-03,14,上班族,39,1
药店-桐君阁仁秀店,药店,2026-04-03,14,学生,49,0
药店-桐君阁仁秀店,药店,2026-04-03,15,家庭主妇,54,0
药店-桐君阁仁秀店,药店,2026-04-03,15,退休老人,49,0
药店-桐君阁仁秀店,药店,2026-04-03,15,中青年,70,0
药店-桐君阁仁秀店,药店,2026-04-03,15,上班族,64,0
药店-桐君阁仁秀店,药店,2026-04-03,15,学生,64,0
药店-桐君阁仁秀店,药店,2026-04-03,16,家庭主妇,64,13
药店-桐君阁仁秀店,药店,2026-04-03,16,退休老人,57,0
药店-桐君阁仁秀店,药店,2026-04-03,16,中青年,52,3
药店-桐君阁仁秀店,药店,2026-04-03,16,上班族,75,4
药店-桐君阁仁秀店,药店,2026-04-03,16,学生,60,0
药店-桐君阁仁秀店,药店,2026-04-03,17,家庭主妇,70,1
药店-桐君阁仁秀店,药店,2026-04-03,17,退休老人,68,1
药店-桐君阁仁秀店,药店,2026-04-03,17,中青年,70,2
药店-桐君阁仁秀店,药店,2026-04-03,17,上班族,75,3
药店-桐君阁仁秀店,药店,2026-04-03,17,学生,57,1
药店-桐君阁仁秀店,药店,2026-04-03,18,家庭主妇,95,0
药店-桐君阁仁秀店,药店,2026-04-03,18,退休老人,95,1
药店-桐君阁仁秀店,药店,2026-04-03,18,中青年,99,1
药店-桐君阁仁秀店,药店,2026-04-03,18,上班族,75,5
药店-桐君阁仁秀店,药店,2026-04-03,18,学生,76,1
药店-桐君阁仁秀店,药店,2026-04-03,19,家庭主妇,93,8
药店-桐君阁仁秀店,药店,2026-04-03,19,退休老人,124,1
药店-桐君阁仁秀店,药店,2026-04-03,19,中青年,94,4
药店-桐君阁仁秀店,药店,2026-04-03,19,上班族,90,5
药店-桐君阁仁秀店,药店,2026-04-03,19,学生,87,4
药店-桐君阁仁秀店,药店,2026-04-03,20,家庭主妇,86,8
药店-桐君阁仁秀店,药店,2026-04-03,20,退休老人,83,1
药店-桐君阁仁秀店,药店,2026-04-03,20,中青年,76,6
药店-桐君阁仁秀店,药店,2026-04-03,20,上班族,83,3
药店-桐君阁仁秀店,药店,2026-04-03,20,学生,73,3
药店-桐君阁仁秀店,药店,2026-04-03,21,家庭主妇,47,6
药店-桐君阁仁秀店,药店,2026-04-03,21,退休老人,46,0
药店-桐君阁仁秀店,药店,2026-04-03,21,中青年,43,2
药店-桐君阁仁秀店,药店,2026-04-03,21,上班族,31,3
药店-桐君阁仁秀店,药店,2026-04-03,21,学生,47,2
药店-桐君阁仁秀店,药店,2026-04-03,22,家庭主妇,24,0
药店-桐君阁仁秀店,药店,2026-04-03,22,退休老人,23,0
药店-桐君阁仁秀店,药店,2026-04-03,22,中青年,17,0
药店-桐君阁仁秀店,药店,2026-04-03,22,上班族,22,0
药店-桐君阁仁秀店,药店,2026-04-03,22,学生,24,0
药店-桐君阁仁秀店,药店,2026-04-03,23,家庭主妇,0,0
药店-桐君阁仁秀店,药店,2026-04-03,23,退休老人,0,0
药店-桐君阁仁秀店,药店,2026-04-03,23,中青年,0,0
药店-桐君阁仁秀店,药店,2026-04-03,23,上班族,0,0
药店-桐君阁仁秀店,药店,2026-04-03,23,学生,0,0
药店-桐君阁仁秀店,药店,2026-04-04,0,家庭主妇,5,0
药店-桐君阁仁秀店,药店,2026-04-04,0,退休老人,7,0
药店-桐君阁仁秀店,药店,2026-04-04,0,中青年,7,0
药店-桐君阁仁秀店,药店,2026-04-04,0,上班族,7,0
药店-桐君阁仁秀店,药店,2026-04-04,0,学生,8,0
药店-桐君阁仁秀店,药店,2026-04-04,1,家庭主妇,4,0
药店-桐君阁仁秀店,药店,2026-04-04,1,退休老人,6,0
药店-桐君阁仁秀店,药店,2026-04-04,1,中青年,5,0
药店-桐君阁仁秀店,药店,2026-04-04,1,上班族,4,0
药店-桐君阁仁秀店,药店,2026-04-04,1,学生,6,0
药店-桐君阁仁秀店,药店,2026-04-04,2,家庭主妇,5,0
药店-桐君阁仁秀店,药店,2026-04-04,2,退休老人,2,0
药店-桐君阁仁秀店,药店,2026-04-04,2,中青年,3,0
药店-桐君阁仁秀店,药店,2026-04-04,2,上班族,5,0
药店-桐君阁仁秀店,药店,2026-04-04,2,学生,4,0
药店-桐君阁仁秀店,药店,2026-04-04,3,家庭主妇,5,0
药店-桐君阁仁秀店,药店,2026-04-04,3,退休老人,2,0
药店-桐君阁仁秀店,药店,2026-04-04,3,中青年,3,0
药店-桐君阁仁秀店,药店,2026-04-04,3,上班族,4,0
药店-桐君阁仁秀店,药店,2026-04-04,3,学生,0,0
药店-桐君阁仁秀店,药店,2026-04-04,4,家庭主妇,0,0
药店-桐君阁仁秀店,药店,2026-04-04,4,退休老人,2,0
药店-桐君阁仁秀店,药店,2026-04-04,4,中青年,3,0
药店-桐君阁仁秀店,药店,2026-04-04,4,上班族,2,0
药店-桐君阁仁秀店,药店,2026-04-04,4,学生,3,0
药店-桐君阁仁秀店,药店,2026-04-04,5,家庭主妇,3,0
药店-桐君阁仁秀店,药店,2026-04-04,5,退休老人,2,0
药店-桐君阁仁秀店,药店,2026-04-04,5,中青年,1,0
药店-桐君阁仁秀店,药店,2026-04-04,5,上班族,3,0
药店-桐君阁仁秀店,药店,2026-04-04,5,学生,1,0
药店-桐君阁仁秀店,药店,2026-04-04,6,家庭主妇,10,0
药店-桐君阁仁秀店,药店,2026-04-04,6,退休老人,8,0
药店-桐君阁仁秀店,药店,2026-04-04,6,中青年,9,0
药店-桐君阁仁秀店,药店,2026-04-04,6,上班族,7,0
药店-桐君阁仁秀店,药店,2026-04-04,6,学生,8,0
药店-桐君阁仁秀店,药店,2026-04-04,7,家庭主妇,32,0
药店-桐君阁仁秀店,药店,2026-04-04,7,退休老人,29,0
药店-桐君阁仁秀店,药店,2026-04-04,7,中青年,35,0
药店-桐君阁仁秀店,药店,2026-04-04,7,上班族,32,0
药店-桐君阁仁秀店,药店,2026-04-04,7,学生,19,0
药店-桐君阁仁秀店,药店,2026-04-04,8,家庭主妇,57,5
药店-桐君阁仁秀店,药店,2026-04-04,8,退休老人,57,0
药店-桐君阁仁秀店,药店,2026-04-04,8,中青年,58,6
药店-桐君阁仁秀店,药店,2026-04-04,8,上班族,63,4
药店-桐君阁仁秀店,药店,2026-04-04,8,学生,66,0
药店-桐君阁仁秀店,药店,2026-04-04,9,家庭主妇,75,4
药店-桐君阁仁秀店,药店,2026-04-04,9,退休老人,71,2
药店-桐君阁仁秀店,药店,2026-04-04,9,中青年,82,5
药店-桐君阁仁秀店,药店,2026-04-04,9,上班族,78,0
药店-桐君阁仁秀店,药店,2026-04-04,9,学生,64,2
药店-桐君阁仁秀店,药店,2026-04-04,10,家庭主妇,91,7
药店-桐君阁仁秀店,药店,2026-04-04,10,退休老人,72,0
药店-桐君阁仁秀店,药店,2026-04-04,10,中青年,89,1
药店-桐君阁仁秀店,药店,2026-04-04,10,上班族,96,3
药店-桐君阁仁秀店,药店,2026-04-04,10,学生,74,2
药店-桐君阁仁秀店,药店,2026-04-04,11,家庭主妇,63,2
药店-桐君阁仁秀店,药店,2026-04-04,11,退休老人,72,1
药店-桐君阁仁秀店,药店,2026-04-04,11,中青年,58,1
药店-桐君阁仁秀店,药店,2026-04-04,11,上班族,64,3
药店-桐君阁仁秀店,药店,2026-04-04,11,学生,52,0
药店-桐君阁仁秀店,药店,2026-04-04,12,家庭主妇,33,0
药店-桐君阁仁秀店,药店,2026-04-04,12,退休老人,22,0
药店-桐君阁仁秀店,药店,2026-04-04,12,中青年,40,2
药店-桐君阁仁秀店,药店,2026-04-04,12,上班族,37,3
药店-桐君阁仁秀店,药店,2026-04-04,12,学生,30,1
药店-桐君阁仁秀店,药店,2026-04-04,13,家庭主妇,47,3
药店-桐君阁仁秀店,药店,2026-04-04,13,退休老人,49,0
药店-桐君阁仁秀店,药店,2026-04-04,13,中青年,40,2
药店-桐君阁仁秀店,药店,2026-04-04,13,上班族,62,2
药店-桐君阁仁秀店,药店,2026-04-04,13,学生,37,0
药店-桐君阁仁秀店,药店,2026-04-04,14,家庭主妇,37,2
药店-桐君阁仁秀店,药店,2026-04-04,14,退休老人,39,0
药店-桐君阁仁秀店,药店,2026-04-04,14,中青年,38,3
药店-桐君阁仁秀店,药店,2026-04-04,14,上班族,38,0
药店-桐君阁仁秀店,药店,2026-04-04,14,学生,32,0
药店-桐君阁仁秀店,药店,2026-04-04,15,家庭主妇,48,2
药店-桐君阁仁秀店,药店,2026-04-04,15,退休老人,47,0
药店-桐君阁仁秀店,药店,2026-04-04,15,中青年,43,3
药店-桐君阁仁秀店,药店,2026-04-04,15,上班族,36,1
药店-桐君阁仁秀店,药店,2026-04-04,15,学生,36,0
药店-桐君阁仁秀店,药店,2026-04-04,16,家庭主妇,48,3
药店-桐君阁仁秀店,药店,2026-04-04,16,退休老人,62,0
药店-桐君阁仁秀店,药店,2026-04-04,16,中青年,58,4
药店-桐君阁仁秀店,药店,2026-04-04,16,上班族,49,1
药店-桐君阁仁秀店,药店,2026-04-04,16,学生,46,0
药店-桐君阁仁秀店,药店,2026-04-04,17,家庭主妇,74,1
药店-桐君阁仁秀店,药店,2026-04-04,17,退休老人,57,0
药店-桐君阁仁秀店,药店,2026-04-04,17,中青年,63,2
药店-桐君阁仁秀店,药店,2026-04-04,17,上班族,66,4
药店-桐君阁仁秀店,药店,2026-04-04,17,学生,77,1
药店-桐君阁仁秀店,药店,2026-04-04,18,家庭主妇,75,3
药店-桐君阁仁秀店,药店,2026-04-04,18,退休老人,83,0
药店-桐君阁仁秀店,药店,2026-04-04,18,中青年,70,2
药店-桐君阁仁秀店,药店,2026-04-04,18,上班族,76,5
药店-桐君阁仁秀店,药店,2026-04-04,18,学生,63,4
药店-桐君阁仁秀店,药店,2026-04-04,19,家庭主妇,92,4
药店-桐君阁仁秀店,药店,2026-04-04,19,退休老人,77,1
药店-桐君阁仁秀店,药店,2026-04-04,19,中青年,83,1
药店-桐君阁仁秀店,药店,2026-04-04,19,上班族,88,5
药店-桐君阁仁秀店,药店,2026-04-04,19,学生,77,0
药店-桐君阁仁秀店,药店,2026-04-04,20,家庭主妇,65,8
药店-桐君阁仁秀店,药店,2026-04-04,20,退休老人,56,0
药店-桐君阁仁秀店,药店,2026-04-04,20,中青年,49,3
药店-桐君阁仁秀店,药店,2026-04-04,20,上班族,60,3
药店-桐君阁仁秀店,药店,2026-04-04,20,学生,61,2
药店-桐君阁仁秀店,药店,2026-04-04,21,家庭主妇,42,11
药店-桐君阁仁秀店,药店,2026-04-04,21,退休老人,52,0
药店-桐君阁仁秀店,药店,2026-04-04,21,中青年,47,3
药店-桐君阁仁秀店,药店,2026-04-04,21,上班族,49,2
药店-桐君阁仁秀店,药店,2026-04-04,21,学生,32,3
药店-桐君阁仁秀店,药店,2026-04-04,22,家庭主妇,17,0
药店-桐君阁仁秀店,药店,2026-04-04,22,退休老人,24,0
药店-桐君阁仁秀店,药店,2026-04-04,22,中青年,17,0
药店-桐君阁仁秀店,药店,2026-04-04,22,上班族,17,0
药店-桐君阁仁秀店,药店,2026-04-04,22,学生,18,0
药店-桐君阁仁秀店,药店,2026-04-04,23,家庭主妇,0,0
药店-桐君阁仁秀店,药店,2026-04-04,23,退休老人,0,0
药店-桐君阁仁秀店,药店,2026-04-04,23,中青年,0,0
药店-桐君阁仁秀店,药店,2026-04-04,23,上班族,0,0
药店-桐君阁仁秀店,药店,2026-04-04,23,学生,0,0
药店-桐君阁仁秀店,药店,2026-04-05,0,家庭主妇,7,0
药店-桐君阁仁秀店,药店,2026-04-05,0,退休老人,4,0
药店-桐君阁仁秀店,药店,2026-04-05,0,中青年,5,0
药店-桐君阁仁秀店,药店,2026-04-05,0,上班族,6,0
药店-桐君阁仁秀店,药店,2026-04-05,0,学生,6,0
药店-桐君阁仁秀店,药店,2026-04-05,1,家庭主妇,5,0
药店-桐君阁仁秀店,药店,2026-04-05,1,退休老人,4,0
药店-桐君阁仁秀店,药店,2026-04-05,1,中青年,3,0
药店-桐君阁仁秀店,药店,2026-04-05,1,上班族,3,0
药店-桐君阁仁秀店,药店,2026-04-05,1,学生,3,0
药店-桐君阁仁秀店,药店,2026-04-05,2,家庭主妇,5,0
药店-桐君阁仁秀店,药店,2026-04-05,2,退休老人,4,0
药店-桐君阁仁秀店,药店,2026-04-05,2,中青年,4,0
药店-桐君阁仁秀店,药店,2026-04-05,2,上班族,6,0
药店-桐君阁仁秀店,药店,2026-04-05,2,学生,4,0
药店-桐君阁仁秀店,药店,2026-04-05,3,家庭主妇,7,0
药店-桐君阁仁秀店,药店,2026-04-05,3,退休老人,2,0
药店-桐君阁仁秀店,药店,2026-04-05,3,中青年,3,0
药店-桐君阁仁秀店,药店,2026-04-05,3,上班族,3,0
药店-桐君阁仁秀店,药店,2026-04-05,3,学生,1,0
药店-桐君阁仁秀店,药店,2026-04-05,4,家庭主妇,1,0
药店-桐君阁仁秀店,药店,2026-04-05,4,退休老人,2,0
药店-桐君阁仁秀店,药店,2026-04-05,4,中青年,2,0
药店-桐君阁仁秀店,药店,2026-04-05,4,上班族,3,0
药店-桐君阁仁秀店,药店,2026-04-05,4,学生,1,0
药店-桐君阁仁秀店,药店,2026-04-05,5,家庭主妇,3,0
药店-桐君阁仁秀店,药店,2026-04-05,5,退休老人,2,0
药店-桐君阁仁秀店,药店,2026-04-05,5,中青年,2,0
药店-桐君阁仁秀店,药店,2026-04-05,5,上班族,2,0
药店-桐君阁仁秀店,药店,2026-04-05,5,学生,5,0
药店-桐君阁仁秀店,药店,2026-04-05,6,家庭主妇,15,0
药店-桐君阁仁秀店,药店,2026-04-05,6,退休老人,14,0
药店-桐君阁仁秀店,药店,2026-04-05,6,中青年,10,0
药店-桐君阁仁秀店,药店,2026-04-05,6,上班族,17,0
药店-桐君阁仁秀店,药店,2026-04-05,6,学生,8,0
药店-桐君阁仁秀店,药店,2026-04-05,7,家庭主妇,40,0
药店-桐君阁仁秀店,药店,2026-04-05,7,退休老人,38,0
药店-桐君阁仁秀店,药店,2026-04-05,7,中青年,34,0
药店-桐君阁仁秀店,药店,2026-04-05,7,上班族,34,0
药店-桐君阁仁秀店,药店,2026-04-05,7,学生,23,0
药店-桐君阁仁秀店,药店,2026-04-05,8,家庭主妇,54,2
药店-桐君阁仁秀店,药店,2026-04-05,8,退休老人,59,0
药店-桐君阁仁秀店,药店,2026-04-05,8,中青年,57,1
药店-桐君阁仁秀店,药店,2026-04-05,8,上班族,60,3
药店-桐君阁仁秀店,药店,2026-04-05,8,学生,49,0
药店-桐君阁仁秀店,药店,2026-04-05,9,家庭主妇,80,4
药店-桐君阁仁秀店,药店,2026-04-05,9,退休老人,76,5
药店-桐君阁仁秀店,药店,2026-04-05,9,中青年,76,6
药店-桐君阁仁秀店,药店,2026-04-05,9,上班族,78,3
药店-桐君阁仁秀店,药店,2026-04-05,9,学生,74,1
药店-桐君阁仁秀店,药店,2026-04-05,10,家庭主妇,76,5
药店-桐君阁仁秀店,药店,2026-04-05,10,退休老人,70,2
药店-桐君阁仁秀店,药店,2026-04-05,10,中青年,82,2
药店-桐君阁仁秀店,药店,2026-04-05,10,上班族,85,3
药店-桐君阁仁秀店,药店,2026-04-05,10,学生,71,5
药店-桐君阁仁秀店,药店,2026-04-05,11,家庭主妇,54,0
药店-桐君阁仁秀店,药店,2026-04-05,11,退休老人,56,1
药店-桐君阁仁秀店,药店,2026-04-05,11,中青年,56,1
药店-桐君阁仁秀店,药店,2026-04-05,11,上班族,52,2
药店-桐君阁仁秀店,药店,2026-04-05,11,学生,47,1
药店-桐君阁仁秀店,药店,2026-04-05,12,家庭主妇,44,0
药店-桐君阁仁秀店,药店,2026-04-05,12,退休老人,40,0
药店-桐君阁仁秀店,药店,2026-04-05,12,中青年,45,0
药店-桐君阁仁秀店,药店,2026-04-05,12,上班族,45,3
药店-桐君阁仁秀店,药店,2026-04-05,12,学生,48,1
药店-桐君阁仁秀店,药店,2026-04-05,13,家庭主妇,53,3
药店-桐君阁仁秀店,药店,2026-04-05,13,退休老人,69,0
药店-桐君阁仁秀店,药店,2026-04-05,13,中青年,53,3
药店-桐君阁仁秀店,药店,2026-04-05,13,上班族,43,1
药店-桐君阁仁秀店,药店,2026-04-05,13,学生,49,1
药店-桐君阁仁秀店,药店,2026-04-05,14,家庭主妇,50,3
药店-桐君阁仁秀店,药店,2026-04-05,14,退休老人,47,0
药店-桐君阁仁秀店,药店,2026-04-05,14,中青年,56,0
药店-桐君阁仁秀店,药店,2026-04-05,14,上班族,50,1
药店-桐君阁仁秀店,药店,2026-04-05,14,学生,45,0
药店-桐君阁仁秀店,药店,2026-04-05,15,家庭主妇,43,2
药店-桐君阁仁秀店,药店,2026-04-05,15,退休老人,57,0
药店-桐君阁仁秀店,药店,2026-04-05,15,中青年,56,2
药店-桐君阁仁秀店,药店,2026-04-05,15,上班族,61,4
药店-桐君阁仁秀店,药店,2026-04-05,15,学生,53,0
药店-桐君阁仁秀店,药店,2026-04-05,16,家庭主妇,73,5
药店-桐君阁仁秀店,药店,2026-04-05,16,退休老人,80,1
药店-桐君阁仁秀店,药店,2026-04-05,16,中青年,80,1
药店-桐君阁仁秀店,药店,2026-04-05,16,上班族,79,2
药店-桐君阁仁秀店,药店,2026-04-05,16,学生,65,1
药店-桐君阁仁秀店,药店,2026-04-05,17,家庭主妇,71,3
药店-桐君阁仁秀店,药店,2026-04-05,17,退休老人,72,1
药店-桐君阁仁秀店,药店,2026-04-05,17,中青年,71,1
药店-桐君阁仁秀店,药店,2026-04-05,17,上班族,75,10
药店-桐君阁仁秀店,药店,2026-04-05,17,学生,75,3
药店-桐君阁仁秀店,药店,2026-04-05,18,家庭主妇,68,1
药店-桐君阁仁秀店,药店,2026-04-05,18,退休老人,69,0
药店-桐君阁仁秀店,药店,2026-04-05,18,中青年,69,1
药店-桐君阁仁秀店,药店,2026-04-05,18,上班族,74,6
药店-桐君阁仁秀店,药店,2026-04-05,18,学生,52,0
药店-桐君阁仁秀店,药店,2026-04-05,19,家庭主妇,78,6
药店-桐君阁仁秀店,药店,2026-04-05,19,退休老人,89,0
药店-桐君阁仁秀店,药店,2026-04-05,19,中青年,90,2
药店-桐君阁仁秀店,药店,2026-04-05,19,上班族,85,3
药店-桐君阁仁秀店,药店,2026-04-05,19,学生,66,0
药店-桐君阁仁秀店,药店,2026-04-05,20,家庭主妇,69,5
药店-桐君阁仁秀店,药店,2026-04-05,20,退休老人,72,0
药店-桐君阁仁秀店,药店,2026-04-05,20,中青年,87,6
药店-桐君阁仁秀店,药店,2026-04-05,20,上班族,58,1
药店-桐君阁仁秀店,药店,2026-04-05,20,学生,55,2
药店-桐君阁仁秀店,药店,2026-04-05,21,家庭主妇,56,6
药店-桐君阁仁秀店,药店,2026-04-05,21,退休老人,47,0
药店-桐君阁仁秀店,药店,2026-04-05,21,中青年,43,7
药店-桐君阁仁秀店,药店,2026-04-05,21,上班族,41,2
药店-桐君阁仁秀店,药店,2026-04-05,21,学生,47,0
药店-桐君阁仁秀店,药店,2026-04-05,22,家庭主妇,21,0
药店-桐君阁仁秀店,药店,2026-04-05,22,退休老人,24,0
药店-桐君阁仁秀店,药店,2026-04-05,22,中青年,18,0
药店-桐君阁仁秀店,药店,2026-04-05,22,上班族,21,0
药店-桐君阁仁秀店,药店,2026-04-05,22,学生,15,0
药店-桐君阁仁秀店,药店,2026-04-05,23,家庭主妇,0,0
药店-桐君阁仁秀店,药店,2026-04-05,23,退休老人,0,0
药店-桐君阁仁秀店,药店,2026-04-05,23,中青年,0,0
药店-桐君阁仁秀店,药店,2026-04-05,23,上班族,0,0
药店-桐君阁仁秀店,药店,2026-04-05,23,学生,0,0
药店-桐君阁仁秀店,药店,2026-04-06,0,家庭主妇,6,0
药店-桐君阁仁秀店,药店,2026-04-06,0,退休老人,7,0
药店-桐君阁仁秀店,药店,2026-04-06,0,中青年,7,0
药店-桐君阁仁秀店,药店,2026-04-06,0,上班族,5,0
药店-桐君阁仁秀店,药店,2026-04-06,0,学生,7,0
药店-桐君阁仁秀店,药店,2026-04-06,1,家庭主妇,5,0
药店-桐君阁仁秀店,药店,2026-04-06,1,退休老人,4,0
药店-桐君阁仁秀店,药店,2026-04-06,1,中青年,6,0
药店-桐君阁仁秀店,药店,2026-04-06,1,上班族,4,0
药店-桐君阁仁秀店,药店,2026-04-06,1,学生,4,0
药店-桐君阁仁秀店,药店,2026-04-06,2,家庭主妇,3,0
药店-桐君阁仁秀店,药店,2026-04-06,2,退休老人,2,0
药店-桐君阁仁秀店,药店,2026-04-06,2,中青年,2,0
药店-桐君阁仁秀店,药店,2026-04-06,2,上班族,2,0
药店-桐君阁仁秀店,药店,2026-04-06,2,学生,2,0
药店-桐君阁仁秀店,药店,2026-04-06,3,家庭主妇,1,0
药店-桐君阁仁秀店,药店,2026-04-06,3,退休老人,0,0
药店-桐君阁仁秀店,药店,2026-04-06,3,中青年,1,0
药店-桐君阁仁秀店,药店,2026-04-06,3,上班族,1,0
药店-桐君阁仁秀店,药店,2026-04-06,3,学生,0,0
药店-桐君阁仁秀店,药店,2026-04-06,4,家庭主妇,1,0
药店-桐君阁仁秀店,药店,2026-04-06,4,退休老人,1,0
药店-桐君阁仁秀店,药店,2026-04-06,4,中青年,2,0
药店-桐君阁仁秀店,药店,2026-04-06,4,上班族,1,0
药店-桐君阁仁秀店,药店,2026-04-06,4,学生,0,0
药店-桐君阁仁秀店,药店,2026-04-06,5,家庭主妇,0,0
药店-桐君阁仁秀店,药店,2026-04-06,5,退休老人,0,0
药店-桐君阁仁秀店,药店,2026-04-06,5,中青年,0,0
药店-桐君阁仁秀店,药店,2026-04-06,5,上班族,1,0
药店-桐君阁仁秀店,药店,2026-04-06,5,学生,1,0
药店-桐君阁仁秀店,药店,2026-04-06,6,家庭主妇,5,0
药店-桐君阁仁秀店,药店,2026-04-06,6,退休老人,6,0
药店-桐君阁仁秀店,药店,2026-04-06,6,中青年,7,0
药店-桐君阁仁秀店,药店,2026-04-06,6,上班族,4,0
药店-桐君阁仁秀店,药店,2026-04-06,6,学生,3,0
药店-桐君阁仁秀店,药店,2026-04-06,7,家庭主妇,18,0
药店-桐君阁仁秀店,药店,2026-04-06,7,退休老人,22,0
药店-桐君阁仁秀店,药店,2026-04-06,7,中青年,9,0
药店-桐君阁仁秀店,药店,2026-04-06,7,上班族,13,2
药店-桐君阁仁秀店,药店,2026-04-06,7,学生,14,0
药店-桐君阁仁秀店,药店,2026-04-06,8,家庭主妇,26,4
药店-桐君阁仁秀店,药店,2026-04-06,8,退休老人,25,0
药店-桐君阁仁秀店,药店,2026-04-06,8,中青年,24,1
药店-桐君阁仁秀店,药店,2026-04-06,8,上班族,14,4
药店-桐君阁仁秀店,药店,2026-04-06,8,学生,22,0
药店-桐君阁仁秀店,药店,2026-04-06,9,家庭主妇,45,2
药店-桐君阁仁秀店,药店,2026-04-06,9,退休老人,34,1
药店-桐君阁仁秀店,药店,2026-04-06,9,中青年,46,4
药店-桐君阁仁秀店,药店,2026-04-06,9,上班族,44,1
药店-桐君阁仁秀店,药店,2026-04-06,9,学生,38,2
药店-桐君阁仁秀店,药店,2026-04-06,10,家庭主妇,62,8
药店-桐君阁仁秀店,药店,2026-04-06,10,退休老人,66,1
药店-桐君阁仁秀店,药店,2026-04-06,10,中青年,69,3
药店-桐君阁仁秀店,药店,2026-04-06,10,上班族,70,3
药店-桐君阁仁秀店,药店,2026-04-06,10,学生,48,1
药店-桐君阁仁秀店,药店,2026-04-06,11,家庭主妇,45,3
药店-桐君阁仁秀店,药店,2026-04-06,11,退休老人,54,0
药店-桐君阁仁秀店,药店,2026-04-06,11,中青年,49,2
药店-桐君阁仁秀店,药店,2026-04-06,11,上班族,38,2
药店-桐君阁仁秀店,药店,2026-04-06,11,学生,41,2
药店-桐君阁仁秀店,药店,2026-04-06,12,家庭主妇,54,1
药店-桐君阁仁秀店,药店,2026-04-06,12,退休老人,53,0
药店-桐君阁仁秀店,药店,2026-04-06,12,中青年,42,0
药店-桐君阁仁秀店,药店,2026-04-06,12,上班族,56,1
药店-桐君阁仁秀店,药店,2026-04-06,12,学生,31,0
药店-桐君阁仁秀店,药店,2026-04-06,13,家庭主妇,41,4
药店-桐君阁仁秀店,药店,2026-04-06,13,退休老人,48,0
药店-桐君阁仁秀店,药店,2026-04-06,13,中青年,52,1
药店-桐君阁仁秀店,药店,2026-04-06,13,上班族,57,0
药店-桐君阁仁秀店,药店,2026-04-06,13,学生,45,2
药店-桐君阁仁秀店,药店,2026-04-06,14,家庭主妇,64,6
药店-桐君阁仁秀店,药店,2026-04-06,14,退休老人,58,2
药店-桐君阁仁秀店,药店,2026-04-06,14,中青年,65,4
药店-桐君阁仁秀店,药店,2026-04-06,14,上班族,68,1
药店-桐君阁仁秀店,药店,2026-04-06,14,学生,50,3
药店-桐君阁仁秀店,药店,2026-04-06,15,家庭主妇,53,4
药店-桐君阁仁秀店,药店,2026-04-06,15,退休老人,48,0
药店-桐君阁仁秀店,药店,2026-04-06,15,中青年,64,3
药店-桐君阁仁秀店,药店,2026-04-06,15,上班族,59,5
药店-桐君阁仁秀店,药店,2026-04-06,15,学生,48,0
药店-桐君阁仁秀店,药店,2026-04-06,16,家庭主妇,62,3
药店-桐君阁仁秀店,药店,2026-04-06,16,退休老人,61,1
药店-桐君阁仁秀店,药店,2026-04-06,16,中青年,64,5
药店-桐君阁仁秀店,药店,2026-04-06,16,上班族,72,1
药店-桐君阁仁秀店,药店,2026-04-06,16,学生,63,0
药店-桐君阁仁秀店,药店,2026-04-06,17,家庭主妇,75,1
药店-桐君阁仁秀店,药店,2026-04-06,17,退休老人,68,1
药店-桐君阁仁秀店,药店,2026-04-06,17,中青年,77,2
药店-桐君阁仁秀店,药店,2026-04-06,17,上班族,86,9
药店-桐君阁仁秀店,药店,2026-04-06,17,学生,69,1
药店-桐君阁仁秀店,药店,2026-04-06,18,家庭主妇,85,3
药店-桐君阁仁秀店,药店,2026-04-06,18,退休老人,65,1
药店-桐君阁仁秀店,药店,2026-04-06,18,中青年,73,0
药店-桐君阁仁秀店,药店,2026-04-06,18,上班族,64,6
药店-桐君阁仁秀店,药店,2026-04-06,18,学生,67,0
药店-桐君阁仁秀店,药店,2026-04-06,19,家庭主妇,96,6
药店-桐君阁仁秀店,药店,2026-04-06,19,退休老人,79,0
药店-桐君阁仁秀店,药店,2026-04-06,19,中青年,78,3
药店-桐君阁仁秀店,药店,2026-04-06,19,上班族,91,5
药店-桐君阁仁秀店,药店,2026-04-06,19,学生,67,0
药店-桐君阁仁秀店,药店,2026-04-06,20,家庭主妇,51,8
药店-桐君阁仁秀店,药店,2026-04-06,20,退休老人,36,0
药店-桐君阁仁秀店,药店,2026-04-06,20,中青年,69,2
药店-桐君阁仁秀店,药店,2026-04-06,20,上班族,48,3
药店-桐君阁仁秀店,药店,2026-04-06,20,学生,61,4
药店-桐君阁仁秀店,药店,2026-04-06,21,家庭主妇,33,3
药店-桐君阁仁秀店,药店,2026-04-06,21,退休老人,24,0
药店-桐君阁仁秀店,药店,2026-04-06,21,中青年,39,7
药店-桐君阁仁秀店,药店,2026-04-06,21,上班族,27,2
药店-桐君阁仁秀店,药店,2026-04-06,21,学生,29,0
药店-桐君阁仁秀店,药店,2026-04-06,22,家庭主妇,23,0
药店-桐君阁仁秀店,药店,2026-04-06,22,退休老人,18,0
药店-桐君阁仁秀店,药店,2026-04-06,22,中青年,26,0
药店-桐君阁仁秀店,药店,2026-04-06,22,上班族,21,0
药店-桐君阁仁秀店,药店,2026-04-06,22,学生,22,0
药店-桐君阁仁秀店,药店,2026-04-06,23,家庭主妇,7,0
药店-桐君阁仁秀店,药店,2026-04-06,23,退休老人,7,0
药店-桐君阁仁秀店,药店,2026-04-06,23,中青年,15,0
药店-桐君阁仁秀店,药店,2026-04-06,23,上班族,7,0
药店-桐君阁仁秀店,药店,2026-04-06,23,学生,4,0
药店-桐君阁仁秀店,药店,2026-04-07,0,家庭主妇,7,0
药店-桐君阁仁秀店,药店,2026-04-07,0,退休老人,6,0
药店-桐君阁仁秀店,药店,2026-04-07,0,中青年,9,0
药店-桐君阁仁秀店,药店,2026-04-07,0,上班族,6,0
药店-桐君阁仁秀店,药店,2026-04-07,0,学生,5,0
药店-桐君阁仁秀店,药店,2026-04-07,1,家庭主妇,2,0
药店-桐君阁仁秀店,药店,2026-04-07,1,退休老人,2,0
药店-桐君阁仁秀店,药店,2026-04-07,1,中青年,0,0
药店-桐君阁仁秀店,药店,2026-04-07,1,上班族,1,0
药店-桐君阁仁秀店,药店,2026-04-07,1,学生,0,0
药店-桐君阁仁秀店,药店,2026-04-07,2,家庭主妇,2,0
药店-桐君阁仁秀店,药店,2026-04-07,2,退休老人,3,0
药店-桐君阁仁秀店,药店,2026-04-07,2,中青年,2,0
药店-桐君阁仁秀店,药店,2026-04-07,2,上班族,1,0
药店-桐君阁仁秀店,药店,2026-04-07,2,学生,0,0
药店-桐君阁仁秀店,药店,2026-04-07,3,家庭主妇,1,0
药店-桐君阁仁秀店,药店,2026-04-07,3,退休老人,1,0
药店-桐君阁仁秀店,药店,2026-04-07,3,中青年,1,0
药店-桐君阁仁秀店,药店,2026-04-07,3,上班族,2,0
药店-桐君阁仁秀店,药店,2026-04-07,3,学生,1,0
药店-桐君阁仁秀店,药店,2026-04-07,4,家庭主妇,1,0
药店-桐君阁仁秀店,药店,2026-04-07,4,退休老人,0,0
药店-桐君阁仁秀店,药店,2026-04-07,4,中青年,1,0
药店-桐君阁仁秀店,药店,2026-04-07,4,上班族,1,0
药店-桐君阁仁秀店,药店,2026-04-07,4,学生,0,0
药店-桐君阁仁秀店,药店,2026-04-07,5,家庭主妇,4,0
药店-桐君阁仁秀店,药店,2026-04-07,5,退休老人,3,0
药店-桐君阁仁秀店,药店,2026-04-07,5,中青年,4,0
药店-桐君阁仁秀店,药店,2026-04-07,5,上班族,1,0
药店-桐君阁仁秀店,药店,2026-04-07,5,学生,3,0
药店-桐君阁仁秀店,药店,2026-04-07,6,家庭主妇,10,0
药店-桐君阁仁秀店,药店,2026-04-07,6,退休老人,13,0
药店-桐君阁仁秀店,药店,2026-04-07,6,中青年,11,0
药店-桐君阁仁秀店,药店,2026-04-07,6,上班族,9,0
药店-桐君阁仁秀店,药店,2026-04-07,6,学生,8,0
药店-桐君阁仁秀店,药店,2026-04-07,7,家庭主妇,36,0
药店-桐君阁仁秀店,药店,2026-04-07,7,退休老人,40,0
药店-桐君阁仁秀店,药店,2026-04-07,7,中青年,37,0
药店-桐君阁仁秀店,药店,2026-04-07,7,上班族,35,0
药店-桐君阁仁秀店,药店,2026-04-07,7,学生,37,0
药店-桐君阁仁秀店,药店,2026-04-07,8,家庭主妇,66,3
药店-桐君阁仁秀店,药店,2026-04-07,8,退休老人,60,2
药店-桐君阁仁秀店,药店,2026-04-07,8,中青年,66,1
药店-桐君阁仁秀店,药店,2026-04-07,8,上班族,58,4
药店-桐君阁仁秀店,药店,2026-04-07,8,学生,48,0
药店-桐君阁仁秀店,药店,2026-04-07,9,家庭主妇,73,5
药店-桐君阁仁秀店,药店,2026-04-07,9,退休老人,69,0
药店-桐君阁仁秀店,药店,2026-04-07,9,中青年,77,2
药店-桐君阁仁秀店,药店,2026-04-07,9,上班族,69,2
药店-桐君阁仁秀店,药店,2026-04-07,9,学生,80,1
药店-桐君阁仁秀店,药店,2026-04-07,10,家庭主妇,68,5
药店-桐君阁仁秀店,药店,2026-04-07,10,退休老人,69,2
药店-桐君阁仁秀店,药店,2026-04-07,10,中青年,66,1
药店-桐君阁仁秀店,药店,2026-04-07,10,上班族,75,2
药店-桐君阁仁秀店,药店,2026-04-07,10,学生,66,0
药店-桐君阁仁秀店,药店,2026-04-07,11,家庭主妇,37,3
药店-桐君阁仁秀店,药店,2026-04-07,11,退休老人,58,0
药店-桐君阁仁秀店,药店,2026-04-07,11,中青年,50,1
药店-桐君阁仁秀店,药店,2026-04-07,11,上班族,59,0
药店-桐君阁仁秀店,药店,2026-04-07,11,学生,61,1
药店-桐君阁仁秀店,药店,2026-04-07,12,家庭主妇,41,1
药店-桐君阁仁秀店,药店,2026-04-07,12,退休老人,41,0
药店-桐君阁仁秀店,药店,2026-04-07,12,中青年,46,0
药店-桐君阁仁秀店,药店,2026-04-07,12,上班族,48,3
药店-桐君阁仁秀店,药店,2026-04-07,12,学生,46,0
药店-桐君阁仁秀店,药店,2026-04-07,13,家庭主妇,43,2
药店-桐君阁仁秀店,药店,2026-04-07,13,退休老人,35,0
药店-桐君阁仁秀店,药店,2026-04-07,13,中青年,37,2
药店-桐君阁仁秀店,药店,2026-04-07,13,上班族,37,0
药店-桐君阁仁秀店,药店,2026-04-07,13,学生,48,0
药店-桐君阁仁秀店,药店,2026-04-07,14,家庭主妇,44,6
药店-桐君阁仁秀店,药店,2026-04-07,14,退休老人,47,1
药店-桐君阁仁秀店,药店,2026-04-07,14,中青年,46,1
药店-桐君阁仁秀店,药店,2026-04-07,14,上班族,51,1
药店-桐君阁仁秀店,药店,2026-04-07,14,学生,39,0
药店-桐君阁仁秀店,药店,2026-04-07,15,家庭主妇,51,6
药店-桐君阁仁秀店,药店,2026-04-07,15,退休老人,49,0
药店-桐君阁仁秀店,药店,2026-04-07,15,中青年,49,1
药店-桐君阁仁秀店,药店,2026-04-07,15,上班族,56,1
药店-桐君阁仁秀店,药店,2026-04-07,15,学生,36,0
药店-桐君阁仁秀店,药店,2026-04-07,16,家庭主妇,48,3
药店-桐君阁仁秀店,药店,2026-04-07,16,退休老人,54,0
药店-桐君阁仁秀店,药店,2026-04-07,16,中青年,60,1
药店-桐君阁仁秀店,药店,2026-04-07,16,上班族,51,2
药店-桐君阁仁秀店,药店,2026-04-07,16,学生,59,0
药店-桐君阁仁秀店,药店,2026-04-07,17,家庭主妇,59,3
药店-桐君阁仁秀店,药店,2026-04-07,17,退休老人,60,1
药店-桐君阁仁秀店,药店,2026-04-07,17,中青年,75,1
药店-桐君阁仁秀店,药店,2026-04-07,17,上班族,59,5
药店-桐君阁仁秀店,药店,2026-04-07,17,学生,65,0
药店-桐君阁仁秀店,药店,2026-04-07,18,家庭主妇,83,1
药店-桐君阁仁秀店,药店,2026-04-07,18,退休老人,76,0
药店-桐君阁仁秀店,药店,2026-04-07,18,中青年,88,0
药店-桐君阁仁秀店,药店,2026-04-07,18,上班族,81,3
药店-桐君阁仁秀店,药店,2026-04-07,18,学生,71,1
药店-桐君阁仁秀店,药店,2026-04-07,19,家庭主妇,79,17
药店-桐君阁仁秀店,药店,2026-04-07,19,退休老人,95,1
药店-桐君阁仁秀店,药店,2026-04-07,19,中青年,105,8
药店-桐君阁仁秀店,药店,2026-04-07,19,上班族,74,6
药店-桐君阁仁秀店,药店,2026-04-07,19,学生,84,5
药店-桐君阁仁秀店,药店,2026-04-07,20,家庭主妇,74,10
药店-桐君阁仁秀店,药店,2026-04-07,20,退休老人,73,2
药店-桐君阁仁秀店,药店,2026-04-07,20,中青年,66,8
药店-桐君阁仁秀店,药店,2026-04-07,20,上班族,70,4
药店-桐君阁仁秀店,药店,2026-04-07,20,学生,76,0
药店-桐君阁仁秀店,药店,2026-04-07,21,家庭主妇,31,2
药店-桐君阁仁秀店,药店,2026-04-07,21,退休老人,37,0
药店-桐君阁仁秀店,药店,2026-04-07,21,中青年,42,5
药店-桐君阁仁秀店,药店,2026-04-07,21,上班族,35,2
药店-桐君阁仁秀店,药店,2026-04-07,21,学生,40,1
药店-桐君阁仁秀店,药店,2026-04-07,22,家庭主妇,9,0
药店-桐君阁仁秀店,药店,2026-04-07,22,退休老人,17,0
药店-桐君阁仁秀店,药店,2026-04-07,22,中青年,15,0
药店-桐君阁仁秀店,药店,2026-04-07,22,上班族,10,0
药店-桐君阁仁秀店,药店,2026-04-07,22,学生,11,0
药店-桐君阁仁秀店,药店,2026-04-07,23,家庭主妇,0,0
药店-桐君阁仁秀店,药店,2026-04-07,23,退休老人,0,0
药店-桐君阁仁秀店,药店,2026-04-07,23,中青年,0,0
药店-桐君阁仁秀店,药店,2026-04-07,23,上班族,0,0
药店-桐君阁仁秀店,药店,2026-04-07,23,学生,0,0
药店-桐君阁仁秀店,药店,2026-04-08,0,家庭主妇,14,0
药店-桐君阁仁秀店,药店,2026-04-08,0,退休老人,12,0
药店-桐君阁仁秀店,药店,2026-04-08,0,中青年,11,0
药店-桐君阁仁秀店,药店,2026-04-08,0,上班族,10,0
药店-桐君阁仁秀店,药店,2026-04-08,0,学生,10,0
药店-桐君阁仁秀店,药店,2026-04-08,1,家庭主妇,5,0
药店-桐君阁仁秀店,药店,2026-04-08,1,退休老人,5,0
药店-桐君阁仁秀店,药店,2026-04-08,1,中青年,6,0
药店-桐君阁仁秀店,药店,2026-04-08,1,上班族,4,0
药店-桐君阁仁秀店,药店,2026-04-08,1,学生,1,0
药店-桐君阁仁秀店,药店,2026-04-08,2,家庭主妇,2,0
药店-桐君阁仁秀店,药店,2026-04-08,2,退休老人,1,0
药店-桐君阁仁秀店,药店,2026-04-08,2,中青年,3,0
药店-桐君阁仁秀店,药店,2026-04-08,2,上班族,1,0
药店-桐君阁仁秀店,药店,2026-04-08,2,学生,1,0
药店-桐君阁仁秀店,药店,2026-04-08,3,家庭主妇,1,0
药店-桐君阁仁秀店,药店,2026-04-08,3,退休老人,1,0
药店-桐君阁仁秀店,药店,2026-04-08,3,中青年,0,0
药店-桐君阁仁秀店,药店,2026-04-08,3,上班族,1,0
药店-桐君阁仁秀店,药店,2026-04-08,3,学生,1,0
药店-桐君阁仁秀店,药店,2026-04-08,4,家庭主妇,2,0
药店-桐君阁仁秀店,药店,2026-04-08,4,退休老人,1,0
药店-桐君阁仁秀店,药店,2026-04-08,4,中青年,1,0
药店-桐君阁仁秀店,药店,2026-04-08,4,上班族,2,0
药店-桐君阁仁秀店,药店,2026-04-08,4,学生,0,0
药店-桐君阁仁秀店,药店,2026-04-08,5,家庭主妇,3,0
药店-桐君阁仁秀店,药店,2026-04-08,5,退休老人,4,0
药店-桐君阁仁秀店,药店,2026-04-08,5,中青年,4,0
药店-桐君阁仁秀店,药店,2026-04-08,5,上班族,3,0
药店-桐君阁仁秀店,药店,2026-04-08,5,学生,2,0
药店-桐君阁仁秀店,药店,2026-04-08,6,家庭主妇,14,0
药店-桐君阁仁秀店,药店,2026-04-08,6,退休老人,19,0
药店-桐君阁仁秀店,药店,2026-04-08,6,中青年,16,0
药店-桐君阁仁秀店,药店,2026-04-08,6,上班族,15,0
药店-桐君阁仁秀店,药店,2026-04-08,6,学生,9,0
药店-桐君阁仁秀店,药店,2026-04-08,7,家庭主妇,40,0
药店-桐君阁仁秀店,药店,2026-04-08,7,退休老人,44,0
药店-桐君阁仁秀店,药店,2026-04-08,7,中青年,48,0
药店-桐君阁仁秀店,药店,2026-04-08,7,上班族,38,0
药店-桐君阁仁秀店,药店,2026-04-08,7,学生,41,0
药店-桐君阁仁秀店,药店,2026-04-08,8,家庭主妇,69,2
药店-桐君阁仁秀店,药店,2026-04-08,8,退休老人,84,0
药店-桐君阁仁秀店,药店,2026-04-08,8,中青年,63,0
药店-桐君阁仁秀店,药店,2026-04-08,8,上班族,78,2
药店-桐君阁仁秀店,药店,2026-04-08,8,学生,62,0
药店-桐君阁仁秀店,药店,2026-04-08,9,家庭主妇,56,6
药店-桐君阁仁秀店,药店,2026-04-08,9,退休老人,80,0
药店-桐君阁仁秀店,药店,2026-04-08,9,中青年,76,1
药店-桐君阁仁秀店,药店,2026-04-08,9,上班族,66,2
药店-桐君阁仁秀店,药店,2026-04-08,9,学生,62,0
药店-桐君阁仁秀店,药店,2026-04-08,10,家庭主妇,71,4
药店-桐君阁仁秀店,药店,2026-04-08,10,退休老人,83,0
药店-桐君阁仁秀店,药店,2026-04-08,10,中青年,56,2
药店-桐君阁仁秀店,药店,2026-04-08,10,上班族,78,3
药店-桐君阁仁秀店,药店,2026-04-08,10,学生,55,0
药店-桐君阁仁秀店,药店,2026-04-08,11,家庭主妇,54,3
药店-桐君阁仁秀店,药店,2026-04-08,11,退休老人,47,0
药店-桐君阁仁秀店,药店,2026-04-08,11,中青年,67,0
药店-桐君阁仁秀店,药店,2026-04-08,11,上班族,41,3
药店-桐君阁仁秀店,药店,2026-04-08,11,学生,53,0
药店-桐君阁仁秀店,药店,2026-04-08,12,家庭主妇,26,0
药店-桐君阁仁秀店,药店,2026-04-08,12,退休老人,31,0
药店-桐君阁仁秀店,药店,2026-04-08,12,中青年,35,0
药店-桐君阁仁秀店,药店,2026-04-08,12,上班族,29,6
药店-桐君阁仁秀店,药店,2026-04-08,12,学生,33,1
药店-桐君阁仁秀店,药店,2026-04-08,13,家庭主妇,42,1
药店-桐君阁仁秀店,药店,2026-04-08,13,退休老人,34,0
药店-桐君阁仁秀店,药店,2026-04-08,13,中青年,28,2
药店-桐君阁仁秀店,药店,2026-04-08,13,上班族,36,1
药店-桐君阁仁秀店,药店,2026-04-08,13,学生,30,0
药店-桐君阁仁秀店,药店,2026-04-08,14,家庭主妇,26,2
药店-桐君阁仁秀店,药店,2026-04-08,14,退休老人,27,0
药店-桐君阁仁秀店,药店,2026-04-08,14,中青年,30,3
药店-桐君阁仁秀店,药店,2026-04-08,14,上班族,32,1
药店-桐君阁仁秀店,药店,2026-04-08,14,学生,25,0
药店-桐君阁仁秀店,药店,2026-04-08,15,家庭主妇,51,6
药店-桐君阁仁秀店,药店,2026-04-08,15,退休老人,37,0
药店-桐君阁仁秀店,药店,2026-04-08,15,中青年,45,5
药店-桐君阁仁秀店,药店,2026-04-08,15,上班族,43,1
药店-桐君阁仁秀店,药店,2026-04-08,15,学生,41,0
药店-桐君阁仁秀店,药店,2026-04-08,16,家庭主妇,37,5
药店-桐君阁仁秀店,药店,2026-04-08,16,退休老人,45,0
药店-桐君阁仁秀店,药店,2026-04-08,16,中青年,42,2
药店-桐君阁仁秀店,药店,2026-04-08,16,上班族,43,3
药店-桐君阁仁秀店,药店,2026-04-08,16,学生,46,1
药店-桐君阁仁秀店,药店,2026-04-08,17,家庭主妇,77,5
药店-桐君阁仁秀店,药店,2026-04-08,17,退休老人,62,0
药店-桐君阁仁秀店,药店,2026-04-08,17,中青年,79,1
药店-桐君阁仁秀店,药店,2026-04-08,17,上班族,73,7
药店-桐君阁仁秀店,药店,2026-04-08,17,学生,62,0
药店-桐君阁仁秀店,药店,2026-04-08,18,家庭主妇,70,0
药店-桐君阁仁秀店,药店,2026-04-08,18,退休老人,79,0
药店-桐君阁仁秀店,药店,2026-04-08,18,中青年,85,3
药店-桐君阁仁秀店,药店,2026-04-08,18,上班族,76,15
药店-桐君阁仁秀店,药店,2026-04-08,18,学生,72,3
药店-桐君阁仁秀店,药店,2026-04-08,19,家庭主妇,90,5
药店-桐君阁仁秀店,药店,2026-04-08,19,退休老人,86,0
药店-桐君阁仁秀店,药店,2026-04-08,19,中青年,75,2
药店-桐君阁仁秀店,药店,2026-04-08,19,上班族,93,1
药店-桐君阁仁秀店,药店,2026-04-08,19,学生,82,1
药店-桐君阁仁秀店,药店,2026-04-08,20,家庭主妇,70,7
药店-桐君阁仁秀店,药店,2026-04-08,20,退休老人,81,0
药店-桐君阁仁秀店,药店,2026-04-08,20,中青年,83,4
药店-桐君阁仁秀店,药店,2026-04-08,20,上班族,73,4
药店-桐君阁仁秀店,药店,2026-04-08,20,学生,66,0
药店-桐君阁仁秀店,药店,2026-04-08,21,家庭主妇,39,2
药店-桐君阁仁秀店,药店,2026-04-08,21,退休老人,42,0
药店-桐君阁仁秀店,药店,2026-04-08,21,中青年,40,1
药店-桐君阁仁秀店,药店,2026-04-08,21,上班族,47,2
药店-桐君阁仁秀店,药店,2026-04-08,21,学生,30,0
药店-桐君阁仁秀店,药店,2026-04-08,22,家庭主妇,14,0
药店-桐君阁仁秀店,药店,2026-04-08,22,退休老人,14,0
药店-桐君阁仁秀店,药店,2026-04-08,22,中青年,12,0
药店-桐君阁仁秀店,药店,2026-04-08,22,上班族,16,0
药店-桐君阁仁秀店,药店,2026-04-08,22,学生,13,0
药店-桐君阁仁秀店,药店,2026-04-08,23,家庭主妇,0,0
药店-桐君阁仁秀店,药店,2026-04-08,23,退休老人,0,0
药店-桐君阁仁秀店,药店,2026-04-08,23,中青年,0,0
药店-桐君阁仁秀店,药店,2026-04-08,23,上班族,0,0
药店-桐君阁仁秀店,药店,2026-04-08,23,学生,0,0
药店-桐君阁仁秀店,药店,2026-04-09,0,家庭主妇,4,0
药店-桐君阁仁秀店,药店,2026-04-09,0,退休老人,5,0
药店-桐君阁仁秀店,药店,2026-04-09,0,中青年,4,0
药店-桐君阁仁秀店,药店,2026-04-09,0,上班族,4,0
药店-桐君阁仁秀店,药店,2026-04-09,0,学生,7,0
药店-桐君阁仁秀店,药店,2026-04-09,1,家庭主妇,5,0
药店-桐君阁仁秀店,药店,2026-04-09,1,退休老人,2,0
药店-桐君阁仁秀店,药店,2026-04-09,1,中青年,3,0
药店-桐君阁仁秀店,药店,2026-04-09,1,上班族,3,0
药店-桐君阁仁秀店,药店,2026-04-09,1,学生,4,0
药店-桐君阁仁秀店,药店,2026-04-09,2,家庭主妇,3,0
药店-桐君阁仁秀店,药店,2026-04-09,2,退休老人,1,0
药店-桐君阁仁秀店,药店,2026-04-09,2,中青年,2,0
药店-桐君阁仁秀店,药店,2026-04-09,2,上班族,2,0
药店-桐君阁仁秀店,药店,2026-04-09,2,学生,2,0
药店-桐君阁仁秀店,药店,2026-04-09,3,家庭主妇,1,0
药店-桐君阁仁秀店,药店,2026-04-09,3,退休老人,0,0
药店-桐君阁仁秀店,药店,2026-04-09,3,中青年,0,0
药店-桐君阁仁秀店,药店,2026-04-09,3,上班族,0,0
药店-桐君阁仁秀店,药店,2026-04-09,3,学生,1,0
药店-桐君阁仁秀店,药店,2026-04-09,4,家庭主妇,2,0
药店-桐君阁仁秀店,药店,2026-04-09,4,退休老人,2,0
药店-桐君阁仁秀店,药店,2026-04-09,4,中青年,2,0
药店-桐君阁仁秀店,药店,2026-04-09,4,上班族,3,0
药店-桐君阁仁秀店,药店,2026-04-09,4,学生,1,0
药店-桐君阁仁秀店,药店,2026-04-09,5,家庭主妇,4,0
药店-桐君阁仁秀店,药店,2026-04-09,5,退休老人,5,0
药店-桐君阁仁秀店,药店,2026-04-09,5,中青年,6,0
药店-桐君阁仁秀店,药店,2026-04-09,5,上班族,2,0
药店-桐君阁仁秀店,药店,2026-04-09,5,学生,1,0
药店-桐君阁仁秀店,药店,2026-04-09,6,家庭主妇,13,0
药店-桐君阁仁秀店,药店,2026-04-09,6,退休老人,9,0
药店-桐君阁仁秀店,药店,2026-04-09,6,中青年,19,0
药店-桐君阁仁秀店,药店,2026-04-09,6,上班族,16,0
药店-桐君阁仁秀店,药店,2026-04-09,6,学生,12,0
药店-桐君阁仁秀店,药店,2026-04-09,7,家庭主妇,42,0
药店-桐君阁仁秀店,药店,2026-04-09,7,退休老人,41,0
药店-桐君阁仁秀店,药店,2026-04-09,7,中青年,52,0
药店-桐君阁仁秀店,药店,2026-04-09,7,上班族,48,0
药店-桐君阁仁秀店,药店,2026-04-09,7,学生,42,0
药店-桐君阁仁秀店,药店,2026-04-09,8,家庭主妇,62,3
药店-桐君阁仁秀店,药店,2026-04-09,8,退休老人,64,0
药店-桐君阁仁秀店,药店,2026-04-09,8,中青年,58,0
药店-桐君阁仁秀店,药店,2026-04-09,8,上班族,64,2
药店-桐君阁仁秀店,药店,2026-04-09,8,学生,68,0
药店-桐君阁仁秀店,药店,2026-04-09,9,家庭主妇,76,8
药店-桐君阁仁秀店,药店,2026-04-09,9,退休老人,89,1
药店-桐君阁仁秀店,药店,2026-04-09,9,中青年,74,8
药店-桐君阁仁秀店,药店,2026-04-09,9,上班族,93,1
药店-桐君阁仁秀店,药店,2026-04-09,9,学生,67,0
药店-桐君阁仁秀店,药店,2026-04-09,10,家庭主妇,62,2
药店-桐君阁仁秀店,药店,2026-04-09,10,退休老人,58,1
药店-桐君阁仁秀店,药店,2026-04-09,10,中青年,58,4
药店-桐君阁仁秀店,药店,2026-04-09,10,上班族,49,2
药店-桐君阁仁秀店,药店,2026-04-09,10,学生,46,1
药店-桐君阁仁秀店,药店,2026-04-09,11,家庭主妇,43,0
药店-桐君阁仁秀店,药店,2026-04-09,11,退休老人,46,0
药店-桐君阁仁秀店,药店,2026-04-09,11,中青年,34,2
药店-桐君阁仁秀店,药店,2026-04-09,11,上班族,49,3
药店-桐君阁仁秀店,药店,2026-04-09,11,学生,47,0
药店-桐君阁仁秀店,药店,2026-04-09,12,家庭主妇,36,0
药店-桐君阁仁秀店,药店,2026-04-09,12,退休老人,36,0
药店-桐君阁仁秀店,药店,2026-04-09,12,中青年,35,0
药店-桐君阁仁秀店,药店,2026-04-09,12,上班族,29,0
药店-桐君阁仁秀店,药店,2026-04-09,12,学生,39,0
药店-桐君阁仁秀店,药店,2026-04-09,13,家庭主妇,36,12
药店-桐君阁仁秀店,药店,2026-04-09,13,退休老人,33,0
药店-桐君阁仁秀店,药店,2026-04-09,13,中青年,27,0
药店-桐君阁仁秀店,药店,2026-04-09,13,上班族,32,6
药店-桐君阁仁秀店,药店,2026-04-09,13,学生,27,0
药店-桐君阁仁秀店,药店,2026-04-09,14,家庭主妇,29,5
药店-桐君阁仁秀店,药店,2026-04-09,14,退休老人,37,1
药店-桐君阁仁秀店,药店,2026-04-09,14,中青年,31,3
药店-桐君阁仁秀店,药店,2026-04-09,14,上班族,31,1
药店-桐君阁仁秀店,药店,2026-04-09,14,学生,32,0
药店-桐君阁仁秀店,药店,2026-04-09,15,家庭主妇,42,4
药店-桐君阁仁秀店,药店,2026-04-09,15,退休老人,30,0
药店-桐君阁仁秀店,药店,2026-04-09,15,中青年,43,2
药店-桐君阁仁秀店,药店,2026-04-09,15,上班族,38,1
药店-桐君阁仁秀店,药店,2026-04-09,15,学生,22,0
药店-桐君阁仁秀店,药店,2026-04-09,16,家庭主妇,50,5
药店-桐君阁仁秀店,药店,2026-04-09,16,退休老人,42,0
药店-桐君阁仁秀店,药店,2026-04-09,16,中青年,43,5
药店-桐君阁仁秀店,药店,2026-04-09,16,上班族,40,5
药店-桐君阁仁秀店,药店,2026-04-09,16,学生,47,1
药店-桐君阁仁秀店,药店,2026-04-09,17,家庭主妇,84,0
药店-桐君阁仁秀店,药店,2026-04-09,17,退休老人,85,0
药店-桐君阁仁秀店,药店,2026-04-09,17,中青年,71,1
药店-桐君阁仁秀店,药店,2026-04-09,17,上班族,78,1
药店-桐君阁仁秀店,药店,2026-04-09,17,学生,68,0
药店-桐君阁仁秀店,药店,2026-04-09,18,家庭主妇,74,1
药店-桐君阁仁秀店,药店,2026-04-09,18,退休老人,68,0
药店-桐君阁仁秀店,药店,2026-04-09,18,中青年,75,0
药店-桐君阁仁秀店,药店,2026-04-09,18,上班族,88,9
药店-桐君阁仁秀店,药店,2026-04-09,18,学生,65,4
药店-桐君阁仁秀店,药店,2026-04-09,19,家庭主妇,95,6
药店-桐君阁仁秀店,药店,2026-04-09,19,退休老人,65,0
药店-桐君阁仁秀店,药店,2026-04-09,19,中青年,65,4
药店-桐君阁仁秀店,药店,2026-04-09,19,上班族,65,1
药店-桐君阁仁秀店,药店,2026-04-09,19,学生,80,1
药店-桐君阁仁秀店,药店,2026-04-09,20,家庭主妇,76,2
药店-桐君阁仁秀店,药店,2026-04-09,20,退休老人,88,0
药店-桐君阁仁秀店,药店,2026-04-09,20,中青年,78,1
药店-桐君阁仁秀店,药店,2026-04-09,20,上班族,71,1
药店-桐君阁仁秀店,药店,2026-04-09,20,学生,76,1
药店-桐君阁仁秀店,药店,2026-04-09,21,家庭主妇,45,7
药店-桐君阁仁秀店,药店,2026-04-09,21,退休老人,40,0
药店-桐君阁仁秀店,药店,2026-04-09,21,中青年,47,5
药店-桐君阁仁秀店,药店,2026-04-09,21,上班族,44,1
药店-桐君阁仁秀店,药店,2026-04-09,21,学生,41,0
药店-桐君阁仁秀店,药店,2026-04-09,22,家庭主妇,5,1
药店-桐君阁仁秀店,药店,2026-04-09,22,退休老人,4,0
药店-桐君阁仁秀店,药店,2026-04-09,22,中青年,4,0
药店-桐君阁仁秀店,药店,2026-04-09,22,上班族,5,0
药店-桐君阁仁秀店,药店,2026-04-09,22,学生,2,0
药店-桐君阁仁秀店,药店,2026-04-09,23,家庭主妇,0,0
药店-桐君阁仁秀店,药店,2026-04-09,23,退休老人,0,0
药店-桐君阁仁秀店,药店,2026-04-09,23,中青年,0,0
药店-桐君阁仁秀店,药店,2026-04-09,23,上班族,0,0
药店-桐君阁仁秀店,药店,2026-04-09,23,学生,0,0
药店-桐君阁仁秀店,药店,2026-04-10,0,家庭主妇,5,0
药店-桐君阁仁秀店,药店,2026-04-10,0,退休老人,5,0
药店-桐君阁仁秀店,药店,2026-04-10,0,中青年,6,0
药店-桐君阁仁秀店,药店,2026-04-10,0,上班族,5,0
药店-桐君阁仁秀店,药店,2026-04-10,0,学生,0,0
药店-桐君阁仁秀店,药店,2026-04-10,1,家庭主妇,3,0
药店-桐君阁仁秀店,药店,2026-04-10,1,退休老人,4,0
药店-桐君阁仁秀店,药店,2026-04-10,1,中青年,3,0
药店-桐君阁仁秀店,药店,2026-04-10,1,上班族,4,0
药店-桐君阁仁秀店,药店,2026-04-10,1,学生,3,0
药店-桐君阁仁秀店,药店,2026-04-10,2,家庭主妇,1,0
药店-桐君阁仁秀店,药店,2026-04-10,2,退休老人,1,0
药店-桐君阁仁秀店,药店,2026-04-10,2,中青年,2,0
药店-桐君阁仁秀店,药店,2026-04-10,2,上班族,1,0
药店-桐君阁仁秀店,药店,2026-04-10,2,学生,0,0
药店-桐君阁仁秀店,药店,2026-04-10,3,家庭主妇,5,0
药店-桐君阁仁秀店,药店,2026-04-10,3,退休老人,0,0
药店-桐君阁仁秀店,药店,2026-04-10,3,中青年,2,0
药店-桐君阁仁秀店,药店,2026-04-10,3,上班族,2,0
药店-桐君阁仁秀店,药店,2026-04-10,3,学生,0,0
药店-桐君阁仁秀店,药店,2026-04-10,4,家庭主妇,2,0
药店-桐君阁仁秀店,药店,2026-04-10,4,退休老人,3,0
药店-桐君阁仁秀店,药店,2026-04-10,4,中青年,2,0
药店-桐君阁仁秀店,药店,2026-04-10,4,上班族,1,0
药店-桐君阁仁秀店,药店,2026-04-10,4,学生,1,0
药店-桐君阁仁秀店,药店,2026-04-10,5,家庭主妇,5,0
药店-桐君阁仁秀店,药店,2026-04-10,5,退休老人,3,0
药店-桐君阁仁秀店,药店,2026-04-10,5,中青年,1,0
药店-桐君阁仁秀店,药店,2026-04-10,5,上班族,3,0
药店-桐君阁仁秀店,药店,2026-04-10,5,学生,1,0
药店-桐君阁仁秀店,药店,2026-04-10,6,家庭主妇,20,0
药店-桐君阁仁秀店,药店,2026-04-10,6,退休老人,10,0
药店-桐君阁仁秀店,药店,2026-04-10,6,中青年,18,0
药店-桐君阁仁秀店,药店,2026-04-10,6,上班族,14,0
药店-桐君阁仁秀店,药店,2026-04-10,6,学生,16,0
药店-桐君阁仁秀店,药店,2026-04-10,7,家庭主妇,61,1
药店-桐君阁仁秀店,药店,2026-04-10,7,退休老人,67,0
药店-桐君阁仁秀店,药店,2026-04-10,7,中青年,44,0
药店-桐君阁仁秀店,药店,2026-04-10,7,上班族,45,2
药店-桐君阁仁秀店,药店,2026-04-10,7,学生,47,0
药店-桐君阁仁秀店,药店,2026-04-10,8,家庭主妇,68,4
药店-桐君阁仁秀店,药店,2026-04-10,8,退休老人,66,1
药店-桐君阁仁秀店,药店,2026-04-10,8,中青年,65,2
药店-桐君阁仁秀店,药店,2026-04-10,8,上班族,83,7
药店-桐君阁仁秀店,药店,2026-04-10,8,学生,64,0
药店-桐君阁仁秀店,药店,2026-04-10,9,家庭主妇,85,8
药店-桐君阁仁秀店,药店,2026-04-10,9,退休老人,77,1
药店-桐君阁仁秀店,药店,2026-04-10,9,中青年,84,2
药店-桐君阁仁秀店,药店,2026-04-10,9,上班族,104,1
药店-桐君阁仁秀店,药店,2026-04-10,9,学生,65,0
药店-桐君阁仁秀店,药店,2026-04-10,10,家庭主妇,66,9
药店-桐君阁仁秀店,药店,2026-04-10,10,退休老人,76,2
药店-桐君阁仁秀店,药店,2026-04-10,10,中青年,69,4
药店-桐君阁仁秀店,药店,2026-04-10,10,上班族,58,3
药店-桐君阁仁秀店,药店,2026-04-10,10,学生,54,0
药店-桐君阁仁秀店,药店,2026-04-10,11,家庭主妇,48,2
药店-桐君阁仁秀店,药店,2026-04-10,11,退休老人,51,1
药店-桐君阁仁秀店,药店,2026-04-10,11,中青年,41,1
药店-桐君阁仁秀店,药店,2026-04-10,11,上班族,41,3
药店-桐君阁仁秀店,药店,2026-04-10,11,学生,39,0
药店-桐君阁仁秀店,药店,2026-04-10,12,家庭主妇,35,0
药店-桐君阁仁秀店,药店,2026-04-10,12,退休老人,40,0
药店-桐君阁仁秀店,药店,2026-04-10,12,中青年,36,0
药店-桐君阁仁秀店,药店,2026-04-10,12,上班族,35,0
药店-桐君阁仁秀店,药店,2026-04-10,12,学生,26,0
药店-桐君阁仁秀店,药店,2026-04-10,13,家庭主妇,31,21
药店-桐君阁仁秀店,药店,2026-04-10,13,退休老人,18,0
药店-桐君阁仁秀店,药店,2026-04-10,13,中青年,24,0
药店-桐君阁仁秀店,药店,2026-04-10,13,上班族,24,4
药店-桐君阁仁秀店,药店,2026-04-10,13,学生,19,0
药店-桐君阁仁秀店,药店,2026-04-10,14,家庭主妇,36,0
药店-桐君阁仁秀店,药店,2026-04-10,14,退休老人,24,0
药店-桐君阁仁秀店,药店,2026-04-10,14,中青年,24,0
药店-桐君阁仁秀店,药店,2026-04-10,14,上班族,24,0
药店-桐君阁仁秀店,药店,2026-04-10,14,学生,23,0
药店-桐君阁仁秀店,药店,2026-04-10,15,家庭主妇,48,5
药店-桐君阁仁秀店,药店,2026-04-10,15,退休老人,39,0
药店-桐君阁仁秀店,药店,2026-04-10,15,中青年,46,16
药店-桐君阁仁秀店,药店,2026-04-10,15,上班族,47,6
药店-桐君阁仁秀店,药店,2026-04-10,15,学生,41,0
药店-桐君阁仁秀店,药店,2026-04-10,16,家庭主妇,56,2
药店-桐君阁仁秀店,药店,2026-04-10,16,退休老人,37,0
药店-桐君阁仁秀店,药店,2026-04-10,16,中青年,38,0
药店-桐君阁仁秀店,药店,2026-04-10,16,上班族,34,0
药店-桐君阁仁秀店,药店,2026-04-10,16,学生,39,0
药店-桐君阁仁秀店,药店,2026-04-10,17,家庭主妇,57,3
药店-桐君阁仁秀店,药店,2026-04-10,17,退休老人,71,1
药店-桐君阁仁秀店,药店,2026-04-10,17,中青年,63,0
药店-桐君阁仁秀店,药店,2026-04-10,17,上班族,57,2
药店-桐君阁仁秀店,药店,2026-04-10,17,学生,44,0
药店-桐君阁仁秀店,药店,2026-04-10,18,家庭主妇,48,1
药店-桐君阁仁秀店,药店,2026-04-10,18,退休老人,47,0
药店-桐君阁仁秀店,药店,2026-04-10,18,中青年,41,0
药店-桐君阁仁秀店,药店,2026-04-10,18,上班族,45,5
药店-桐君阁仁秀店,药店,2026-04-10,18,学生,33,0
药店-桐君阁仁秀店,药店,2026-04-10,19,家庭主妇,54,5
药店-桐君阁仁秀店,药店,2026-04-10,19,退休老人,46,1
药店-桐君阁仁秀店,药店,2026-04-10,19,中青年,66,3
药店-桐君阁仁秀店,药店,2026-04-10,19,上班族,52,4
药店-桐君阁仁秀店,药店,2026-04-10,19,学生,48,1
药店-桐君阁仁秀店,药店,2026-04-10,20,家庭主妇,74,3
药店-桐君阁仁秀店,药店,2026-04-10,20,退休老人,56,0
药店-桐君阁仁秀店,药店,2026-04-10,20,中青年,71,4
药店-桐君阁仁秀店,药店,2026-04-10,20,上班族,55,1
药店-桐君阁仁秀店,药店,2026-04-10,20,学生,54,0
药店-桐君阁仁秀店,药店,2026-04-10,21,家庭主妇,47,4
药店-桐君阁仁秀店,药店,2026-04-10,21,退休老人,36,0
药店-桐君阁仁秀店,药店,2026-04-10,21,中青年,37,0
药店-桐君阁仁秀店,药店,2026-04-10,21,上班族,43,1
药店-桐君阁仁秀店,药店,2026-04-10,21,学生,39,0
药店-桐君阁仁秀店,药店,2026-04-10,22,家庭主妇,21,0
药店-桐君阁仁秀店,药店,2026-04-10,22,退休老人,21,0
药店-桐君阁仁秀店,药店,2026-04-10,22,中青年,20,0
药店-桐君阁仁秀店,药店,2026-04-10,22,上班族,20,0
药店-桐君阁仁秀店,药店,2026-04-10,22,学生,19,0
药店-桐君阁仁秀店,药店,2026-04-10,23,家庭主妇,0,0
药店-桐君阁仁秀店,药店,2026-04-10,23,退休老人,0,0
药店-桐君阁仁秀店,药店,2026-04-10,23,中青年,0,0
药店-桐君阁仁秀店,药店,2026-04-10,23,上班族,0,0
药店-桐君阁仁秀店,药店,2026-04-10,23,学生,0,0
药店-桐君阁仁秀店,药店,2026-04-11,0,家庭主妇,12,0
药店-桐君阁仁秀店,药店,2026-04-11,0,退休老人,7,0
药店-桐君阁仁秀店,药店,2026-04-11,0,中青年,11,0
药店-桐君阁仁秀店,药店,2026-04-11,0,上班族,12,0
药店-桐君阁仁秀店,药店,2026-04-11,0,学生,0,0
药店-桐君阁仁秀店,药店,2026-04-11,1,家庭主妇,4,0
药店-桐君阁仁秀店,药店,2026-04-11,1,退休老人,5,0
药店-桐君阁仁秀店,药店,2026-04-11,1,中青年,7,0
药店-桐君阁仁秀店,药店,2026-04-11,1,上班族,2,0
药店-桐君阁仁秀店,药店,2026-04-11,1,学生,1,0
药店-桐君阁仁秀店,药店,2026-04-11,2,家庭主妇,1,0
药店-桐君阁仁秀店,药店,2026-04-11,2,退休老人,4,0
药店-桐君阁仁秀店,药店,2026-04-11,2,中青年,4,0
药店-桐君阁仁秀店,药店,2026-04-11,2,上班族,4,0
药店-桐君阁仁秀店,药店,2026-04-11,2,学生,1,0
药店-桐君阁仁秀店,药店,2026-04-11,3,家庭主妇,1,0
药店-桐君阁仁秀店,药店,2026-04-11,3,退休老人,1,0
药店-桐君阁仁秀店,药店,2026-04-11,3,中青年,1,0
药店-桐君阁仁秀店,药店,2026-04-11,3,上班族,1,0
药店-桐君阁仁秀店,药店,2026-04-11,3,学生,2,0
药店-桐君阁仁秀店,药店,2026-04-11,4,家庭主妇,3,0
药店-桐君阁仁秀店,药店,2026-04-11,4,退休老人,1,0
药店-桐君阁仁秀店,药店,2026-04-11,4,中青年,0,0
药店-桐君阁仁秀店,药店,2026-04-11,4,上班族,1,0
药店-桐君阁仁秀店,药店,2026-04-11,4,学生,1,0
药店-桐君阁仁秀店,药店,2026-04-11,5,家庭主妇,1,0
药店-桐君阁仁秀店,药店,2026-04-11,5,退休老人,1,0
药店-桐君阁仁秀店,药店,2026-04-11,5,中青年,4,0
药店-桐君阁仁秀店,药店,2026-04-11,5,上班族,1,0
药店-桐君阁仁秀店,药店,2026-04-11,5,学生,4,0
药店-桐君阁仁秀店,药店,2026-04-11,6,家庭主妇,8,0
药店-桐君阁仁秀店,药店,2026-04-11,6,退休老人,5,0
药店-桐君阁仁秀店,药店,2026-04-11,6,中青年,6,0
药店-桐君阁仁秀店,药店,2026-04-11,6,上班族,5,0
药店-桐君阁仁秀店,药店,2026-04-11,6,学生,6,0
药店-桐君阁仁秀店,药店,2026-04-11,7,家庭主妇,46,1
药店-桐君阁仁秀店,药店,2026-04-11,7,退休老人,36,1
药店-桐君阁仁秀店,药店,2026-04-11,7,中青年,30,0
药店-桐君阁仁秀店,药店,2026-04-11,7,上班族,39,0
药店-桐君阁仁秀店,药店,2026-04-11,7,学生,29,0
药店-桐君阁仁秀店,药店,2026-04-11,8,家庭主妇,64,6
药店-桐君阁仁秀店,药店,2026-04-11,8,退休老人,69,1
药店-桐君阁仁秀店,药店,2026-04-11,8,中青年,61,3
药店-桐君阁仁秀店,药店,2026-04-11,8,上班族,70,7
药店-桐君阁仁秀店,药店,2026-04-11,8,学生,61,0
药店-桐君阁仁秀店,药店,2026-04-11,9,家庭主妇,114,8
药店-桐君阁仁秀店,药店,2026-04-11,9,退休老人,118,0
药店-桐君阁仁秀店,药店,2026-04-11,9,中青年,94,7
药店-桐君阁仁秀店,药店,2026-04-11,9,上班族,87,0
药店-桐君阁仁秀店,药店,2026-04-11,9,学生,82,1
药店-桐君阁仁秀店,药店,2026-04-11,10,家庭主妇,109,11
药店-桐君阁仁秀店,药店,2026-04-11,10,退休老人,89,2
药店-桐君阁仁秀店,药店,2026-04-11,10,中青年,89,4
药店-桐君阁仁秀店,药店,2026-04-11,10,上班族,98,2
药店-桐君阁仁秀店,药店,2026-04-11,10,学生,96,2
药店-桐君阁仁秀店,药店,2026-04-11,11,家庭主妇,95,4
药店-桐君阁仁秀店,药店,2026-04-11,11,退休老人,84,0
药店-桐君阁仁秀店,药店,2026-04-11,11,中青年,85,1
药店-桐君阁仁秀店,药店,2026-04-11,11,上班族,72,3
药店-桐君阁仁秀店,药店,2026-04-11,11,学生,62,1
药店-桐君阁仁秀店,药店,2026-04-11,12,家庭主妇,63,0
药店-桐君阁仁秀店,药店,2026-04-11,12,退休老人,60,0
药店-桐君阁仁秀店,药店,2026-04-11,12,中青年,63,1
药店-桐君阁仁秀店,药店,2026-04-11,12,上班族,60,2
药店-桐君阁仁秀店,药店,2026-04-11,12,学生,43,1
药店-桐君阁仁秀店,药店,2026-04-11,13,家庭主妇,66,0
药店-桐君阁仁秀店,药店,2026-04-11,13,退休老人,59,0
药店-桐君阁仁秀店,药店,2026-04-11,13,中青年,63,0
药店-桐君阁仁秀店,药店,2026-04-11,13,上班族,58,0
药店-桐君阁仁秀店,药店,2026-04-11,13,学生,52,0
药店-桐君阁仁秀店,药店,2026-04-11,14,家庭主妇,44,15
药店-桐君阁仁秀店,药店,2026-04-11,14,退休老人,49,2
药店-桐君阁仁秀店,药店,2026-04-11,14,中青年,37,5
药店-桐君阁仁秀店,药店,2026-04-11,14,上班族,52,2
药店-桐君阁仁秀店,药店,2026-04-11,14,学生,42,0
药店-桐君阁仁秀店,药店,2026-04-11,15,家庭主妇,67,3
药店-桐君阁仁秀店,药店,2026-04-11,15,退休老人,59,0
药店-桐君阁仁秀店,药店,2026-04-11,15,中青年,65,3
药店-桐君阁仁秀店,药店,2026-04-11,15,上班族,61,3
药店-桐君阁仁秀店,药店,2026-04-11,15,学生,71,2
药店-桐君阁仁秀店,药店,2026-04-11,16,家庭主妇,77,5
药店-桐君阁仁秀店,药店,2026-04-11,16,退休老人,79,0
药店-桐君阁仁秀店,药店,2026-04-11,16,中青年,75,2
药店-桐君阁仁秀店,药店,2026-04-11,16,上班族,74,3
药店-桐君阁仁秀店,药店,2026-04-11,16,学生,65,0
药店-桐君阁仁秀店,药店,2026-04-11,17,家庭主妇,90,3
药店-桐君阁仁秀店,药店,2026-04-11,17,退休老人,85,0
药店-桐君阁仁秀店,药店,2026-04-11,17,中青年,81,0
药店-桐君阁仁秀店,药店,2026-04-11,17,上班族,95,1
药店-桐君阁仁秀店,药店,2026-04-11,17,学生,49,0
药店-桐君阁仁秀店,药店,2026-04-11,18,家庭主妇,83,1
药店-桐君阁仁秀店,药店,2026-04-11,18,退休老人,82,2
药店-桐君阁仁秀店,药店,2026-04-11,18,中青年,72,1
药店-桐君阁仁秀店,药店,2026-04-11,18,上班族,88,15
药店-桐君阁仁秀店,药店,2026-04-11,18,学生,71,0
药店-桐君阁仁秀店,药店,2026-04-11,19,家庭主妇,103,8
药店-桐君阁仁秀店,药店,2026-04-11,19,退休老人,122,0
药店-桐君阁仁秀店,药店,2026-04-11,19,中青年,91,11
药店-桐君阁仁秀店,药店,2026-04-11,19,上班族,88,1
药店-桐君阁仁秀店,药店,2026-04-11,19,学生,89,2
药店-桐君阁仁秀店,药店,2026-04-11,20,家庭主妇,64,7
药店-桐君阁仁秀店,药店,2026-04-11,20,退休老人,93,1
药店-桐君阁仁秀店,药店,2026-04-11,20,中青年,95,8
药店-桐君阁仁秀店,药店,2026-04-11,20,上班族,79,3
药店-桐君阁仁秀店,药店,2026-04-11,20,学生,78,3
药店-桐君阁仁秀店,药店,2026-04-11,21,家庭主妇,45,2
药店-桐君阁仁秀店,药店,2026-04-11,21,退休老人,33,0
药店-桐君阁仁秀店,药店,2026-04-11,21,中青年,40,3
药店-桐君阁仁秀店,药店,2026-04-11,21,上班族,39,4
药店-桐君阁仁秀店,药店,2026-04-11,21,学生,35,2
药店-桐君阁仁秀店,药店,2026-04-11,22,家庭主妇,21,0
药店-桐君阁仁秀店,药店,2026-04-11,22,退休老人,25,0
药店-桐君阁仁秀店,药店,2026-04-11,22,中青年,27,0
药店-桐君阁仁秀店,药店,2026-04-11,22,上班族,30,0
药店-桐君阁仁秀店,药店,2026-04-11,22,学生,22,0
药店-桐君阁仁秀店,药店,2026-04-11,23,家庭主妇,0,0
药店-桐君阁仁秀店,药店,2026-04-11,23,退休老人,0,0
药店-桐君阁仁秀店,药店,2026-04-11,23,中青年,0,0
药店-桐君阁仁秀店,药店,2026-04-11,23,上班族,0,0
药店-桐君阁仁秀店,药店,2026-04-11,23,学生,0,0
药店-桐君阁仁秀店,药店,2026-04-12,0,家庭主妇,9,0
药店-桐君阁仁秀店,药店,2026-04-12,0,退休老人,9,0
药店-桐君阁仁秀店,药店,2026-04-12,0,中青年,12,0
药店-桐君阁仁秀店,药店,2026-04-12,0,上班族,10,0
药店-桐君阁仁秀店,药店,2026-04-12,0,学生,5,0
药店-桐君阁仁秀店,药店,2026-04-12,1,家庭主妇,3,0
药店-桐君阁仁秀店,药店,2026-04-12,1,退休老人,5,0
药店-桐君阁仁秀店,药店,2026-04-12,1,中青年,6,0
药店-桐君阁仁秀店,药店,2026-04-12,1,上班族,4,0
药店-桐君阁仁秀店,药店,2026-04-12,1,学生,2,0
药店-桐君阁仁秀店,药店,2026-04-12,2,家庭主妇,2,0
药店-桐君阁仁秀店,药店,2026-04-12,2,退休老人,2,0
药店-桐君阁仁秀店,药店,2026-04-12,2,中青年,2,0
药店-桐君阁仁秀店,药店,2026-04-12,2,上班族,2,0
药店-桐君阁仁秀店,药店,2026-04-12,2,学生,1,0
药店-桐君阁仁秀店,药店,2026-04-12,3,家庭主妇,4,0
药店-桐君阁仁秀店,药店,2026-04-12,3,退休老人,2,0
药店-桐君阁仁秀店,药店,2026-04-12,3,中青年,4,0
药店-桐君阁仁秀店,药店,2026-04-12,3,上班族,4,0
药店-桐君阁仁秀店,药店,2026-04-12,3,学生,0,0
药店-桐君阁仁秀店,药店,2026-04-12,4,家庭主妇,3,0
药店-桐君阁仁秀店,药店,2026-04-12,4,退休老人,2,0
药店-桐君阁仁秀店,药店,2026-04-12,4,中青年,3,0
药店-桐君阁仁秀店,药店,2026-04-12,4,上班族,3,0
药店-桐君阁仁秀店,药店,2026-04-12,4,学生,0,0
药店-桐君阁仁秀店,药店,2026-04-12,5,家庭主妇,2,0
药店-桐君阁仁秀店,药店,2026-04-12,5,退休老人,3,0
药店-桐君阁仁秀店,药店,2026-04-12,5,中青年,4,0
药店-桐君阁仁秀店,药店,2026-04-12,5,上班族,2,0
药店-桐君阁仁秀店,药店,2026-04-12,5,学生,0,0
药店-桐君阁仁秀店,药店,2026-04-12,6,家庭主妇,15,0
药店-桐君阁仁秀店,药店,2026-04-12,6,退休老人,11,0
药店-桐君阁仁秀店,药店,2026-04-12,6,中青年,12,0
药店-桐君阁仁秀店,药店,2026-04-12,6,上班族,10,0
药店-桐君阁仁秀店,药店,2026-04-12,6,学生,10,0
药店-桐君阁仁秀店,药店,2026-04-12,7,家庭主妇,48,1
药店-桐君阁仁秀店,药店,2026-04-12,7,退休老人,42,0
药店-桐君阁仁秀店,药店,2026-04-12,7,中青年,43,0
药店-桐君阁仁秀店,药店,2026-04-12,7,上班族,36,1
药店-桐君阁仁秀店,药店,2026-04-12,7,学生,31,0
药店-桐君阁仁秀店,药店,2026-04-12,8,家庭主妇,63,2
药店-桐君阁仁秀店,药店,2026-04-12,8,退休老人,58,0
药店-桐君阁仁秀店,药店,2026-04-12,8,中青年,70,1
药店-桐君阁仁秀店,药店,2026-04-12,8,上班族,67,7
药店-桐君阁仁秀店,药店,2026-04-12,8,学生,55,0
药店-桐君阁仁秀店,药店,2026-04-12,9,家庭主妇,85,5
药店-桐君阁仁秀店,药店,2026-04-12,9,退休老人,92,1
药店-桐君阁仁秀店,药店,2026-04-12,9,中青年,91,3
药店-桐君阁仁秀店,药店,2026-04-12,9,上班族,80,3
药店-桐君阁仁秀店,药店,2026-04-12,9,学生,80,2
药店-桐君阁仁秀店,药店,2026-04-12,10,家庭主妇,94,6
药店-桐君阁仁秀店,药店,2026-04-12,10,退休老人,95,0
药店-桐君阁仁秀店,药店,2026-04-12,10,中青年,92,3
药店-桐君阁仁秀店,药店,2026-04-12,10,上班族,86,4
药店-桐君阁仁秀店,药店,2026-04-12,10,学生,109,1
药店-桐君阁仁秀店,药店,2026-04-12,11,家庭主妇,64,0
药店-桐君阁仁秀店,药店,2026-04-12,11,退休老人,65,0
药店-桐君阁仁秀店,药店,2026-04-12,11,中青年,77,2
药店-桐君阁仁秀店,药店,2026-04-12,11,上班族,72,3
药店-桐君阁仁秀店,药店,2026-04-12,11,学生,66,0
药店-桐君阁仁秀店,药店,2026-04-12,12,家庭主妇,60,0
药店-桐君阁仁秀店,药店,2026-04-12,12,退休老人,63,0
药店-桐君阁仁秀店,药店,2026-04-12,12,中青年,64,0
药店-桐君阁仁秀店,药店,2026-04-12,12,上班族,62,7
药店-桐君阁仁秀店,药店,2026-04-12,12,学生,47,1
药店-桐君阁仁秀店,药店,2026-04-12,13,家庭主妇,51,5
药店-桐君阁仁秀店,药店,2026-04-12,13,退休老人,48,0
药店-桐君阁仁秀店,药店,2026-04-12,13,中青年,66,5
药店-桐君阁仁秀店,药店,2026-04-12,13,上班族,53,2
药店-桐君阁仁秀店,药店,2026-04-12,13,学生,51,0
药店-桐君阁仁秀店,药店,2026-04-12,14,家庭主妇,62,1
药店-桐君阁仁秀店,药店,2026-04-12,14,退休老人,49,0
药店-桐君阁仁秀店,药店,2026-04-12,14,中青年,61,3
药店-桐君阁仁秀店,药店,2026-04-12,14,上班族,74,3
药店-桐君阁仁秀店,药店,2026-04-12,14,学生,57,0
药店-桐君阁仁秀店,药店,2026-04-12,15,家庭主妇,59,4
药店-桐君阁仁秀店,药店,2026-04-12,15,退休老人,66,0
药店-桐君阁仁秀店,药店,2026-04-12,15,中青年,53,1
药店-桐君阁仁秀店,药店,2026-04-12,15,上班族,59,1
药店-桐君阁仁秀店,药店,2026-04-12,15,学生,40,0
药店-桐君阁仁秀店,药店,2026-04-12,16,家庭主妇,64,5
药店-桐君阁仁秀店,药店,2026-04-12,16,退休老人,65,1
药店-桐君阁仁秀店,药店,2026-04-12,16,中青年,77,6
药店-桐君阁仁秀店,药店,2026-04-12,16,上班族,67,4
药店-桐君阁仁秀店,药店,2026-04-12,16,学生,70,1
药店-桐君阁仁秀店,药店,2026-04-12,17,家庭主妇,70,4
药店-桐君阁仁秀店,药店,2026-04-12,17,退休老人,79,0
药店-桐君阁仁秀店,药店,2026-04-12,17,中青年,92,2
药店-桐君阁仁秀店,药店,2026-04-12,17,上班族,89,6
药店-桐君阁仁秀店,药店,2026-04-12,17,学生,75,2
药店-桐君阁仁秀店,药店,2026-04-12,18,家庭主妇,79,3
药店-桐君阁仁秀店,药店,2026-04-12,18,退休老人,83,0
药店-桐君阁仁秀店,药店,2026-04-12,18,中青年,78,1
药店-桐君阁仁秀店,药店,2026-04-12,18,上班族,103,9
药店-桐君阁仁秀店,药店,2026-04-12,18,学生,77,7
药店-桐君阁仁秀店,药店,2026-04-12,19,家庭主妇,107,17
药店-桐君阁仁秀店,药店,2026-04-12,19,退休老人,103,1
药店-桐君阁仁秀店,药店,2026-04-12,19,中青年,108,5
药店-桐君阁仁秀店,药店,2026-04-12,19,上班族,95,3
药店-桐君阁仁秀店,药店,2026-04-12,19,学生,103,9
药店-桐君阁仁秀店,药店,2026-04-12,20,家庭主妇,84,9
药店-桐君阁仁秀店,药店,2026-04-12,20,退休老人,89,1
药店-桐君阁仁秀店,药店,2026-04-12,20,中青年,77,4
药店-桐君阁仁秀店,药店,2026-04-12,20,上班族,102,6
药店-桐君阁仁秀店,药店,2026-04-12,20,学生,67,1
药店-桐君阁仁秀店,药店,2026-04-12,21,家庭主妇,43,8
药店-桐君阁仁秀店,药店,2026-04-12,21,退休老人,45,0
药店-桐君阁仁秀店,药店,2026-04-12,21,中青年,39,5
药店-桐君阁仁秀店,药店,2026-04-12,21,上班族,55,2
药店-桐君阁仁秀店,药店,2026-04-12,21,学生,47,1
药店-桐君阁仁秀店,药店,2026-04-12,22,家庭主妇,15,0
药店-桐君阁仁秀店,药店,2026-04-12,22,退休老人,20,0
药店-桐君阁仁秀店,药店,2026-04-12,22,中青年,15,0
药店-桐君阁仁秀店,药店,2026-04-12,22,上班族,20,0
药店-桐君阁仁秀店,药店,2026-04-12,22,学生,14,0
药店-桐君阁仁秀店,药店,2026-04-12,23,家庭主妇,0,0
药店-桐君阁仁秀店,药店,2026-04-12,23,退休老人,0,0
药店-桐君阁仁秀店,药店,2026-04-12,23,中青年,0,0
药店-桐君阁仁秀店,药店,2026-04-12,23,上班族,0,0
药店-桐君阁仁秀店,药店,2026-04-12,23,学生,0,0
药店-桐君阁仁秀店,药店,2026-04-13,0,家庭主妇,5,0
药店-桐君阁仁秀店,药店,2026-04-13,0,退休老人,3,0
药店-桐君阁仁秀店,药店,2026-04-13,0,中青年,11,0
药店-桐君阁仁秀店,药店,2026-04-13,0,上班族,9,0
药店-桐君阁仁秀店,药店,2026-04-13,0,学生,2,0
药店-桐君阁仁秀店,药店,2026-04-13,1,家庭主妇,5,0
药店-桐君阁仁秀店,药店,2026-04-13,1,退休老人,3,0
药店-桐君阁仁秀店,药店,2026-04-13,1,中青年,3,0
药店-桐君阁仁秀店,药店,2026-04-13,1,上班族,0,0
药店-桐君阁仁秀店,药店,2026-04-13,1,学生,4,0
药店-桐君阁仁秀店,药店,2026-04-13,2,家庭主妇,1,0
药店-桐君阁仁秀店,药店,2026-04-13,2,退休老人,0,0
药店-桐君阁仁秀店,药店,2026-04-13,2,中青年,1,0
药店-桐君阁仁秀店,药店,2026-04-13,2,上班族,1,0
药店-桐君阁仁秀店,药店,2026-04-13,2,学生,0,0
药店-桐君阁仁秀店,药店,2026-04-13,3,家庭主妇,0,0
药店-桐君阁仁秀店,药店,2026-04-13,3,退休老人,0,0
药店-桐君阁仁秀店,药店,2026-04-13,3,中青年,0,0
药店-桐君阁仁秀店,药店,2026-04-13,3,上班族,0,0
药店-桐君阁仁秀店,药店,2026-04-13,3,学生,1,0
药店-桐君阁仁秀店,药店,2026-04-13,4,家庭主妇,3,0
药店-桐君阁仁秀店,药店,2026-04-13,4,退休老人,5,0
药店-桐君阁仁秀店,药店,2026-04-13,4,中青年,0,0
药店-桐君阁仁秀店,药店,2026-04-13,4,上班族,5,0
药店-桐君阁仁秀店,药店,2026-04-13,4,学生,0,0
药店-桐君阁仁秀店,药店,2026-04-13,5,家庭主妇,2,0
药店-桐君阁仁秀店,药店,2026-04-13,5,退休老人,2,0
药店-桐君阁仁秀店,药店,2026-04-13,5,中青年,1,0
药店-桐君阁仁秀店,药店,2026-04-13,5,上班族,2,0
药店-桐君阁仁秀店,药店,2026-04-13,5,学生,0,0
药店-桐君阁仁秀店,药店,2026-04-13,6,家庭主妇,12,0
药店-桐君阁仁秀店,药店,2026-04-13,6,退休老人,9,0
药店-桐君阁仁秀店,药店,2026-04-13,6,中青年,12,0
药店-桐君阁仁秀店,药店,2026-04-13,6,上班族,8,0
药店-桐君阁仁秀店,药店,2026-04-13,6,学生,14,0
药店-桐君阁仁秀店,药店,2026-04-13,7,家庭主妇,31,0
药店-桐君阁仁秀店,药店,2026-04-13,7,退休老人,31,0
药店-桐君阁仁秀店,药店,2026-04-13,7,中青年,37,0
药店-桐君阁仁秀店,药店,2026-04-13,7,上班族,39,1
药店-桐君阁仁秀店,药店,2026-04-13,7,学生,25,0
药店-桐君阁仁秀店,药店,2026-04-13,8,家庭主妇,47,2
药店-桐君阁仁秀店,药店,2026-04-13,8,退休老人,39,1
药店-桐君阁仁秀店,药店,2026-04-13,8,中青年,59,1
药店-桐君阁仁秀店,药店,2026-04-13,8,上班族,40,4
药店-桐君阁仁秀店,药店,2026-04-13,8,学生,41,0
药店-桐君阁仁秀店,药店,2026-04-13,9,家庭主妇,50,3
药店-桐君阁仁秀店,药店,2026-04-13,9,退休老人,46,0
药店-桐君阁仁秀店,药店,2026-04-13,9,中青年,45,2
药店-桐君阁仁秀店,药店,2026-04-13,9,上班族,37,0
药店-桐君阁仁秀店,药店,2026-04-13,9,学生,35,0
药店-桐君阁仁秀店,药店,2026-04-13,10,家庭主妇,50,2
药店-桐君阁仁秀店,药店,2026-04-13,10,退休老人,43,1
药店-桐君阁仁秀店,药店,2026-04-13,10,中青年,39,1
药店-桐君阁仁秀店,药店,2026-04-13,10,上班族,48,2
药店-桐君阁仁秀店,药店,2026-04-13,10,学生,29,0
药店-桐君阁仁秀店,药店,2026-04-13,11,家庭主妇,38,2
药店-桐君阁仁秀店,药店,2026-04-13,11,退休老人,38,2
药店-桐君阁仁秀店,药店,2026-04-13,11,中青年,33,1
药店-桐君阁仁秀店,药店,2026-04-13,11,上班族,38,6
药店-桐君阁仁秀店,药店,2026-04-13,11,学生,29,0
药店-桐君阁仁秀店,药店,2026-04-13,12,家庭主妇,29,0
药店-桐君阁仁秀店,药店,2026-04-13,12,退休老人,18,0
药店-桐君阁仁秀店,药店,2026-04-13,12,中青年,23,0
药店-桐君阁仁秀店,药店,2026-04-13,12,上班族,24,3
药店-桐君阁仁秀店,药店,2026-04-13,12,学生,21,0
药店-桐君阁仁秀店,药店,2026-04-13,13,家庭主妇,27,3
药店-桐君阁仁秀店,药店,2026-04-13,13,退休老人,27,0
药店-桐君阁仁秀店,药店,2026-04-13,13,中青年,30,1
药店-桐君阁仁秀店,药店,2026-04-13,13,上班族,18,2
药店-桐君阁仁秀店,药店,2026-04-13,13,学生,19,0
药店-桐君阁仁秀店,药店,2026-04-13,14,家庭主妇,37,6
药店-桐君阁仁秀店,药店,2026-04-13,14,退休老人,30,0
药店-桐君阁仁秀店,药店,2026-04-13,14,中青年,27,2
药店-桐君阁仁秀店,药店,2026-04-13,14,上班族,31,1
药店-桐君阁仁秀店,药店,2026-04-13,14,学生,32,1
药店-桐君阁仁秀店,药店,2026-04-13,15,家庭主妇,34,6
药店-桐君阁仁秀店,药店,2026-04-13,15,退休老人,49,0
药店-桐君阁仁秀店,药店,2026-04-13,15,中青年,58,0
药店-桐君阁仁秀店,药店,2026-04-13,15,上班族,35,1
药店-桐君阁仁秀店,药店,2026-04-13,15,学生,36,0
药店-桐君阁仁秀店,药店,2026-04-13,16,家庭主妇,49,5
药店-桐君阁仁秀店,药店,2026-04-13,16,退休老人,43,1
药店-桐君阁仁秀店,药店,2026-04-13,16,中青年,51,2
药店-桐君阁仁秀店,药店,2026-04-13,16,上班族,51,1
药店-桐君阁仁秀店,药店,2026-04-13,16,学生,37,0
药店-桐君阁仁秀店,药店,2026-04-13,17,家庭主妇,61,2
药店-桐君阁仁秀店,药店,2026-04-13,17,退休老人,71,1
药店-桐君阁仁秀店,药店,2026-04-13,17,中青年,70,0
药店-桐君阁仁秀店,药店,2026-04-13,17,上班族,59,5
药店-桐君阁仁秀店,药店,2026-04-13,17,学生,64,0
药店-桐君阁仁秀店,药店,2026-04-13,18,家庭主妇,75,2
药店-桐君阁仁秀店,药店,2026-04-13,18,退休老人,83,1
药店-桐君阁仁秀店,药店,2026-04-13,18,中青年,66,1
药店-桐君阁仁秀店,药店,2026-04-13,18,上班族,79,11
药店-桐君阁仁秀店,药店,2026-04-13,18,学生,63,1
药店-桐君阁仁秀店,药店,2026-04-13,19,家庭主妇,70,9
药店-桐君阁仁秀店,药店,2026-04-13,19,退休老人,77,3
药店-桐君阁仁秀店,药店,2026-04-13,19,中青年,82,3
药店-桐君阁仁秀店,药店,2026-04-13,19,上班族,87,1
药店-桐君阁仁秀店,药店,2026-04-13,19,学生,82,4
药店-桐君阁仁秀店,药店,2026-04-13,20,家庭主妇,62,5
药店-桐君阁仁秀店,药店,2026-04-13,20,退休老人,60,1
药店-桐君阁仁秀店,药店,2026-04-13,20,中青年,51,6
药店-桐君阁仁秀店,药店,2026-04-13,20,上班族,44,1
药店-桐君阁仁秀店,药店,2026-04-13,20,学生,59,3
药店-桐君阁仁秀店,药店,2026-04-13,21,家庭主妇,29,0
药店-桐君阁仁秀店,药店,2026-04-13,21,退休老人,30,0
药店-桐君阁仁秀店,药店,2026-04-13,21,中青年,45,0
药店-桐君阁仁秀店,药店,2026-04-13,21,上班族,39,0
药店-桐君阁仁秀店,药店,2026-04-13,21,学生,34,0
药店-桐君阁仁秀店,药店,2026-04-13,22,家庭主妇,9,0
药店-桐君阁仁秀店,药店,2026-04-13,22,退休老人,12,0
药店-桐君阁仁秀店,药店,2026-04-13,22,中青年,19,0
药店-桐君阁仁秀店,药店,2026-04-13,22,上班族,8,0
药店-桐君阁仁秀店,药店,2026-04-13,22,学生,9,0
药店-桐君阁仁秀店,药店,2026-04-13,23,家庭主妇,0,0
药店-桐君阁仁秀店,药店,2026-04-13,23,退休老人,0,0
药店-桐君阁仁秀店,药店,2026-04-13,23,中青年,0,0
药店-桐君阁仁秀店,药店,2026-04-13,23,上班族,0,0
药店-桐君阁仁秀店,药店,2026-04-13,23,学生,0,0
药店-桐君阁仁秀店,药店,2026-04-14,0,家庭主妇,0,0
药店-桐君阁仁秀店,药店,2026-04-14,0,退休老人,0,0
药店-桐君阁仁秀店,药店,2026-04-14,0,中青年,0,0
药店-桐君阁仁秀店,药店,2026-04-14,0,上班族,0,0
药店-桐君阁仁秀店,药店,2026-04-14,0,学生,0,0
药店-桐君阁仁秀店,药店,2026-04-14,1,家庭主妇,2,0
药店-桐君阁仁秀店,药店,2026-04-14,1,退休老人,0,0
药店-桐君阁仁秀店,药店,2026-04-14,1,中青年,0,0
药店-桐君阁仁秀店,药店,2026-04-14,1,上班族,1,0
药店-桐君阁仁秀店,药店,2026-04-14,1,学生,0,0
药店-桐君阁仁秀店,药店,2026-04-14,2,家庭主妇,2,0
药店-桐君阁仁秀店,药店,2026-04-14,2,退休老人,1,0
药店-桐君阁仁秀店,药店,2026-04-14,2,中青年,1,0
药店-桐君阁仁秀店,药店,2026-04-14,2,上班族,2,0
药店-桐君阁仁秀店,药店,2026-04-14,2,学生,0,0
药店-桐君阁仁秀店,药店,2026-04-14,3,家庭主妇,0,0
药店-桐君阁仁秀店,药店,2026-04-14,3,退休老人,0,0
药店-桐君阁仁秀店,药店,2026-04-14,3,中青年,0,0
药店-桐君阁仁秀店,药店,2026-04-14,3,上班族,1,0
药店-桐君阁仁秀店,药店,2026-04-14,3,学生,0,0
药店-桐君阁仁秀店,药店,2026-04-14,4,家庭主妇,1,0
药店-桐君阁仁秀店,药店,2026-04-14,4,退休老人,0,0
药店-桐君阁仁秀店,药店,2026-04-14,4,中青年,2,0
药店-桐君阁仁秀店,药店,2026-04-14,4,上班族,1,0
药店-桐君阁仁秀店,药店,2026-04-14,4,学生,0,0
药店-桐君阁仁秀店,药店,2026-04-14,5,家庭主妇,1,0
药店-桐君阁仁秀店,药店,2026-04-14,5,退休老人,1,0
药店-桐君阁仁秀店,药店,2026-04-14,5,中青年,2,0
药店-桐君阁仁秀店,药店,2026-04-14,5,上班族,4,0
药店-桐君阁仁秀店,药店,2026-04-14,5,学生,0,0
药店-桐君阁仁秀店,药店,2026-04-14,6,家庭主妇,12,0
药店-桐君阁仁秀店,药店,2026-04-14,6,退休老人,9,0
药店-桐君阁仁秀店,药店,2026-04-14,6,中青年,12,0
药店-桐君阁仁秀店,药店,2026-04-14,6,上班族,13,0
药店-桐君阁仁秀店,药店,2026-04-14,6,学生,17,0
药店-桐君阁仁秀店,药店,2026-04-14,7,家庭主妇,28,0
药店-桐君阁仁秀店,药店,2026-04-14,7,退休老人,42,0
药店-桐君阁仁秀店,药店,2026-04-14,7,中青年,35,0
药店-桐君阁仁秀店,药店,2026-04-14,7,上班族,36,0
药店-桐君阁仁秀店,药店,2026-04-14,7,学生,34,0
药店-桐君阁仁秀店,药店,2026-04-14,8,家庭主妇,50,0
药店-桐君阁仁秀店,药店,2026-04-14,8,退休老人,45,0
药店-桐君阁仁秀店,药店,2026-04-14,8,中青年,51,1
药店-桐君阁仁秀店,药店,2026-04-14,8,上班族,36,3
药店-桐君阁仁秀店,药店,2026-04-14,8,学生,38,0
药店-桐君阁仁秀店,药店,2026-04-14,9,家庭主妇,38,4
药店-桐君阁仁秀店,药店,2026-04-14,9,退休老人,33,1
药店-桐君阁仁秀店,药店,2026-04-14,9,中青年,50,2
药店-桐君阁仁秀店,药店,2026-04-14,9,上班族,45,4
药店-桐君阁仁秀店,药店,2026-04-14,9,学生,40,0
药店-桐君阁仁秀店,药店,2026-04-14,10,家庭主妇,46,3
药店-桐君阁仁秀店,药店,2026-04-14,10,退休老人,46,5
药店-桐君阁仁秀店,药店,2026-04-14,10,中青年,53,2
药店-桐君阁仁秀店,药店,2026-04-14,10,上班族,41,0
药店-桐君阁仁秀店,药店,2026-04-14,10,学生,41,1
药店-桐君阁仁秀店,药店,2026-04-14,11,家庭主妇,15,0
药店-桐君阁仁秀店,药店,2026-04-14,11,退休老人,12,0
药店-桐君阁仁秀店,药店,2026-04-14,11,中青年,13,0
药店-桐君阁仁秀店,药店,2026-04-14,11,上班族,11,0
药店-桐君阁仁秀店,药店,2026-04-14,11,学生,14,0
药店-桐君阁仁秀店,药店,2026-04-14,12,家庭主妇,70,0
药店-桐君阁仁秀店,药店,2026-04-14,12,退休老人,93,0
药店-桐君阁仁秀店,药店,2026-04-14,12,中青年,93,13
药店-桐君阁仁秀店,药店,2026-04-14,12,上班族,46,6
药店-桐君阁仁秀店,药店,2026-04-14,12,学生,34,6
药店-桐君阁仁秀店,药店,2026-04-14,13,家庭主妇,23,2
药店-桐君阁仁秀店,药店,2026-04-14,13,退休老人,36,0
药店-桐君阁仁秀店,药店,2026-04-14,13,中青年,39,0
药店-桐君阁仁秀店,药店,2026-04-14,13,上班族,34,3
药店-桐君阁仁秀店,药店,2026-04-14,13,学生,27,0
药店-桐君阁仁秀店,药店,2026-04-14,14,家庭主妇,40,2
药店-桐君阁仁秀店,药店,2026-04-14,14,退休老人,47,0
药店-桐君阁仁秀店,药店,2026-04-14,14,中青年,37,3
药店-桐君阁仁秀店,药店,2026-04-14,14,上班族,39,0
药店-桐君阁仁秀店,药店,2026-04-14,14,学生,36,0
药店-桐君阁仁秀店,药店,2026-04-14,15,家庭主妇,22,3
药店-桐君阁仁秀店,药店,2026-04-14,15,退休老人,26,1
药店-桐君阁仁秀店,药店,2026-04-14,15,中青年,31,2
药店-桐君阁仁秀店,药店,2026-04-14,15,上班族,24,1
药店-桐君阁仁秀店,药店,2026-04-14,15,学生,29,0
药店-桐君阁仁秀店,药店,2026-04-14,16,家庭主妇,31,3
药店-桐君阁仁秀店,药店,2026-04-14,16,退休老人,42,0
药店-桐君阁仁秀店,药店,2026-04-14,16,中青年,59,3
药店-桐君阁仁秀店,药店,2026-04-14,16,上班族,49,0
药店-桐君阁仁秀店,药店,2026-04-14,16,学生,34,1
药店-桐君阁仁秀店,药店,2026-04-14,17,家庭主妇,53,1
药店-桐君阁仁秀店,药店,2026-04-14,17,退休老人,58,0
药店-桐君阁仁秀店,药店,2026-04-14,17,中青年,67,2
药店-桐君阁仁秀店,药店,2026-04-14,17,上班族,61,3
药店-桐君阁仁秀店,药店,2026-04-14,17,学生,47,0
药店-桐君阁仁秀店,药店,2026-04-14,18,家庭主妇,84,3
药店-桐君阁仁秀店,药店,2026-04-14,18,退休老人,77,1
药店-桐君阁仁秀店,药店,2026-04-14,18,中青年,63,0
药店-桐君阁仁秀店,药店,2026-04-14,18,上班族,78,5
药店-桐君阁仁秀店,药店,2026-04-14,18,学生,57,0
药店-桐君阁仁秀店,药店,2026-04-14,19,家庭主妇,94,4
药店-桐君阁仁秀店,药店,2026-04-14,19,退休老人,92,0
药店-桐君阁仁秀店,药店,2026-04-14,19,中青年,101,3
药店-桐君阁仁秀店,药店,2026-04-14,19,上班族,98,1
药店-桐君阁仁秀店,药店,2026-04-14,19,学生,87,1
药店-桐君阁仁秀店,药店,2026-04-14,20,家庭主妇,74,10
药店-桐君阁仁秀店,药店,2026-04-14,20,退休老人,66,3
药店-桐君阁仁秀店,药店,2026-04-14,20,中青年,50,3
药店-桐君阁仁秀店,药店,2026-04-14,20,上班族,58,2
药店-桐君阁仁秀店,药店,2026-04-14,20,学生,59,6
药店-桐君阁仁秀店,药店,2026-04-14,21,家庭主妇,23,0
药店-桐君阁仁秀店,药店,2026-04-14,21,退休老人,28,0
药店-桐君阁仁秀店,药店,2026-04-14,21,中青年,28,0
药店-桐君阁仁秀店,药店,2026-04-14,21,上班族,32,0
药店-桐君阁仁秀店,药店,2026-04-14,21,学生,25,0
药店-桐君阁仁秀店,药店,2026-04-14,22,家庭主妇,11,0
药店-桐君阁仁秀店,药店,2026-04-14,22,退休老人,11,0
药店-桐君阁仁秀店,药店,2026-04-14,22,中青年,11,0
药店-桐君阁仁秀店,药店,2026-04-14,22,上班族,9,0
药店-桐君阁仁秀店,药店,2026-04-14,22,学生,7,0
药店-桐君阁仁秀店,药店,2026-04-14,23,家庭主妇,0,0
药店-桐君阁仁秀店,药店,2026-04-14,23,退休老人,0,0
药店-桐君阁仁秀店,药店,2026-04-14,23,中青年,0,0
药店-桐君阁仁秀店,药店,2026-04-14,23,上班族,0,0
药店-桐君阁仁秀店,药店,2026-04-14,23,学生,0,0
药店-桐君阁仁秀店,药店,2026-04-15,0,家庭主妇,2,0
药店-桐君阁仁秀店,药店,2026-04-15,0,退休老人,4,0
药店-桐君阁仁秀店,药店,2026-04-15,0,中青年,3,0
药店-桐君阁仁秀店,药店,2026-04-15,0,上班族,3,0
药店-桐君阁仁秀店,药店,2026-04-15,0,学生,1,0
药店-桐君阁仁秀店,药店,2026-04-15,1,家庭主妇,4,0
药店-桐君阁仁秀店,药店,2026-04-15,1,退休老人,4,0
药店-桐君阁仁秀店,药店,2026-04-15,1,中青年,4,0
药店-桐君阁仁秀店,药店,2026-04-15,1,上班族,3,0
药店-桐君阁仁秀店,药店,2026-04-15,1,学生,0,0
药店-桐君阁仁秀店,药店,2026-04-15,2,家庭主妇,3,0
药店-桐君阁仁秀店,药店,2026-04-15,2,退休老人,3,0
药店-桐君阁仁秀店,药店,2026-04-15,2,中青年,4,0
药店-桐君阁仁秀店,药店,2026-04-15,2,上班族,2,0
药店-桐君阁仁秀店,药店,2026-04-15,2,学生,3,0
药店-桐君阁仁秀店,药店,2026-04-15,3,家庭主妇,0,0
药店-桐君阁仁秀店,药店,2026-04-15,3,退休老人,0,0
药店-桐君阁仁秀店,药店,2026-04-15,3,中青年,0,0
药店-桐君阁仁秀店,药店,2026-04-15,3,上班族,1,0
药店-桐君阁仁秀店,药店,2026-04-15,3,学生,1,0
药店-桐君阁仁秀店,药店,2026-04-15,4,家庭主妇,3,0
药店-桐君阁仁秀店,药店,2026-04-15,4,退休老人,0,0
药店-桐君阁仁秀店,药店,2026-04-15,4,中青年,0,0
药店-桐君阁仁秀店,药店,2026-04-15,4,上班族,0,0
药店-桐君阁仁秀店,药店,2026-04-15,4,学生,0,0
药店-桐君阁仁秀店,药店,2026-04-15,5,家庭主妇,1,0
药店-桐君阁仁秀店,药店,2026-04-15,5,退休老人,1,0
药店-桐君阁仁秀店,药店,2026-04-15,5,中青年,3,0
药店-桐君阁仁秀店,药店,2026-04-15,5,上班族,3,0
药店-桐君阁仁秀店,药店,2026-04-15,5,学生,1,0
药店-桐君阁仁秀店,药店,2026-04-15,6,家庭主妇,15,0
药店-桐君阁仁秀店,药店,2026-04-15,6,退休老人,11,0
药店-桐君阁仁秀店,药店,2026-04-15,6,中青年,13,0
药店-桐君阁仁秀店,药店,2026-04-15,6,上班族,12,0
药店-桐君阁仁秀店,药店,2026-04-15,6,学生,17,0
药店-桐君阁仁秀店,药店,2026-04-15,7,家庭主妇,57,0
药店-桐君阁仁秀店,药店,2026-04-15,7,退休老人,45,0
药店-桐君阁仁秀店,药店,2026-04-15,7,中青年,53,0
药店-桐君阁仁秀店,药店,2026-04-15,7,上班族,48,1
药店-桐君阁仁秀店,药店,2026-04-15,7,学生,49,0
药店-桐君阁仁秀店,药店,2026-04-15,8,家庭主妇,66,3
药店-桐君阁仁秀店,药店,2026-04-15,8,退休老人,66,1
药店-桐君阁仁秀店,药店,2026-04-15,8,中青年,60,0
药店-桐君阁仁秀店,药店,2026-04-15,8,上班族,70,6
药店-桐君阁仁秀店,药店,2026-04-15,8,学生,44,0
药店-桐君阁仁秀店,药店,2026-04-15,9,家庭主妇,75,4
药店-桐君阁仁秀店,药店,2026-04-15,9,退休老人,50,1
药店-桐君阁仁秀店,药店,2026-04-15,9,中青年,63,3
药店-桐君阁仁秀店,药店,2026-04-15,9,上班族,60,1
药店-桐君阁仁秀店,药店,2026-04-15,9,学生,62,0
药店-桐君阁仁秀店,药店,2026-04-15,10,家庭主妇,74,6
药店-桐君阁仁秀店,药店,2026-04-15,10,退休老人,64,1
药店-桐君阁仁秀店,药店,2026-04-15,10,中青年,62,1
药店-桐君阁仁秀店,药店,2026-04-15,10,上班族,56,2
药店-桐君阁仁秀店,药店,2026-04-15,10,学生,70,0
药店-桐君阁仁秀店,药店,2026-04-15,11,家庭主妇,49,3
药店-桐君阁仁秀店,药店,2026-04-15,11,退休老人,41,1
药店-桐君阁仁秀店,药店,2026-04-15,11,中青年,49,0
药店-桐君阁仁秀店,药店,2026-04-15,11,上班族,44,1
药店-桐君阁仁秀店,药店,2026-04-15,11,学生,46,2
药店-桐君阁仁秀店,药店,2026-04-15,12,家庭主妇,47,0
药店-桐君阁仁秀店,药店,2026-04-15,12,退休老人,56,0
药店-桐君阁仁秀店,药店,2026-04-15,12,中青年,39,0
药店-桐君阁仁秀店,药店,2026-04-15,12,上班族,42,0
药店-桐君阁仁秀店,药店,2026-04-15,12,学生,30,0
药店-桐君阁仁秀店,药店,2026-04-15,13,家庭主妇,34,10
药店-桐君阁仁秀店,药店,2026-04-15,13,退休老人,36,3
药店-桐君阁仁秀店,药店,2026-04-15,13,中青年,47,3
药店-桐君阁仁秀店,药店,2026-04-15,13,上班族,30,0
药店-桐君阁仁秀店,药店,2026-04-15,13,学生,36,0
药店-桐君阁仁秀店,药店,2026-04-15,14,家庭主妇,30,4
药店-桐君阁仁秀店,药店,2026-04-15,14,退休老人,26,0
药店-桐君阁仁秀店,药店,2026-04-15,14,中青年,40,1
药店-桐君阁仁秀店,药店,2026-04-15,14,上班族,29,0
药店-桐君阁仁秀店,药店,2026-04-15,14,学生,35,0
药店-桐君阁仁秀店,药店,2026-04-15,15,家庭主妇,45,3
药店-桐君阁仁秀店,药店,2026-04-15,15,退休老人,37,1
药店-桐君阁仁秀店,药店,2026-04-15,15,中青年,45,0
药店-桐君阁仁秀店,药店,2026-04-15,15,上班族,40,1
药店-桐君阁仁秀店,药店,2026-04-15,15,学生,42,0
药店-桐君阁仁秀店,药店,2026-04-15,16,家庭主妇,65,4
药店-桐君阁仁秀店,药店,2026-04-15,16,退休老人,56,2
药店-桐君阁仁秀店,药店,2026-04-15,16,中青年,65,1
药店-桐君阁仁秀店,药店,2026-04-15,16,上班族,53,2
药店-桐君阁仁秀店,药店,2026-04-15,16,学生,53,0
药店-桐君阁仁秀店,药店,2026-04-15,17,家庭主妇,79,1
药店-桐君阁仁秀店,药店,2026-04-15,17,退休老人,72,0
药店-桐君阁仁秀店,药店,2026-04-15,17,中青年,63,0
药店-桐君阁仁秀店,药店,2026-04-15,17,上班族,84,4
药店-桐君阁仁秀店,药店,2026-04-15,17,学生,73,0
药店-桐君阁仁秀店,药店,2026-04-15,18,家庭主妇,88,2
药店-桐君阁仁秀店,药店,2026-04-15,18,退休老人,71,0
药店-桐君阁仁秀店,药店,2026-04-15,18,中青年,86,0
药店-桐君阁仁秀店,药店,2026-04-15,18,上班族,82,7
药店-桐君阁仁秀店,药店,2026-04-15,18,学生,76,0
药店-桐君阁仁秀店,药店,2026-04-15,19,家庭主妇,92,8
药店-桐君阁仁秀店,药店,2026-04-15,19,退休老人,91,0
药店-桐君阁仁秀店,药店,2026-04-15,19,中青年,86,5
药店-桐君阁仁秀店,药店,2026-04-15,19,上班族,81,2
药店-桐君阁仁秀店,药店,2026-04-15,19,学生,94,1
药店-桐君阁仁秀店,药店,2026-04-15,20,家庭主妇,85,8
药店-桐君阁仁秀店,药店,2026-04-15,20,退休老人,72,1
药店-桐君阁仁秀店,药店,2026-04-15,20,中青年,92,3
药店-桐君阁仁秀店,药店,2026-04-15,20,上班族,79,4
药店-桐君阁仁秀店,药店,2026-04-15,20,学生,74,1
药店-桐君阁仁秀店,药店,2026-04-15,21,家庭主妇,47,0
药店-桐君阁仁秀店,药店,2026-04-15,21,退休老人,37,0
药店-桐君阁仁秀店,药店,2026-04-15,21,中青年,48,0
药店-桐君阁仁秀店,药店,2026-04-15,21,上班族,30,0
药店-桐君阁仁秀店,药店,2026-04-15,21,学生,40,0
药店-桐君阁仁秀店,药店,2026-04-15,22,家庭主妇,16,0
药店-桐君阁仁秀店,药店,2026-04-15,22,退休老人,20,0
药店-桐君阁仁秀店,药店,2026-04-15,22,中青年,14,0
药店-桐君阁仁秀店,药店,2026-04-15,22,上班族,13,0
药店-桐君阁仁秀店,药店,2026-04-15,22,学生,14,0
药店-桐君阁仁秀店,药店,2026-04-15,23,家庭主妇,0,0
药店-桐君阁仁秀店,药店,2026-04-15,23,退休老人,0,0
药店-桐君阁仁秀店,药店,2026-04-15,23,中青年,0,0
药店-桐君阁仁秀店,药店,2026-04-15,23,上班族,0,0
药店-桐君阁仁秀店,药店,2026-04-15,23,学生,0,0
药店-桐君阁仁秀店,药店,2026-04-16,0,家庭主妇,4,0
药店-桐君阁仁秀店,药店,2026-04-16,0,退休老人,4,0
药店-桐君阁仁秀店,药店,2026-04-16,0,中青年,7,0
药店-桐君阁仁秀店,药店,2026-04-16,0,上班族,7,0
药店-桐君阁仁秀店,药店,2026-04-16,0,学生,7,0
药店-桐君阁仁秀店,药店,2026-04-16,1,家庭主妇,3,0
药店-桐君阁仁秀店,药店,2026-04-16,1,退休老人,4,0
药店-桐君阁仁秀店,药店,2026-04-16,1,中青年,1,0
药店-桐君阁仁秀店,药店,2026-04-16,1,上班族,5,0
药店-桐君阁仁秀店,药店,2026-04-16,1,学生,0,0
药店-桐君阁仁秀店,药店,2026-04-16,2,家庭主妇,0,0
药店-桐君阁仁秀店,药店,2026-04-16,2,退休老人,1,0
药店-桐君阁仁秀店,药店,2026-04-16,2,中青年,1,0
药店-桐君阁仁秀店,药店,2026-04-16,2,上班族,1,0
药店-桐君阁仁秀店,药店,2026-04-16,2,学生,0,0
药店-桐君阁仁秀店,药店,2026-04-16,3,家庭主妇,1,0
药店-桐君阁仁秀店,药店,2026-04-16,3,退休老人,1,0
药店-桐君阁仁秀店,药店,2026-04-16,3,中青年,2,0
药店-桐君阁仁秀店,药店,2026-04-16,3,上班族,2,0
药店-桐君阁仁秀店,药店,2026-04-16,3,学生,1,0
药店-桐君阁仁秀店,药店,2026-04-16,4,家庭主妇,1,0
药店-桐君阁仁秀店,药店,2026-04-16,4,退休老人,0,0
药店-桐君阁仁秀店,药店,2026-04-16,4,中青年,0,0
药店-桐君阁仁秀店,药店,2026-04-16,4,上班族,1,0
药店-桐君阁仁秀店,药店,2026-04-16,4,学生,2,0
药店-桐君阁仁秀店,药店,2026-04-16,5,家庭主妇,5,0
药店-桐君阁仁秀店,药店,2026-04-16,5,退休老人,6,0
药店-桐君阁仁秀店,药店,2026-04-16,5,中青年,5,0
药店-桐君阁仁秀店,药店,2026-04-16,5,上班族,5,0
药店-桐君阁仁秀店,药店,2026-04-16,5,学生,0,0
药店-桐君阁仁秀店,药店,2026-04-16,6,家庭主妇,11,0
药店-桐君阁仁秀店,药店,2026-04-16,6,退休老人,20,0
药店-桐君阁仁秀店,药店,2026-04-16,6,中青年,16,0
药店-桐君阁仁秀店,药店,2026-04-16,6,上班族,13,0
药店-桐君阁仁秀店,药店,2026-04-16,6,学生,16,0
药店-桐君阁仁秀店,药店,2026-04-16,7,家庭主妇,50,0
药店-桐君阁仁秀店,药店,2026-04-16,7,退休老人,46,0
药店-桐君阁仁秀店,药店,2026-04-16,7,中青年,68,0
药店-桐君阁仁秀店,药店,2026-04-16,7,上班族,55,0
药店-桐君阁仁秀店,药店,2026-04-16,7,学生,40,0
药店-桐君阁仁秀店,药店,2026-04-16,8,家庭主妇,67,4
药店-桐君阁仁秀店,药店,2026-04-16,8,退休老人,61,0
药店-桐君阁仁秀店,药店,2026-04-16,8,中青年,54,0
药店-桐君阁仁秀店,药店,2026-04-16,8,上班族,70,2
药店-桐君阁仁秀店,药店,2026-04-16,8,学生,64,0
药店-桐君阁仁秀店,药店,2026-04-16,9,家庭主妇,68,4
药店-桐君阁仁秀店,药店,2026-04-16,9,退休老人,58,3
药店-桐君阁仁秀店,药店,2026-04-16,9,中青年,79,7
药店-桐君阁仁秀店,药店,2026-04-16,9,上班族,71,2
药店-桐君阁仁秀店,药店,2026-04-16,9,学生,82,0
药店-桐君阁仁秀店,药店,2026-04-16,10,家庭主妇,58,2
药店-桐君阁仁秀店,药店,2026-04-16,10,退休老人,47,0
药店-桐君阁仁秀店,药店,2026-04-16,10,中青年,55,1
药店-桐君阁仁秀店,药店,2026-04-16,10,上班族,54,4
药店-桐君阁仁秀店,药店,2026-04-16,10,学生,61,0
药店-桐君阁仁秀店,药店,2026-04-16,11,家庭主妇,55,2
药店-桐君阁仁秀店,药店,2026-04-16,11,退休老人,53,1
药店-桐君阁仁秀店,药店,2026-04-16,11,中青年,58,1
药店-桐君阁仁秀店,药店,2026-04-16,11,上班族,55,0
药店-桐君阁仁秀店,药店,2026-04-16,11,学生,46,0
药店-桐君阁仁秀店,药店,2026-04-16,12,家庭主妇,41,0
药店-桐君阁仁秀店,药店,2026-04-16,12,退休老人,32,0
药店-桐君阁仁秀店,药店,2026-04-16,12,中青年,29,0
药店-桐君阁仁秀店,药店,2026-04-16,12,上班族,36,2
药店-桐君阁仁秀店,药店,2026-04-16,12,学生,33,0
药店-桐君阁仁秀店,药店,2026-04-16,13,家庭主妇,40,4
药店-桐君阁仁秀店,药店,2026-04-16,13,退休老人,31,0
药店-桐君阁仁秀店,药店,2026-04-16,13,中青年,31,1
药店-桐君阁仁秀店,药店,2026-04-16,13,上班族,37,2
药店-桐君阁仁秀店,药店,2026-04-16,13,学生,22,0
药店-桐君阁仁秀店,药店,2026-04-16,14,家庭主妇,33,3
药店-桐君阁仁秀店,药店,2026-04-16,14,退休老人,43,0
药店-桐君阁仁秀店,药店,2026-04-16,14,中青年,31,1
药店-桐君阁仁秀店,药店,2026-04-16,14,上班族,38,0
药店-桐君阁仁秀店,药店,2026-04-16,14,学生,37,0
药店-桐君阁仁秀店,药店,2026-04-16,15,家庭主妇,32,0
药店-桐君阁仁秀店,药店,2026-04-16,15,退休老人,29,0
药店-桐君阁仁秀店,药店,2026-04-16,15,中青年,36,0
药店-桐君阁仁秀店,药店,2026-04-16,15,上班族,47,2
药店-桐君阁仁秀店,药店,2026-04-16,15,学生,40,0
药店-桐君阁仁秀店,药店,2026-04-16,16,家庭主妇,53,2
药店-桐君阁仁秀店,药店,2026-04-16,16,退休老人,34,0
药店-桐君阁仁秀店,药店,2026-04-16,16,中青年,57,4
药店-桐君阁仁秀店,药店,2026-04-16,16,上班族,42,0
药店-桐君阁仁秀店,药店,2026-04-16,16,学生,33,0
药店-桐君阁仁秀店,药店,2026-04-16,17,家庭主妇,56,3
药店-桐君阁仁秀店,药店,2026-04-16,17,退休老人,47,0
药店-桐君阁仁秀店,药店,2026-04-16,17,中青年,66,1
药店-桐君阁仁秀店,药店,2026-04-16,17,上班族,56,4
药店-桐君阁仁秀店,药店,2026-04-16,17,学生,43,0
药店-桐君阁仁秀店,药店,2026-04-16,18,家庭主妇,76,0
药店-桐君阁仁秀店,药店,2026-04-16,18,退休老人,67,0
药店-桐君阁仁秀店,药店,2026-04-16,18,中青年,73,3
药店-桐君阁仁秀店,药店,2026-04-16,18,上班族,75,6
药店-桐君阁仁秀店,药店,2026-04-16,18,学生,64,3
药店-桐君阁仁秀店,药店,2026-04-16,19,家庭主妇,74,3
药店-桐君阁仁秀店,药店,2026-04-16,19,退休老人,74,1
药店-桐君阁仁秀店,药店,2026-04-16,19,中青年,77,3
药店-桐君阁仁秀店,药店,2026-04-16,19,上班族,86,4
药店-桐君阁仁秀店,药店,2026-04-16,19,学生,81,1
药店-桐君阁仁秀店,药店,2026-04-16,20,家庭主妇,67,9
药店-桐君阁仁秀店,药店,2026-04-16,20,退休老人,69,0
药店-桐君阁仁秀店,药店,2026-04-16,20,中青年,83,10
药店-桐君阁仁秀店,药店,2026-04-16,20,上班族,78,4
药店-桐君阁仁秀店,药店,2026-04-16,20,学生,60,5
药店-桐君阁仁秀店,药店,2026-04-16,21,家庭主妇,31,2
药店-桐君阁仁秀店,药店,2026-04-16,21,退休老人,29,0
药店-桐君阁仁秀店,药店,2026-04-16,21,中青年,30,0
药店-桐君阁仁秀店,药店,2026-04-16,21,上班族,38,0
药店-桐君阁仁秀店,药店,2026-04-16,21,学生,33,1
药店-桐君阁仁秀店,药店,2026-04-16,22,家庭主妇,17,0
药店-桐君阁仁秀店,药店,2026-04-16,22,退休老人,18,0
药店-桐君阁仁秀店,药店,2026-04-16,22,中青年,13,0
药店-桐君阁仁秀店,药店,2026-04-16,22,上班族,18,0
药店-桐君阁仁秀店,药店,2026-04-16,22,学生,14,0
药店-桐君阁仁秀店,药店,2026-04-16,23,家庭主妇,0,0
药店-桐君阁仁秀店,药店,2026-04-16,23,退休老人,0,0
药店-桐君阁仁秀店,药店,2026-04-16,23,中青年,0,0
药店-桐君阁仁秀店,药店,2026-04-16,23,上班族,0,0
药店-桐君阁仁秀店,药店,2026-04-16,23,学生,0,0
药店-桐君阁仁秀店,药店,2026-04-17,0,家庭主妇,8,0
药店-桐君阁仁秀店,药店,2026-04-17,0,退休老人,11,0
药店-桐君阁仁秀店,药店,2026-04-17,0,中青年,5,0
药店-桐君阁仁秀店,药店,2026-04-17,0,上班族,5,0
药店-桐君阁仁秀店,药店,2026-04-17,0,学生,2,0
药店-桐君阁仁秀店,药店,2026-04-17,1,家庭主妇,3,0
药店-桐君阁仁秀店,药店,2026-04-17,1,退休老人,2,0
药店-桐君阁仁秀店,药店,2026-04-17,1,中青年,1,0
药店-桐君阁仁秀店,药店,2026-04-17,1,上班族,1,0
药店-桐君阁仁秀店,药店,2026-04-17,1,学生,1,0
药店-桐君阁仁秀店,药店,2026-04-17,2,家庭主妇,1,0
药店-桐君阁仁秀店,药店,2026-04-17,2,退休老人,1,0
药店-桐君阁仁秀店,药店,2026-04-17,2,中青年,1,0
药店-桐君阁仁秀店,药店,2026-04-17,2,上班族,1,0
药店-桐君阁仁秀店,药店,2026-04-17,2,学生,0,0
药店-桐君阁仁秀店,药店,2026-04-17,3,家庭主妇,1,0
药店-桐君阁仁秀店,药店,2026-04-17,3,退休老人,3,0
药店-桐君阁仁秀店,药店,2026-04-17,3,中青年,2,0
药店-桐君阁仁秀店,药店,2026-04-17,3,上班族,1,0
药店-桐君阁仁秀店,药店,2026-04-17,3,学生,2,0
药店-桐君阁仁秀店,药店,2026-04-17,4,家庭主妇,0,0
药店-桐君阁仁秀店,药店,2026-04-17,4,退休老人,0,0
药店-桐君阁仁秀店,药店,2026-04-17,4,中青年,0,0
药店-桐君阁仁秀店,药店,2026-04-17,4,上班族,0,0
药店-桐君阁仁秀店,药店,2026-04-17,4,学生,1,0
药店-桐君阁仁秀店,药店,2026-04-17,5,家庭主妇,3,0
药店-桐君阁仁秀店,药店,2026-04-17,5,退休老人,1,0
药店-桐君阁仁秀店,药店,2026-04-17,5,中青年,5,0
药店-桐君阁仁秀店,药店,2026-04-17,5,上班族,2,0
药店-桐君阁仁秀店,药店,2026-04-17,5,学生,0,0
药店-桐君阁仁秀店,药店,2026-04-17,6,家庭主妇,16,0
药店-桐君阁仁秀店,药店,2026-04-17,6,退休老人,24,0
药店-桐君阁仁秀店,药店,2026-04-17,6,中青年,17,0
药店-桐君阁仁秀店,药店,2026-04-17,6,上班族,17,0
药店-桐君阁仁秀店,药店,2026-04-17,6,学生,15,0
药店-桐君阁仁秀店,药店,2026-04-17,7,家庭主妇,45,0
药店-桐君阁仁秀店,药店,2026-04-17,7,退休老人,51,0
药店-桐君阁仁秀店,药店,2026-04-17,7,中青年,45,0
药店-桐君阁仁秀店,药店,2026-04-17,7,上班族,46,1
药店-桐君阁仁秀店,药店,2026-04-17,7,学生,45,0
药店-桐君阁仁秀店,药店,2026-04-17,8,家庭主妇,63,4
药店-桐君阁仁秀店,药店,2026-04-17,8,退休老人,70,0
药店-桐君阁仁秀店,药店,2026-04-17,8,中青年,76,2
药店-桐君阁仁秀店,药店,2026-04-17,8,上班族,67,5
药店-桐君阁仁秀店,药店,2026-04-17,8,学生,72,0
药店-桐君阁仁秀店,药店,2026-04-17,9,家庭主妇,77,3
药店-桐君阁仁秀店,药店,2026-04-17,9,退休老人,74,0
药店-桐君阁仁秀店,药店,2026-04-17,9,中青年,85,1
药店-桐君阁仁秀店,药店,2026-04-17,9,上班族,62,3
药店-桐君阁仁秀店,药店,2026-04-17,9,学生,74,0
药店-桐君阁仁秀店,药店,2026-04-17,10,家庭主妇,64,3
药店-桐君阁仁秀店,药店,2026-04-17,10,退休老人,76,2
药店-桐君阁仁秀店,药店,2026-04-17,10,中青年,62,2
药店-桐君阁仁秀店,药店,2026-04-17,10,上班族,57,3
药店-桐君阁仁秀店,药店,2026-04-17,10,学生,55,1
药店-桐君阁仁秀店,药店,2026-04-17,11,家庭主妇,42,0
药店-桐君阁仁秀店,药店,2026-04-17,11,退休老人,57,0
药店-桐君阁仁秀店,药店,2026-04-17,11,中青年,46,2
药店-桐君阁仁秀店,药店,2026-04-17,11,上班族,49,1
药店-桐君阁仁秀店,药店,2026-04-17,11,学生,40,0
药店-桐君阁仁秀店,药店,2026-04-17,12,家庭主妇,43,0
药店-桐君阁仁秀店,药店,2026-04-17,12,退休老人,44,0
药店-桐君阁仁秀店,药店,2026-04-17,12,中青年,44,0
药店-桐君阁仁秀店,药店,2026-04-17,12,上班族,55,1
药店-桐君阁仁秀店,药店,2026-04-17,12,学生,42,0
药店-桐君阁仁秀店,药店,2026-04-17,13,家庭主妇,20,3
药店-桐君阁仁秀店,药店,2026-04-17,13,退休老人,23,1
药店-桐君阁仁秀店,药店,2026-04-17,13,中青年,25,1
药店-桐君阁仁秀店,药店,2026-04-17,13,上班族,37,1
药店-桐君阁仁秀店,药店,2026-04-17,13,学生,26,0
药店-桐君阁仁秀店,药店,2026-04-17,14,家庭主妇,28,3
药店-桐君阁仁秀店,药店,2026-04-17,14,退休老人,24,0
药店-桐君阁仁秀店,药店,2026-04-17,14,中青年,27,0
药店-桐君阁仁秀店,药店,2026-04-17,14,上班族,25,2
药店-桐君阁仁秀店,药店,2026-04-17,14,学生,30,0
药店-桐君阁仁秀店,药店,2026-04-17,15,家庭主妇,34,3
药店-桐君阁仁秀店,药店,2026-04-17,15,退休老人,26,0
药店-桐君阁仁秀店,药店,2026-04-17,15,中青年,31,1
药店-桐君阁仁秀店,药店,2026-04-17,15,上班族,42,1
药店-桐君阁仁秀店,药店,2026-04-17,15,学生,26,0
药店-桐君阁仁秀店,药店,2026-04-17,16,家庭主妇,43,3
药店-桐君阁仁秀店,药店,2026-04-17,16,退休老人,51,1
药店-桐君阁仁秀店,药店,2026-04-17,16,中青年,43,1
药店-桐君阁仁秀店,药店,2026-04-17,16,上班族,47,1
药店-桐君阁仁秀店,药店,2026-04-17,16,学生,42,1
药店-桐君阁仁秀店,药店,2026-04-17,17,家庭主妇,66,2
药店-桐君阁仁秀店,药店,2026-04-17,17,退休老人,87,0
药店-桐君阁仁秀店,药店,2026-04-17,17,中青年,72,1
药店-桐君阁仁秀店,药店,2026-04-17,17,上班族,58,4
药店-桐君阁仁秀店,药店,2026-04-17,17,学生,57,2
药店-桐君阁仁秀店,药店,2026-04-17,18,家庭主妇,82,0
药店-桐君阁仁秀店,药店,2026-04-17,18,退休老人,90,0
药店-桐君阁仁秀店,药店,2026-04-17,18,中青年,79,0
药店-桐君阁仁秀店,药店,2026-04-17,18,上班族,97,6
药店-桐君阁仁秀店,药店,2026-04-17,18,学生,62,1
药店-桐君阁仁秀店,药店,2026-04-17,19,家庭主妇,106,4
药店-桐君阁仁秀店,药店,2026-04-17,19,退休老人,80,4
药店-桐君阁仁秀店,药店,2026-04-17,19,中青年,99,4
药店-桐君阁仁秀店,药店,2026-04-17,19,上班族,102,1
药店-桐君阁仁秀店,药店,2026-04-17,19,学生,85,1
药店-桐君阁仁秀店,药店,2026-04-17,20,家庭主妇,86,9
药店-桐君阁仁秀店,药店,2026-04-17,20,退休老人,96,0
药店-桐君阁仁秀店,药店,2026-04-17,20,中青年,112,7
药店-桐君阁仁秀店,药店,2026-04-17,20,上班族,92,4
药店-桐君阁仁秀店,药店,2026-04-17,20,学生,102,2
药店-桐君阁仁秀店,药店,2026-04-17,21,家庭主妇,39,7
药店-桐君阁仁秀店,药店,2026-04-17,21,退休老人,44,1
药店-桐君阁仁秀店,药店,2026-04-17,21,中青年,58,6
药店-桐君阁仁秀店,药店,2026-04-17,21,上班族,43,2
药店-桐君阁仁秀店,药店,2026-04-17,21,学生,49,0
药店-桐君阁仁秀店,药店,2026-04-17,22,家庭主妇,31,0
药店-桐君阁仁秀店,药店,2026-04-17,22,退休老人,35,0
药店-桐君阁仁秀店,药店,2026-04-17,22,中青年,26,0
药店-桐君阁仁秀店,药店,2026-04-17,22,上班族,27,0
药店-桐君阁仁秀店,药店,2026-04-17,22,学生,25,0
药店-桐君阁仁秀店,药店,2026-04-17,23,家庭主妇,0,0
药店-桐君阁仁秀店,药店,2026-04-17,23,退休老人,0,0
药店-桐君阁仁秀店,药店,2026-04-17,23,中青年,0,0
药店-桐君阁仁秀店,药店,2026-04-17,23,上班族,0,0
药店-桐君阁仁秀店,药店,2026-04-17,23,学生,0,0
药店-桐君阁仁秀店,药店,2026-04-18,0,家庭主妇,7,0
药店-桐君阁仁秀店,药店,2026-04-18,0,退休老人,8,0
药店-桐君阁仁秀店,药店,2026-04-18,0,中青年,10,0
药店-桐君阁仁秀店,药店,2026-04-18,0,上班族,15,0
药店-桐君阁仁秀店,药店,2026-04-18,0,学生,9,0
药店-桐君阁仁秀店,药店,2026-04-18,1,家庭主妇,6,0
药店-桐君阁仁秀店,药店,2026-04-18,1,退休老人,9,0
药店-桐君阁仁秀店,药店,2026-04-18,1,中青年,5,0
药店-桐君阁仁秀店,药店,2026-04-18,1,上班族,9,0
药店-桐君阁仁秀店,药店,2026-04-18,1,学生,2,0
药店-桐君阁仁秀店,药店,2026-04-18,2,家庭主妇,0,0
药店-桐君阁仁秀店,药店,2026-04-18,2,退休老人,0,0
药店-桐君阁仁秀店,药店,2026-04-18,2,中青年,0,0
药店-桐君阁仁秀店,药店,2026-04-18,2,上班族,0,0
药店-桐君阁仁秀店,药店,2026-04-18,2,学生,0,0
药店-桐君阁仁秀店,药店,2026-04-18,3,家庭主妇,5,0
药店-桐君阁仁秀店,药店,2026-04-18,3,退休老人,2,0
药店-桐君阁仁秀店,药店,2026-04-18,3,中青年,0,0
药店-桐君阁仁秀店,药店,2026-04-18,3,上班族,3,0
药店-桐君阁仁秀店,药店,2026-04-18,3,学生,3,0
药店-桐君阁仁秀店,药店,2026-04-18,4,家庭主妇,1,0
药店-桐君阁仁秀店,药店,2026-04-18,4,退休老人,1,0
药店-桐君阁仁秀店,药店,2026-04-18,4,中青年,3,0
药店-桐君阁仁秀店,药店,2026-04-18,4,上班族,3,0
药店-桐君阁仁秀店,药店,2026-04-18,4,学生,1,0
药店-桐君阁仁秀店,药店,2026-04-18,5,家庭主妇,5,0
药店-桐君阁仁秀店,药店,2026-04-18,5,退休老人,6,0
药店-桐君阁仁秀店,药店,2026-04-18,5,中青年,4,0
药店-桐君阁仁秀店,药店,2026-04-18,5,上班族,4,0
药店-桐君阁仁秀店,药店,2026-04-18,5,学生,6,0
药店-桐君阁仁秀店,药店,2026-04-18,6,家庭主妇,13,0
药店-桐君阁仁秀店,药店,2026-04-18,6,退休老人,19,0
药店-桐君阁仁秀店,药店,2026-04-18,6,中青年,16,0
药店-桐君阁仁秀店,药店,2026-04-18,6,上班族,16,0
药店-桐君阁仁秀店,药店,2026-04-18,6,学生,9,0
药店-桐君阁仁秀店,药店,2026-04-18,7,家庭主妇,39,0
药店-桐君阁仁秀店,药店,2026-04-18,7,退休老人,29,0
药店-桐君阁仁秀店,药店,2026-04-18,7,中青年,28,0
药店-桐君阁仁秀店,药店,2026-04-18,7,上班族,27,0
药店-桐君阁仁秀店,药店,2026-04-18,7,学生,33,0
药店-桐君阁仁秀店,药店,2026-04-18,8,家庭主妇,63,7
药店-桐君阁仁秀店,药店,2026-04-18,8,退休老人,78,1
药店-桐君阁仁秀店,药店,2026-04-18,8,中青年,86,3
药店-桐君阁仁秀店,药店,2026-04-18,8,上班族,76,7
药店-桐君阁仁秀店,药店,2026-04-18,8,学生,79,2
药店-桐君阁仁秀店,药店,2026-04-18,9,家庭主妇,83,6
药店-桐君阁仁秀店,药店,2026-04-18,9,退休老人,102,1
药店-桐君阁仁秀店,药店,2026-04-18,9,中青年,109,4
药店-桐君阁仁秀店,药店,2026-04-18,9,上班族,78,2
药店-桐君阁仁秀店,药店,2026-04-18,9,学生,83,1
药店-桐君阁仁秀店,药店,2026-04-18,10,家庭主妇,105,8
药店-桐君阁仁秀店,药店,2026-04-18,10,退休老人,78,1
药店-桐君阁仁秀店,药店,2026-04-18,10,中青年,99,5
药店-桐君阁仁秀店,药店,2026-04-18,10,上班族,90,3
药店-桐君阁仁秀店,药店,2026-04-18,10,学生,98,0
药店-桐君阁仁秀店,药店,2026-04-18,11,家庭主妇,82,4
药店-桐君阁仁秀店,药店,2026-04-18,11,退休老人,60,0
药店-桐君阁仁秀店,药店,2026-04-18,11,中青年,67,2
药店-桐君阁仁秀店,药店,2026-04-18,11,上班族,71,1
药店-桐君阁仁秀店,药店,2026-04-18,11,学生,65,0
药店-桐君阁仁秀店,药店,2026-04-18,12,家庭主妇,39,0
药店-桐君阁仁秀店,药店,2026-04-18,12,退休老人,47,0
药店-桐君阁仁秀店,药店,2026-04-18,12,中青年,38,0
药店-桐君阁仁秀店,药店,2026-04-18,12,上班族,50,3
药店-桐君阁仁秀店,药店,2026-04-18,12,学生,40,0
药店-桐君阁仁秀店,药店,2026-04-18,13,家庭主妇,42,1
药店-桐君阁仁秀店,药店,2026-04-18,13,退休老人,44,0
药店-桐君阁仁秀店,药店,2026-04-18,13,中青年,28,0
药店-桐君阁仁秀店,药店,2026-04-18,13,上班族,39,1
药店-桐君阁仁秀店,药店,2026-04-18,13,学生,28,0
药店-桐君阁仁秀店,药店,2026-04-18,14,家庭主妇,50,7
药店-桐君阁仁秀店,药店,2026-04-18,14,退休老人,47,1
药店-桐君阁仁秀店,药店,2026-04-18,14,中青年,49,2
药店-桐君阁仁秀店,药店,2026-04-18,14,上班族,46,2
药店-桐君阁仁秀店,药店,2026-04-18,14,学生,46,0
药店-桐君阁仁秀店,药店,2026-04-18,15,家庭主妇,47,4
药店-桐君阁仁秀店,药店,2026-04-18,15,退休老人,62,2
药店-桐君阁仁秀店,药店,2026-04-18,15,中青年,45,1
药店-桐君阁仁秀店,药店,2026-04-18,15,上班族,40,1
药店-桐君阁仁秀店,药店,2026-04-18,15,学生,38,1
药店-桐君阁仁秀店,药店,2026-04-18,16,家庭主妇,61,5
药店-桐君阁仁秀店,药店,2026-04-18,16,退休老人,72,1
药店-桐君阁仁秀店,药店,2026-04-18,16,中青年,65,1
药店-桐君阁仁秀店,药店,2026-04-18,16,上班族,78,1
药店-桐君阁仁秀店,药店,2026-04-18,16,学生,50,3
药店-桐君阁仁秀店,药店,2026-04-18,17,家庭主妇,93,4
药店-桐君阁仁秀店,药店,2026-04-18,17,退休老人,72,0
药店-桐君阁仁秀店,药店,2026-04-18,17,中青年,77,1
药店-桐君阁仁秀店,药店,2026-04-18,17,上班族,85,2
药店-桐君阁仁秀店,药店,2026-04-18,17,学生,69,0
药店-桐君阁仁秀店,药店,2026-04-18,18,家庭主妇,88,3
药店-桐君阁仁秀店,药店,2026-04-18,18,退休老人,78,0
药店-桐君阁仁秀店,药店,2026-04-18,18,中青年,81,0
药店-桐君阁仁秀店,药店,2026-04-18,18,上班族,94,8
药店-桐君阁仁秀店,药店,2026-04-18,18,学生,68,2
药店-桐君阁仁秀店,药店,2026-04-18,19,家庭主妇,93,14
药店-桐君阁仁秀店,药店,2026-04-18,19,退休老人,99,1
药店-桐君阁仁秀店,药店,2026-04-18,19,中青年,100,5
药店-桐君阁仁秀店,药店,2026-04-18,19,上班族,86,2
药店-桐君阁仁秀店,药店,2026-04-18,19,学生,97,0
药店-桐君阁仁秀店,药店,2026-04-18,20,家庭主妇,91,6
药店-桐君阁仁秀店,药店,2026-04-18,20,退休老人,104,2
药店-桐君阁仁秀店,药店,2026-04-18,20,中青年,87,5
药店-桐君阁仁秀店,药店,2026-04-18,20,上班族,90,2
药店-桐君阁仁秀店,药店,2026-04-18,20,学生,89,2
药店-桐君阁仁秀店,药店,2026-04-18,21,家庭主妇,49,3
药店-桐君阁仁秀店,药店,2026-04-18,21,退休老人,48,1
药店-桐君阁仁秀店,药店,2026-04-18,21,中青年,42,3
药店-桐君阁仁秀店,药店,2026-04-18,21,上班族,31,0
药店-桐君阁仁秀店,药店,2026-04-18,21,学生,29,2
药店-桐君阁仁秀店,药店,2026-04-18,22,家庭主妇,24,0
药店-桐君阁仁秀店,药店,2026-04-18,22,退休老人,25,0
药店-桐君阁仁秀店,药店,2026-04-18,22,中青年,31,0
药店-桐君阁仁秀店,药店,2026-04-18,22,上班族,30,0
药店-桐君阁仁秀店,药店,2026-04-18,22,学生,16,0
药店-桐君阁仁秀店,药店,2026-04-18,23,家庭主妇,0,0
药店-桐君阁仁秀店,药店,2026-04-18,23,退休老人,0,0
药店-桐君阁仁秀店,药店,2026-04-18,23,中青年,0,0
药店-桐君阁仁秀店,药店,2026-04-18,23,上班族,0,0
药店-桐君阁仁秀店,药店,2026-04-18,23,学生,0,0
药店-桐君阁仁秀店,药店,2026-04-19,0,家庭主妇,5,0
药店-桐君阁仁秀店,药店,2026-04-19,0,退休老人,4,0
药店-桐君阁仁秀店,药店,2026-04-19,0,中青年,5,0
药店-桐君阁仁秀店,药店,2026-04-19,0,上班族,3,0
药店-桐君阁仁秀店,药店,2026-04-19,0,学生,4,0
药店-桐君阁仁秀店,药店,2026-04-19,1,家庭主妇,7,0
药店-桐君阁仁秀店,药店,2026-04-19,1,退休老人,4,0
药店-桐君阁仁秀店,药店,2026-04-19,1,中青年,10,0
药店-桐君阁仁秀店,药店,2026-04-19,1,上班族,10,0
药店-桐君阁仁秀店,药店,2026-04-19,1,学生,5,0
药店-桐君阁仁秀店,药店,2026-04-19,2,家庭主妇,2,0
药店-桐君阁仁秀店,药店,2026-04-19,2,退休老人,4,0
药店-桐君阁仁秀店,药店,2026-04-19,2,中青年,4,0
药店-桐君阁仁秀店,药店,2026-04-19,2,上班族,1,0
药店-桐君阁仁秀店,药店,2026-04-19,2,学生,5,0
药店-桐君阁仁秀店,药店,2026-04-19,3,家庭主妇,3,0
药店-桐君阁仁秀店,药店,2026-04-19,3,退休老人,2,0
药店-桐君阁仁秀店,药店,2026-04-19,3,中青年,2,0
药店-桐君阁仁秀店,药店,2026-04-19,3,上班族,2,0
药店-桐君阁仁秀店,药店,2026-04-19,3,学生,3,0
药店-桐君阁仁秀店,药店,2026-04-19,4,家庭主妇,2,0
药店-桐君阁仁秀店,药店,2026-04-19,4,退休老人,1,0
药店-桐君阁仁秀店,药店,2026-04-19,4,中青年,1,0
药店-桐君阁仁秀店,药店,2026-04-19,4,上班族,1,0
药店-桐君阁仁秀店,药店,2026-04-19,4,学生,0,0
药店-桐君阁仁秀店,药店,2026-04-19,5,家庭主妇,1,0
药店-桐君阁仁秀店,药店,2026-04-19,5,退休老人,1,0
药店-桐君阁仁秀店,药店,2026-04-19,5,中青年,3,0
药店-桐君阁仁秀店,药店,2026-04-19,5,上班族,1,0
药店-桐君阁仁秀店,药店,2026-04-19,5,学生,4,0
药店-桐君阁仁秀店,药店,2026-04-19,6,家庭主妇,16,0
药店-桐君阁仁秀店,药店,2026-04-19,6,退休老人,9,0
药店-桐君阁仁秀店,药店,2026-04-19,6,中青年,13,0
药店-桐君阁仁秀店,药店,2026-04-19,6,上班族,13,0
药店-桐君阁仁秀店,药店,2026-04-19,6,学生,16,0
药店-桐君阁仁秀店,药店,2026-04-19,7,家庭主妇,43,1
药店-桐君阁仁秀店,药店,2026-04-19,7,退休老人,33,0
药店-桐君阁仁秀店,药店,2026-04-19,7,中青年,35,0
药店-桐君阁仁秀店,药店,2026-04-19,7,上班族,38,2
药店-桐君阁仁秀店,药店,2026-04-19,7,学生,40,0
药店-桐君阁仁秀店,药店,2026-04-19,8,家庭主妇,85,8
药店-桐君阁仁秀店,药店,2026-04-19,8,退休老人,75,1
药店-桐君阁仁秀店,药店,2026-04-19,8,中青年,81,1
药店-桐君阁仁秀店,药店,2026-04-19,8,上班族,71,7
药店-桐君阁仁秀店,药店,2026-04-19,8,学生,75,0
药店-桐君阁仁秀店,药店,2026-04-19,9,家庭主妇,105,11
药店-桐君阁仁秀店,药店,2026-04-19,9,退休老人,97,0
药店-桐君阁仁秀店,药店,2026-04-19,9,中青年,126,5
药店-桐君阁仁秀店,药店,2026-04-19,9,上班族,103,4
药店-桐君阁仁秀店,药店,2026-04-19,9,学生,119,0
药店-桐君阁仁秀店,药店,2026-04-19,10,家庭主妇,110,7
药店-桐君阁仁秀店,药店,2026-04-19,10,退休老人,111,0
药店-桐君阁仁秀店,药店,2026-04-19,10,中青年,81,0
药店-桐君阁仁秀店,药店,2026-04-19,10,上班族,80,2
药店-桐君阁仁秀店,药店,2026-04-19,10,学生,85,0
药店-桐君阁仁秀店,药店,2026-04-19,11,家庭主妇,72,3
药店-桐君阁仁秀店,药店,2026-04-19,11,退休老人,64,0
药店-桐君阁仁秀店,药店,2026-04-19,11,中青年,59,1
药店-桐君阁仁秀店,药店,2026-04-19,11,上班族,65,6
药店-桐君阁仁秀店,药店,2026-04-19,11,学生,60,0
药店-桐君阁仁秀店,药店,2026-04-19,12,家庭主妇,44,0
药店-桐君阁仁秀店,药店,2026-04-19,12,退休老人,50,0
药店-桐君阁仁秀店,药店,2026-04-19,12,中青年,63,0
药店-桐君阁仁秀店,药店,2026-04-19,12,上班族,55,4
药店-桐君阁仁秀店,药店,2026-04-19,12,学生,73,1
药店-桐君阁仁秀店,药店,2026-04-19,13,家庭主妇,51,11
药店-桐君阁仁秀店,药店,2026-04-19,13,退休老人,53,0
药店-桐君阁仁秀店,药店,2026-04-19,13,中青年,54,2
药店-桐君阁仁秀店,药店,2026-04-19,13,上班族,59,3
药店-桐君阁仁秀店,药店,2026-04-19,13,学生,51,3
药店-桐君阁仁秀店,药店,2026-04-19,14,家庭主妇,61,1
药店-桐君阁仁秀店,药店,2026-04-19,14,退休老人,56,0
药店-桐君阁仁秀店,药店,2026-04-19,14,中青年,44,0
药店-桐君阁仁秀店,药店,2026-04-19,14,上班族,52,0
药店-桐君阁仁秀店,药店,2026-04-19,14,学生,46,2
药店-桐君阁仁秀店,药店,2026-04-19,15,家庭主妇,64,2
药店-桐君阁仁秀店,药店,2026-04-19,15,退休老人,66,0
药店-桐君阁仁秀店,药店,2026-04-19,15,中青年,65,0
药店-桐君阁仁秀店,药店,2026-04-19,15,上班族,62,0
药店-桐君阁仁秀店,药店,2026-04-19,15,学生,57,2
药店-桐君阁仁秀店,药店,2026-04-19,16,家庭主妇,61,11
药店-桐君阁仁秀店,药店,2026-04-19,16,退休老人,69,1
药店-桐君阁仁秀店,药店,2026-04-19,16,中青年,68,3
药店-桐君阁仁秀店,药店,2026-04-19,16,上班族,66,1
药店-桐君阁仁秀店,药店,2026-04-19,16,学生,57,1
药店-桐君阁仁秀店,药店,2026-04-19,17,家庭主妇,85,5
药店-桐君阁仁秀店,药店,2026-04-19,17,退休老人,70,2
药店-桐君阁仁秀店,药店,2026-04-19,17,中青年,82,3
药店-桐君阁仁秀店,药店,2026-04-19,17,上班族,75,13
药店-桐君阁仁秀店,药店,2026-04-19,17,学生,72,2
药店-桐君阁仁秀店,药店,2026-04-19,18,家庭主妇,62,3
药店-桐君阁仁秀店,药店,2026-04-19,18,退休老人,76,1
药店-桐君阁仁秀店,药店,2026-04-19,18,中青年,86,2
药店-桐君阁仁秀店,药店,2026-04-19,18,上班族,80,7
药店-桐君阁仁秀店,药店,2026-04-19,18,学生,72,1
药店-桐君阁仁秀店,药店,2026-04-19,19,家庭主妇,82,11
药店-桐君阁仁秀店,药店,2026-04-19,19,退休老人,83,3
药店-桐君阁仁秀店,药店,2026-04-19,19,中青年,69,3
药店-桐君阁仁秀店,药店,2026-04-19,19,上班族,79,2
药店-桐君阁仁秀店,药店,2026-04-19,19,学生,82,6
药店-桐君阁仁秀店,药店,2026-04-19,20,家庭主妇,82,6
药店-桐君阁仁秀店,药店,2026-04-19,20,退休老人,80,0
药店-桐君阁仁秀店,药店,2026-04-19,20,中青年,91,6
药店-桐君阁仁秀店,药店,2026-04-19,20,上班族,94,6
药店-桐君阁仁秀店,药店,2026-04-19,20,学生,74,0
药店-桐君阁仁秀店,药店,2026-04-19,21,家庭主妇,31,4
药店-桐君阁仁秀店,药店,2026-04-19,21,退休老人,23,0
药店-桐君阁仁秀店,药店,2026-04-19,21,中青年,27,0
药店-桐君阁仁秀店,药店,2026-04-19,21,上班族,25,2
药店-桐君阁仁秀店,药店,2026-04-19,21,学生,14,0
药店-桐君阁仁秀店,药店,2026-04-19,22,家庭主妇,5,0
药店-桐君阁仁秀店,药店,2026-04-19,22,退休老人,9,0
药店-桐君阁仁秀店,药店,2026-04-19,22,中青年,4,0
药店-桐君阁仁秀店,药店,2026-04-19,22,上班族,7,0
药店-桐君阁仁秀店,药店,2026-04-19,22,学生,3,0
药店-桐君阁仁秀店,药店,2026-04-19,23,家庭主妇,0,0
药店-桐君阁仁秀店,药店,2026-04-19,23,退休老人,0,0
药店-桐君阁仁秀店,药店,2026-04-19,23,中青年,0,0
药店-桐君阁仁秀店,药店,2026-04-19,23,上班族,0,0
药店-桐君阁仁秀店,药店,2026-04-19,23,学生,0,0
药店-桐君阁仁秀店,药店,2026-04-20,0,家庭主妇,4,0
药店-桐君阁仁秀店,药店,2026-04-20,0,退休老人,4,0
药店-桐君阁仁秀店,药店,2026-04-20,0,中青年,4,0
药店-桐君阁仁秀店,药店,2026-04-20,0,上班族,2,0
药店-桐君阁仁秀店,药店,2026-04-20,0,学生,1,0
药店-桐君阁仁秀店,药店,2026-04-20,1,家庭主妇,2,0
药店-桐君阁仁秀店,药店,2026-04-20,1,退休老人,2,0
药店-桐君阁仁秀店,药店,2026-04-20,1,中青年,2,0
药店-桐君阁仁秀店,药店,2026-04-20,1,上班族,1,0
药店-桐君阁仁秀店,药店,2026-04-20,1,学生,2,0
药店-桐君阁仁秀店,药店,2026-04-20,2,家庭主妇,1,0
药店-桐君阁仁秀店,药店,2026-04-20,2,退休老人,1,0
药店-桐君阁仁秀店,药店,2026-04-20,2,中青年,2,0
药店-桐君阁仁秀店,药店,2026-04-20,2,上班族,2,0
药店-桐君阁仁秀店,药店,2026-04-20,2,学生,0,0
药店-桐君阁仁秀店,药店,2026-04-20,3,家庭主妇,1,0
药店-桐君阁仁秀店,药店,2026-04-20,3,退休老人,3,0
药店-桐君阁仁秀店,药店,2026-04-20,3,中青年,4,0
药店-桐君阁仁秀店,药店,2026-04-20,3,上班族,6,0
药店-桐君阁仁秀店,药店,2026-04-20,3,学生,1,0
药店-桐君阁仁秀店,药店,2026-04-20,4,家庭主妇,3,0
药店-桐君阁仁秀店,药店,2026-04-20,4,退休老人,3,0
药店-桐君阁仁秀店,药店,2026-04-20,4,中青年,5,0
药店-桐君阁仁秀店,药店,2026-04-20,4,上班族,4,0
药店-桐君阁仁秀店,药店,2026-04-20,4,学生,4,0
药店-桐君阁仁秀店,药店,2026-04-20,5,家庭主妇,8,0
药店-桐君阁仁秀店,药店,2026-04-20,5,退休老人,7,0
药店-桐君阁仁秀店,药店,2026-04-20,5,中青年,3,0
药店-桐君阁仁秀店,药店,2026-04-20,5,上班族,3,0
药店-桐君阁仁秀店,药店,2026-04-20,5,学生,3,0
药店-桐君阁仁秀店,药店,2026-04-20,6,家庭主妇,17,0
药店-桐君阁仁秀店,药店,2026-04-20,6,退休老人,13,0
药店-桐君阁仁秀店,药店,2026-04-20,6,中青年,20,0
药店-桐君阁仁秀店,药店,2026-04-20,6,上班族,14,0
药店-桐君阁仁秀店,药店,2026-04-20,6,学生,15,0
药店-桐君阁仁秀店,药店,2026-04-20,7,家庭主妇,33,0
药店-桐君阁仁秀店,药店,2026-04-20,7,退休老人,50,0
药店-桐君阁仁秀店,药店,2026-04-20,7,中青年,47,0
药店-桐君阁仁秀店,药店,2026-04-20,7,上班族,45,1
药店-桐君阁仁秀店,药店,2026-04-20,7,学生,55,0
药店-桐君阁仁秀店,药店,2026-04-20,8,家庭主妇,59,6
药店-桐君阁仁秀店,药店,2026-04-20,8,退休老人,79,3
药店-桐君阁仁秀店,药店,2026-04-20,8,中青年,75,1
药店-桐君阁仁秀店,药店,2026-04-20,8,上班族,76,5
药店-桐君阁仁秀店,药店,2026-04-20,8,学生,54,0
药店-桐君阁仁秀店,药店,2026-04-20,9,家庭主妇,74,5
药店-桐君阁仁秀店,药店,2026-04-20,9,退休老人,47,0
药店-桐君阁仁秀店,药店,2026-04-20,9,中青年,60,1
药店-桐君阁仁秀店,药店,2026-04-20,9,上班族,41,1
药店-桐君阁仁秀店,药店,2026-04-20,9,学生,50,0
药店-桐君阁仁秀店,药店,2026-04-20,10,家庭主妇,51,3
药店-桐君阁仁秀店,药店,2026-04-20,10,退休老人,68,1
药店-桐君阁仁秀店,药店,2026-04-20,10,中青年,49,3
药店-桐君阁仁秀店,药店,2026-04-20,10,上班族,46,5
药店-桐君阁仁秀店,药店,2026-04-20,10,学生,43,0
药店-桐君阁仁秀店,药店,2026-04-20,11,家庭主妇,33,3
药店-桐君阁仁秀店,药店,2026-04-20,11,退休老人,45,1
药店-桐君阁仁秀店,药店,2026-04-20,11,中青年,48,3
药店-桐君阁仁秀店,药店,2026-04-20,11,上班族,39,2
药店-桐君阁仁秀店,药店,2026-04-20,11,学生,43,1
药店-桐君阁仁秀店,药店,2026-04-20,12,家庭主妇,37,1
药店-桐君阁仁秀店,药店,2026-04-20,12,退休老人,35,1
药店-桐君阁仁秀店,药店,2026-04-20,12,中青年,48,0
药店-桐君阁仁秀店,药店,2026-04-20,12,上班族,36,7
药店-桐君阁仁秀店,药店,2026-04-20,12,学生,35,0
药店-桐君阁仁秀店,药店,2026-04-20,13,家庭主妇,46,4
药店-桐君阁仁秀店,药店,2026-04-20,13,退休老人,30,0
药店-桐君阁仁秀店,药店,2026-04-20,13,中青年,35,1
药店-桐君阁仁秀店,药店,2026-04-20,13,上班族,41,2
药店-桐君阁仁秀店,药店,2026-04-20,13,学生,32,0
药店-桐君阁仁秀店,药店,2026-04-20,14,家庭主妇,43,4
药店-桐君阁仁秀店,药店,2026-04-20,14,退休老人,33,2
药店-桐君阁仁秀店,药店,2026-04-20,14,中青年,39,1
药店-桐君阁仁秀店,药店,2026-04-20,14,上班族,33,0
药店-桐君阁仁秀店,药店,2026-04-20,14,学生,42,0
药店-桐君阁仁秀店,药店,2026-04-20,15,家庭主妇,36,4
药店-桐君阁仁秀店,药店,2026-04-20,15,退休老人,48,0
药店-桐君阁仁秀店,药店,2026-04-20,15,中青年,44,1
药店-桐君阁仁秀店,药店,2026-04-20,15,上班族,44,3
药店-桐君阁仁秀店,药店,2026-04-20,15,学生,38,0
药店-桐君阁仁秀店,药店,2026-04-20,16,家庭主妇,46,6
药店-桐君阁仁秀店,药店,2026-04-20,16,退休老人,43,0
药店-桐君阁仁秀店,药店,2026-04-20,16,中青年,37,4
药店-桐君阁仁秀店,药店,2026-04-20,16,上班族,40,1
药店-桐君阁仁秀店,药店,2026-04-20,16,学生,39,0
药店-桐君阁仁秀店,药店,2026-04-20,17,家庭主妇,70,6
药店-桐君阁仁秀店,药店,2026-04-20,17,退休老人,85,1
药店-桐君阁仁秀店,药店,2026-04-20,17,中青年,83,1
药店-桐君阁仁秀店,药店,2026-04-20,17,上班族,66,10
药店-桐君阁仁秀店,药店,2026-04-20,17,学生,46,0
药店-桐君阁仁秀店,药店,2026-04-20,18,家庭主妇,81,0
药店-桐君阁仁秀店,药店,2026-04-20,18,退休老人,66,2
药店-桐君阁仁秀店,药店,2026-04-20,18,中青年,76,1
药店-桐君阁仁秀店,药店,2026-04-20,18,上班族,74,2
药店-桐君阁仁秀店,药店,2026-04-20,18,学生,71,3
药店-桐君阁仁秀店,药店,2026-04-20,19,家庭主妇,82,7
药店-桐君阁仁秀店,药店,2026-04-20,19,退休老人,77,0
药店-桐君阁仁秀店,药店,2026-04-20,19,中青年,85,1
药店-桐君阁仁秀店,药店,2026-04-20,19,上班族,83,2
药店-桐君阁仁秀店,药店,2026-04-20,19,学生,74,2
药店-桐君阁仁秀店,药店,2026-04-20,20,家庭主妇,69,7
药店-桐君阁仁秀店,药店,2026-04-20,20,退休老人,58,0
药店-桐君阁仁秀店,药店,2026-04-20,20,中青年,67,8
药店-桐君阁仁秀店,药店,2026-04-20,20,上班族,63,1
药店-桐君阁仁秀店,药店,2026-04-20,20,学生,73,2
药店-桐君阁仁秀店,药店,2026-04-20,21,家庭主妇,34,5
药店-桐君阁仁秀店,药店,2026-04-20,21,退休老人,47,0
药店-桐君阁仁秀店,药店,2026-04-20,21,中青年,42,3
药店-桐君阁仁秀店,药店,2026-04-20,21,上班族,35,2
药店-桐君阁仁秀店,药店,2026-04-20,21,学生,31,2
药店-桐君阁仁秀店,药店,2026-04-20,22,家庭主妇,18,0
药店-桐君阁仁秀店,药店,2026-04-20,22,退休老人,19,0
药店-桐君阁仁秀店,药店,2026-04-20,22,中青年,20,0
药店-桐君阁仁秀店,药店,2026-04-20,22,上班族,18,0
药店-桐君阁仁秀店,药店,2026-04-20,22,学生,12,0
药店-桐君阁仁秀店,药店,2026-04-20,23,家庭主妇,0,0
药店-桐君阁仁秀店,药店,2026-04-20,23,退休老人,0,0
药店-桐君阁仁秀店,药店,2026-04-20,23,中青年,0,0
药店-桐君阁仁秀店,药店,2026-04-20,23,上班族,0,0
药店-桐君阁仁秀店,药店,2026-04-20,23,学生,0,0
药店-桐君阁仁秀店,药店,2026-04-21,0,家庭主妇,3,0
药店-桐君阁仁秀店,药店,2026-04-21,0,退休老人,3,0
药店-桐君阁仁秀店,药店,2026-04-21,0,中青年,2,0
药店-桐君阁仁秀店,药店,2026-04-21,0,上班族,5,0
药店-桐君阁仁秀店,药店,2026-04-21,0,学生,3,0
药店-桐君阁仁秀店,药店,2026-04-21,1,家庭主妇,6,0
药店-桐君阁仁秀店,药店,2026-04-21,1,退休老人,6,0
药店-桐君阁仁秀店,药店,2026-04-21,1,中青年,3,0
药店-桐君阁仁秀店,药店,2026-04-21,1,上班族,8,0
药店-桐君阁仁秀店,药店,2026-04-21,1,学生,2,0
药店-桐君阁仁秀店,药店,2026-04-21,2,家庭主妇,2,0
药店-桐君阁仁秀店,药店,2026-04-21,2,退休老人,1,0
药店-桐君阁仁秀店,药店,2026-04-21,2,中青年,4,0
药店-桐君阁仁秀店,药店,2026-04-21,2,上班族,2,0
药店-桐君阁仁秀店,药店,2026-04-21,2,学生,3,0
药店-桐君阁仁秀店,药店,2026-04-21,3,家庭主妇,3,0
药店-桐君阁仁秀店,药店,2026-04-21,3,退休老人,3,0
药店-桐君阁仁秀店,药店,2026-04-21,3,中青年,3,0
药店-桐君阁仁秀店,药店,2026-04-21,3,上班族,2,0
药店-桐君阁仁秀店,药店,2026-04-21,3,学生,1,0
药店-桐君阁仁秀店,药店,2026-04-21,4,家庭主妇,3,0
药店-桐君阁仁秀店,药店,2026-04-21,4,退休老人,2,0
药店-桐君阁仁秀店,药店,2026-04-21,4,中青年,7,0
药店-桐君阁仁秀店,药店,2026-04-21,4,上班族,3,0
药店-桐君阁仁秀店,药店,2026-04-21,4,学生,0,0
药店-桐君阁仁秀店,药店,2026-04-21,5,家庭主妇,3,0
药店-桐君阁仁秀店,药店,2026-04-21,5,退休老人,5,0
药店-桐君阁仁秀店,药店,2026-04-21,5,中青年,2,0
药店-桐君阁仁秀店,药店,2026-04-21,5,上班族,0,0
药店-桐君阁仁秀店,药店,2026-04-21,5,学生,3,0
药店-桐君阁仁秀店,药店,2026-04-21,6,家庭主妇,12,0
药店-桐君阁仁秀店,药店,2026-04-21,6,退休老人,16,0
药店-桐君阁仁秀店,药店,2026-04-21,6,中青年,12,0
药店-桐君阁仁秀店,药店,2026-04-21,6,上班族,10,0
药店-桐君阁仁秀店,药店,2026-04-21,6,学生,13,0
药店-桐君阁仁秀店,药店,2026-04-21,7,家庭主妇,40,0
药店-桐君阁仁秀店,药店,2026-04-21,7,退休老人,36,0
药店-桐君阁仁秀店,药店,2026-04-21,7,中青年,40,0
药店-桐君阁仁秀店,药店,2026-04-21,7,上班族,51,0
药店-桐君阁仁秀店,药店,2026-04-21,7,学生,35,0
药店-桐君阁仁秀店,药店,2026-04-21,8,家庭主妇,42,2
药店-桐君阁仁秀店,药店,2026-04-21,8,退休老人,49,1
药店-桐君阁仁秀店,药店,2026-04-21,8,中青年,38,3
药店-桐君阁仁秀店,药店,2026-04-21,8,上班族,45,2
药店-桐君阁仁秀店,药店,2026-04-21,8,学生,41,0
药店-桐君阁仁秀店,药店,2026-04-21,9,家庭主妇,52,5
药店-桐君阁仁秀店,药店,2026-04-21,9,退休老人,54,0
药店-桐君阁仁秀店,药店,2026-04-21,9,中青年,40,1
药店-桐君阁仁秀店,药店,2026-04-21,9,上班族,42,0
药店-桐君阁仁秀店,药店,2026-04-21,9,学生,55,0
药店-桐君阁仁秀店,药店,2026-04-21,10,家庭主妇,55,3
药店-桐君阁仁秀店,药店,2026-04-21,10,退休老人,45,0
药店-桐君阁仁秀店,药店,2026-04-21,10,中青年,43,1
药店-桐君阁仁秀店,药店,2026-04-21,10,上班族,45,4
药店-桐君阁仁秀店,药店,2026-04-21,10,学生,38,0
药店-桐君阁仁秀店,药店,2026-04-21,11,家庭主妇,30,1
药店-桐君阁仁秀店,药店,2026-04-21,11,退休老人,31,0
药店-桐君阁仁秀店,药店,2026-04-21,11,中青年,41,2
药店-桐君阁仁秀店,药店,2026-04-21,11,上班族,28,8
药店-桐君阁仁秀店,药店,2026-04-21,11,学生,47,0
药店-桐君阁仁秀店,药店,2026-04-21,12,家庭主妇,27,1
药店-桐君阁仁秀店,药店,2026-04-21,12,退休老人,23,0
药店-桐君阁仁秀店,药店,2026-04-21,12,中青年,27,0
药店-桐君阁仁秀店,药店,2026-04-21,12,上班族,32,2
药店-桐君阁仁秀店,药店,2026-04-21,12,学生,25,0
药店-桐君阁仁秀店,药店,2026-04-21,13,家庭主妇,44,3
药店-桐君阁仁秀店,药店,2026-04-21,13,退休老人,34,0
药店-桐君阁仁秀店,药店,2026-04-21,13,中青年,35,1
药店-桐君阁仁秀店,药店,2026-04-21,13,上班族,35,0
药店-桐君阁仁秀店,药店,2026-04-21,13,学生,24,0
药店-桐君阁仁秀店,药店,2026-04-21,14,家庭主妇,44,2
药店-桐君阁仁秀店,药店,2026-04-21,14,退休老人,37,2
药店-桐君阁仁秀店,药店,2026-04-21,14,中青年,38,3
药店-桐君阁仁秀店,药店,2026-04-21,14,上班族,41,3
药店-桐君阁仁秀店,药店,2026-04-21,14,学生,39,1
药店-桐君阁仁秀店,药店,2026-04-21,15,家庭主妇,54,5
药店-桐君阁仁秀店,药店,2026-04-21,15,退休老人,62,1
药店-桐君阁仁秀店,药店,2026-04-21,15,中青年,44,1
药店-桐君阁仁秀店,药店,2026-04-21,15,上班族,49,2
药店-桐君阁仁秀店,药店,2026-04-21,15,学生,40,0
药店-桐君阁仁秀店,药店,2026-04-21,16,家庭主妇,48,2
药店-桐君阁仁秀店,药店,2026-04-21,16,退休老人,41,1
药店-桐君阁仁秀店,药店,2026-04-21,16,中青年,53,0
药店-桐君阁仁秀店,药店,2026-04-21,16,上班族,60,3
药店-桐君阁仁秀店,药店,2026-04-21,16,学生,50,1
药店-桐君阁仁秀店,药店,2026-04-21,17,家庭主妇,71,2
药店-桐君阁仁秀店,药店,2026-04-21,17,退休老人,51,1
药店-桐君阁仁秀店,药店,2026-04-21,17,中青年,68,3
药店-桐君阁仁秀店,药店,2026-04-21,17,上班族,65,4
药店-桐君阁仁秀店,药店,2026-04-21,17,学生,66,2
药店-桐君阁仁秀店,药店,2026-04-21,18,家庭主妇,63,3
药店-桐君阁仁秀店,药店,2026-04-21,18,退休老人,63,4
药店-桐君阁仁秀店,药店,2026-04-21,18,中青年,67,0
药店-桐君阁仁秀店,药店,2026-04-21,18,上班族,66,9
药店-桐君阁仁秀店,药店,2026-04-21,18,学生,62,0
药店-桐君阁仁秀店,药店,2026-04-21,19,家庭主妇,74,4
药店-桐君阁仁秀店,药店,2026-04-21,19,退休老人,67,2
药店-桐君阁仁秀店,药店,2026-04-21,19,中青年,75,5
药店-桐君阁仁秀店,药店,2026-04-21,19,上班族,71,1
药店-桐君阁仁秀店,药店,2026-04-21,19,学生,80,2
药店-桐君阁仁秀店,药店,2026-04-21,20,家庭主妇,68,9
药店-桐君阁仁秀店,药店,2026-04-21,20,退休老人,63,2
药店-桐君阁仁秀店,药店,2026-04-21,20,中青年,61,6
药店-桐君阁仁秀店,药店,2026-04-21,20,上班族,72,2
药店-桐君阁仁秀店,药店,2026-04-21,20,学生,67,1
药店-桐君阁仁秀店,药店,2026-04-21,21,家庭主妇,33,6
药店-桐君阁仁秀店,药店,2026-04-21,21,退休老人,47,0
药店-桐君阁仁秀店,药店,2026-04-21,21,中青年,28,0
药店-桐君阁仁秀店,药店,2026-04-21,21,上班族,41,1
药店-桐君阁仁秀店,药店,2026-04-21,21,学生,19,0
药店-桐君阁仁秀店,药店,2026-04-21,22,家庭主妇,22,0
药店-桐君阁仁秀店,药店,2026-04-21,22,退休老人,16,0
药店-桐君阁仁秀店,药店,2026-04-21,22,中青年,12,0
药店-桐君阁仁秀店,药店,2026-04-21,22,上班族,16,0
药店-桐君阁仁秀店,药店,2026-04-21,22,学生,11,0
药店-桐君阁仁秀店,药店,2026-04-21,23,家庭主妇,0,0
药店-桐君阁仁秀店,药店,2026-04-21,23,退休老人,0,0
药店-桐君阁仁秀店,药店,2026-04-21,23,中青年,0,0
药店-桐君阁仁秀店,药店,2026-04-21,23,上班族,0,0
药店-桐君阁仁秀店,药店,2026-04-21,23,学生,0,0
药店-桐君阁仁秀店,药店,2026-04-22,0,家庭主妇,4,0
药店-桐君阁仁秀店,药店,2026-04-22,0,退休老人,3,0
药店-桐君阁仁秀店,药店,2026-04-22,0,中青年,6,0
药店-桐君阁仁秀店,药店,2026-04-22,0,上班族,6,0
药店-桐君阁仁秀店,药店,2026-04-22,0,学生,1,0
药店-桐君阁仁秀店,药店,2026-04-22,1,家庭主妇,2,0
药店-桐君阁仁秀店,药店,2026-04-22,1,退休老人,2,0
药店-桐君阁仁秀店,药店,2026-04-22,1,中青年,2,0
药店-桐君阁仁秀店,药店,2026-04-22,1,上班族,2,0
药店-桐君阁仁秀店,药店,2026-04-22,1,学生,1,0
药店-桐君阁仁秀店,药店,2026-04-22,2,家庭主妇,2,0
药店-桐君阁仁秀店,药店,2026-04-22,2,退休老人,1,0
药店-桐君阁仁秀店,药店,2026-04-22,2,中青年,2,0
药店-桐君阁仁秀店,药店,2026-04-22,2,上班族,1,0
药店-桐君阁仁秀店,药店,2026-04-22,2,学生,2,0
药店-桐君阁仁秀店,药店,2026-04-22,3,家庭主妇,3,0
药店-桐君阁仁秀店,药店,2026-04-22,3,退休老人,2,0
药店-桐君阁仁秀店,药店,2026-04-22,3,中青年,2,0
药店-桐君阁仁秀店,药店,2026-04-22,3,上班族,2,0
药店-桐君阁仁秀店,药店,2026-04-22,3,学生,0,0
药店-桐君阁仁秀店,药店,2026-04-22,4,家庭主妇,3,0
药店-桐君阁仁秀店,药店,2026-04-22,4,退休老人,2,0
药店-桐君阁仁秀店,药店,2026-04-22,4,中青年,3,0
药店-桐君阁仁秀店,药店,2026-04-22,4,上班族,4,0
药店-桐君阁仁秀店,药店,2026-04-22,4,学生,0,0
药店-桐君阁仁秀店,药店,2026-04-22,5,家庭主妇,2,0
药店-桐君阁仁秀店,药店,2026-04-22,5,退休老人,3,0
药店-桐君阁仁秀店,药店,2026-04-22,5,中青年,3,0
药店-桐君阁仁秀店,药店,2026-04-22,5,上班族,3,0
药店-桐君阁仁秀店,药店,2026-04-22,5,学生,2,0
药店-桐君阁仁秀店,药店,2026-04-22,6,家庭主妇,16,0
药店-桐君阁仁秀店,药店,2026-04-22,6,退休老人,16,0
药店-桐君阁仁秀店,药店,2026-04-22,6,中青年,17,0
药店-桐君阁仁秀店,药店,2026-04-22,6,上班族,17,0
药店-桐君阁仁秀店,药店,2026-04-22,6,学生,16,0
药店-桐君阁仁秀店,药店,2026-04-22,7,家庭主妇,46,0
药店-桐君阁仁秀店,药店,2026-04-22,7,退休老人,47,0
药店-桐君阁仁秀店,药店,2026-04-22,7,中青年,51,0
药店-桐君阁仁秀店,药店,2026-04-22,7,上班族,47,0
药店-桐君阁仁秀店,药店,2026-04-22,7,学生,46,0
药店-桐君阁仁秀店,药店,2026-04-22,8,家庭主妇,80,4
药店-桐君阁仁秀店,药店,2026-04-22,8,退休老人,71,0
药店-桐君阁仁秀店,药店,2026-04-22,8,中青年,67,3
药店-桐君阁仁秀店,药店,2026-04-22,8,上班族,70,5
药店-桐君阁仁秀店,药店,2026-04-22,8,学生,56,0
药店-桐君阁仁秀店,药店,2026-04-22,9,家庭主妇,88,5
药店-桐君阁仁秀店,药店,2026-04-22,9,退休老人,60,0
药店-桐君阁仁秀店,药店,2026-04-22,9,中青年,63,4
药店-桐君阁仁秀店,药店,2026-04-22,9,上班族,74,1
药店-桐君阁仁秀店,药店,2026-04-22,9,学生,76,0
药店-桐君阁仁秀店,药店,2026-04-22,10,家庭主妇,60,2
药店-桐君阁仁秀店,药店,2026-04-22,10,退休老人,52,1
药店-桐君阁仁秀店,药店,2026-04-22,10,中青年,76,3
药店-桐君阁仁秀店,药店,2026-04-22,10,上班族,56,1
药店-桐君阁仁秀店,药店,2026-04-22,10,学生,50,0
药店-桐君阁仁秀店,药店,2026-04-22,11,家庭主妇,58,4
药店-桐君阁仁秀店,药店,2026-04-22,11,退休老人,32,0
药店-桐君阁仁秀店,药店,2026-04-22,11,中青年,38,2
药店-桐君阁仁秀店,药店,2026-04-22,11,上班族,48,2
药店-桐君阁仁秀店,药店,2026-04-22,11,学生,33,0
药店-桐君阁仁秀店,药店,2026-04-22,12,家庭主妇,37,2
药店-桐君阁仁秀店,药店,2026-04-22,12,退休老人,34,0
药店-桐君阁仁秀店,药店,2026-04-22,12,中青年,38,0
药店-桐君阁仁秀店,药店,2026-04-22,12,上班族,35,5
药店-桐君阁仁秀店,药店,2026-04-22,12,学生,32,0
药店-桐君阁仁秀店,药店,2026-04-22,13,家庭主妇,36,1
药店-桐君阁仁秀店,药店,2026-04-22,13,退休老人,38,0
药店-桐君阁仁秀店,药店,2026-04-22,13,中青年,38,1
药店-桐君阁仁秀店,药店,2026-04-22,13,上班族,42,1
药店-桐君阁仁秀店,药店,2026-04-22,13,学生,35,0
药店-桐君阁仁秀店,药店,2026-04-22,14,家庭主妇,34,3
药店-桐君阁仁秀店,药店,2026-04-22,14,退休老人,48,0
药店-桐君阁仁秀店,药店,2026-04-22,14,中青年,48,5
药店-桐君阁仁秀店,药店,2026-04-22,14,上班族,32,1
药店-桐君阁仁秀店,药店,2026-04-22,14,学生,41,0
药店-桐君阁仁秀店,药店,2026-04-22,15,家庭主妇,34,3
药店-桐君阁仁秀店,药店,2026-04-22,15,退休老人,26,0
药店-桐君阁仁秀店,药店,2026-04-22,15,中青年,49,1
药店-桐君阁仁秀店,药店,2026-04-22,15,上班族,43,0
药店-桐君阁仁秀店,药店,2026-04-22,15,学生,41,0
药店-桐君阁仁秀店,药店,2026-04-22,16,家庭主妇,49,3
药店-桐君阁仁秀店,药店,2026-04-22,16,退休老人,42,2
药店-桐君阁仁秀店,药店,2026-04-22,16,中青年,52,2
药店-桐君阁仁秀店,药店,2026-04-22,16,上班族,57,1
药店-桐君阁仁秀店,药店,2026-04-22,16,学生,45,1
药店-桐君阁仁秀店,药店,2026-04-22,17,家庭主妇,70,5
药店-桐君阁仁秀店,药店,2026-04-22,17,退休老人,84,1
药店-桐君阁仁秀店,药店,2026-04-22,17,中青年,92,3
药店-桐君阁仁秀店,药店,2026-04-22,17,上班族,91,3
药店-桐君阁仁秀店,药店,2026-04-22,17,学生,82,4
药店-桐君阁仁秀店,药店,2026-04-22,18,家庭主妇,83,1
药店-桐君阁仁秀店,药店,2026-04-22,18,退休老人,80,0
药店-桐君阁仁秀店,药店,2026-04-22,18,中青年,93,0
药店-桐君阁仁秀店,药店,2026-04-22,18,上班族,87,4
药店-桐君阁仁秀店,药店,2026-04-22,18,学生,64,1
药店-桐君阁仁秀店,药店,2026-04-22,19,家庭主妇,84,4
药店-桐君阁仁秀店,药店,2026-04-22,19,退休老人,91,3
药店-桐君阁仁秀店,药店,2026-04-22,19,中青年,70,4
药店-桐君阁仁秀店,药店,2026-04-22,19,上班族,75,1
药店-桐君阁仁秀店,药店,2026-04-22,19,学生,81,1
药店-桐君阁仁秀店,药店,2026-04-22,20,家庭主妇,78,10
药店-桐君阁仁秀店,药店,2026-04-22,20,退休老人,80,1
药店-桐君阁仁秀店,药店,2026-04-22,20,中青年,95,4
药店-桐君阁仁秀店,药店,2026-04-22,20,上班族,95,4
药店-桐君阁仁秀店,药店,2026-04-22,20,学生,85,3
药店-桐君阁仁秀店,药店,2026-04-22,21,家庭主妇,40,5
药店-桐君阁仁秀店,药店,2026-04-22,21,退休老人,41,0
药店-桐君阁仁秀店,药店,2026-04-22,21,中青年,34,2
药店-桐君阁仁秀店,药店,2026-04-22,21,上班族,36,1
药店-桐君阁仁秀店,药店,2026-04-22,21,学生,48,0
药店-桐君阁仁秀店,药店,2026-04-22,22,家庭主妇,17,0
药店-桐君阁仁秀店,药店,2026-04-22,22,退休老人,15,0
药店-桐君阁仁秀店,药店,2026-04-22,22,中青年,15,0
药店-桐君阁仁秀店,药店,2026-04-22,22,上班族,15,0
药店-桐君阁仁秀店,药店,2026-04-22,22,学生,13,0
药店-桐君阁仁秀店,药店,2026-04-22,23,家庭主妇,0,0
药店-桐君阁仁秀店,药店,2026-04-22,23,退休老人,0,0
药店-桐君阁仁秀店,药店,2026-04-22,23,中青年,0,0
药店-桐君阁仁秀店,药店,2026-04-22,23,上班族,0,0
药店-桐君阁仁秀店,药店,2026-04-22,23,学生,0,0
药店-桐君阁仁秀店,药店,2026-04-23,0,家庭主妇,7,0
药店-桐君阁仁秀店,药店,2026-04-23,0,退休老人,4,0
药店-桐君阁仁秀店,药店,2026-04-23,0,中青年,3,0
药店-桐君阁仁秀店,药店,2026-04-23,0,上班族,8,0
药店-桐君阁仁秀店,药店,2026-04-23,0,学生,2,0
药店-桐君阁仁秀店,药店,2026-04-23,1,家庭主妇,4,0
药店-桐君阁仁秀店,药店,2026-04-23,1,退休老人,6,0
药店-桐君阁仁秀店,药店,2026-04-23,1,中青年,5,0
药店-桐君阁仁秀店,药店,2026-04-23,1,上班族,4,0
药店-桐君阁仁秀店,药店,2026-04-23,1,学生,1,0
药店-桐君阁仁秀店,药店,2026-04-23,2,家庭主妇,4,0
药店-桐君阁仁秀店,药店,2026-04-23,2,退休老人,5,0
药店-桐君阁仁秀店,药店,2026-04-23,2,中青年,1,0
药店-桐君阁仁秀店,药店,2026-04-23,2,上班族,2,0
药店-桐君阁仁秀店,药店,2026-04-23,2,学生,2,0
药店-桐君阁仁秀店,药店,2026-04-23,3,家庭主妇,2,0
药店-桐君阁仁秀店,药店,2026-04-23,3,退休老人,3,0
药店-桐君阁仁秀店,药店,2026-04-23,3,中青年,2,0
药店-桐君阁仁秀店,药店,2026-04-23,3,上班族,1,0
药店-桐君阁仁秀店,药店,2026-04-23,3,学生,0,0
药店-桐君阁仁秀店,药店,2026-04-23,4,家庭主妇,4,0
药店-桐君阁仁秀店,药店,2026-04-23,4,退休老人,5,0
药店-桐君阁仁秀店,药店,2026-04-23,4,中青年,5,0
药店-桐君阁仁秀店,药店,2026-04-23,4,上班族,4,0
药店-桐君阁仁秀店,药店,2026-04-23,4,学生,5,0
药店-桐君阁仁秀店,药店,2026-04-23,5,家庭主妇,6,0
药店-桐君阁仁秀店,药店,2026-04-23,5,退休老人,3,0
药店-桐君阁仁秀店,药店,2026-04-23,5,中青年,1,0
药店-桐君阁仁秀店,药店,2026-04-23,5,上班族,1,0
药店-桐君阁仁秀店,药店,2026-04-23,5,学生,0,0
药店-桐君阁仁秀店,药店,2026-04-23,6,家庭主妇,25,0
药店-桐君阁仁秀店,药店,2026-04-23,6,退休老人,16,0
药店-桐君阁仁秀店,药店,2026-04-23,6,中青年,21,0
药店-桐君阁仁秀店,药店,2026-04-23,6,上班族,13,0
药店-桐君阁仁秀店,药店,2026-04-23,6,学生,15,0
药店-桐君阁仁秀店,药店,2026-04-23,7,家庭主妇,44,0
药店-桐君阁仁秀店,药店,2026-04-23,7,退休老人,48,0
药店-桐君阁仁秀店,药店,2026-04-23,7,中青年,49,0
药店-桐君阁仁秀店,药店,2026-04-23,7,上班族,63,0
药店-桐君阁仁秀店,药店,2026-04-23,7,学生,41,0
药店-桐君阁仁秀店,药店,2026-04-23,8,家庭主妇,71,2
药店-桐君阁仁秀店,药店,2026-04-23,8,退休老人,67,0
药店-桐君阁仁秀店,药店,2026-04-23,8,中青年,65,1
药店-桐君阁仁秀店,药店,2026-04-23,8,上班族,73,3
药店-桐君阁仁秀店,药店,2026-04-23,8,学生,56,0
药店-桐君阁仁秀店,药店,2026-04-23,9,家庭主妇,62,6
药店-桐君阁仁秀店,药店,2026-04-23,9,退休老人,81,1
药店-桐君阁仁秀店,药店,2026-04-23,9,中青年,68,1
药店-桐君阁仁秀店,药店,2026-04-23,9,上班族,71,1
药店-桐君阁仁秀店,药店,2026-04-23,9,学生,68,1
药店-桐君阁仁秀店,药店,2026-04-23,10,家庭主妇,50,4
药店-桐君阁仁秀店,药店,2026-04-23,10,退休老人,49,3
药店-桐君阁仁秀店,药店,2026-04-23,10,中青年,42,3
药店-桐君阁仁秀店,药店,2026-04-23,10,上班族,57,2
药店-桐君阁仁秀店,药店,2026-04-23,10,学生,39,1
药店-桐君阁仁秀店,药店,2026-04-23,11,家庭主妇,47,1
药店-桐君阁仁秀店,药店,2026-04-23,11,退休老人,41,1
药店-桐君阁仁秀店,药店,2026-04-23,11,中青年,46,0
药店-桐君阁仁秀店,药店,2026-04-23,11,上班族,37,4
药店-桐君阁仁秀店,药店,2026-04-23,11,学生,34,0
药店-桐君阁仁秀店,药店,2026-04-23,12,家庭主妇,49,2
药店-桐君阁仁秀店,药店,2026-04-23,12,退休老人,32,0
药店-桐君阁仁秀店,药店,2026-04-23,12,中青年,37,1
药店-桐君阁仁秀店,药店,2026-04-23,12,上班族,32,4
药店-桐君阁仁秀店,药店,2026-04-23,12,学生,20,1
药店-桐君阁仁秀店,药店,2026-04-23,13,家庭主妇,27,3
药店-桐君阁仁秀店,药店,2026-04-23,13,退休老人,23,0
药店-桐君阁仁秀店,药店,2026-04-23,13,中青年,23,0
药店-桐君阁仁秀店,药店,2026-04-23,13,上班族,23,1
药店-桐君阁仁秀店,药店,2026-04-23,13,学生,22,0
药店-桐君阁仁秀店,药店,2026-04-23,14,家庭主妇,33,0
药店-桐君阁仁秀店,药店,2026-04-23,14,退休老人,27,0
药店-桐君阁仁秀店,药店,2026-04-23,14,中青年,26,6
药店-桐君阁仁秀店,药店,2026-04-23,14,上班族,34,0
药店-桐君阁仁秀店,药店,2026-04-23,14,学生,23,0
药店-桐君阁仁秀店,药店,2026-04-23,15,家庭主妇,39,1
药店-桐君阁仁秀店,药店,2026-04-23,15,退休老人,30,0
药店-桐君阁仁秀店,药店,2026-04-23,15,中青年,49,1
药店-桐君阁仁秀店,药店,2026-04-23,15,上班族,33,1
药店-桐君阁仁秀店,药店,2026-04-23,15,学生,28,0
药店-桐君阁仁秀店,药店,2026-04-23,16,家庭主妇,39,2
药店-桐君阁仁秀店,药店,2026-04-23,16,退休老人,33,0
药店-桐君阁仁秀店,药店,2026-04-23,16,中青年,41,2
药店-桐君阁仁秀店,药店,2026-04-23,16,上班族,53,1
药店-桐君阁仁秀店,药店,2026-04-23,16,学生,27,0
药店-桐君阁仁秀店,药店,2026-04-23,17,家庭主妇,67,1
药店-桐君阁仁秀店,药店,2026-04-23,17,退休老人,66,0
药店-桐君阁仁秀店,药店,2026-04-23,17,中青年,62,2
药店-桐君阁仁秀店,药店,2026-04-23,17,上班族,61,2
药店-桐君阁仁秀店,药店,2026-04-23,17,学生,47,2
药店-桐君阁仁秀店,药店,2026-04-23,18,家庭主妇,78,1
药店-桐君阁仁秀店,药店,2026-04-23,18,退休老人,70,0
药店-桐君阁仁秀店,药店,2026-04-23,18,中青年,59,1
药店-桐君阁仁秀店,药店,2026-04-23,18,上班族,88,2
药店-桐君阁仁秀店,药店,2026-04-23,18,学生,67,0
药店-桐君阁仁秀店,药店,2026-04-23,19,家庭主妇,90,11
药店-桐君阁仁秀店,药店,2026-04-23,19,退休老人,82,1
药店-桐君阁仁秀店,药店,2026-04-23,19,中青年,94,9
药店-桐君阁仁秀店,药店,2026-04-23,19,上班族,72,3
药店-桐君阁仁秀店,药店,2026-04-23,19,学生,75,2
药店-桐君阁仁秀店,药店,2026-04-23,20,家庭主妇,72,6
药店-桐君阁仁秀店,药店,2026-04-23,20,退休老人,64,0
药店-桐君阁仁秀店,药店,2026-04-23,20,中青年,85,11
药店-桐君阁仁秀店,药店,2026-04-23,20,上班族,88,4
药店-桐君阁仁秀店,药店,2026-04-23,20,学生,66,4
药店-桐君阁仁秀店,药店,2026-04-23,21,家庭主妇,32,5
药店-桐君阁仁秀店,药店,2026-04-23,21,退休老人,27,0
药店-桐君阁仁秀店,药店,2026-04-23,21,中青年,38,5
药店-桐君阁仁秀店,药店,2026-04-23,21,上班族,23,1
药店-桐君阁仁秀店,药店,2026-04-23,21,学生,30,3
药店-桐君阁仁秀店,药店,2026-04-23,22,家庭主妇,14,0
药店-桐君阁仁秀店,药店,2026-04-23,22,退休老人,16,0
药店-桐君阁仁秀店,药店,2026-04-23,22,中青年,15,0
药店-桐君阁仁秀店,药店,2026-04-23,22,上班族,11,0
药店-桐君阁仁秀店,药店,2026-04-23,22,学生,15,0
药店-桐君阁仁秀店,药店,2026-04-23,23,家庭主妇,0,0
药店-桐君阁仁秀店,药店,2026-04-23,23,退休老人,0,0
药店-桐君阁仁秀店,药店,2026-04-23,23,中青年,0,0
药店-桐君阁仁秀店,药店,2026-04-23,23,上班族,0,0
药店-桐君阁仁秀店,药店,2026-04-23,23,学生,0,0
药店-桐君阁仁秀店,药店,2026-04-24,0,家庭主妇,3,0
药店-桐君阁仁秀店,药店,2026-04-24,0,退休老人,8,0
药店-桐君阁仁秀店,药店,2026-04-24,0,中青年,6,0
药店-桐君阁仁秀店,药店,2026-04-24,0,上班族,3,0
药店-桐君阁仁秀店,药店,2026-04-24,0,学生,7,0
药店-桐君阁仁秀店,药店,2026-04-24,1,家庭主妇,2,0
药店-桐君阁仁秀店,药店,2026-04-24,1,退休老人,2,0
药店-桐君阁仁秀店,药店,2026-04-24,1,中青年,1,0
药店-桐君阁仁秀店,药店,2026-04-24,1,上班族,1,0
药店-桐君阁仁秀店,药店,2026-04-24,1,学生,2,0
药店-桐君阁仁秀店,药店,2026-04-24,2,家庭主妇,3,0
药店-桐君阁仁秀店,药店,2026-04-24,2,退休老人,3,0
药店-桐君阁仁秀店,药店,2026-04-24,2,中青年,7,0
药店-桐君阁仁秀店,药店,2026-04-24,2,上班族,1,0
药店-桐君阁仁秀店,药店,2026-04-24,2,学生,2,0
药店-桐君阁仁秀店,药店,2026-04-24,3,家庭主妇,3,0
药店-桐君阁仁秀店,药店,2026-04-24,3,退休老人,2,0
药店-桐君阁仁秀店,药店,2026-04-24,3,中青年,3,0
药店-桐君阁仁秀店,药店,2026-04-24,3,上班族,4,0
药店-桐君阁仁秀店,药店,2026-04-24,3,学生,0,0
药店-桐君阁仁秀店,药店,2026-04-24,4,家庭主妇,3,0
药店-桐君阁仁秀店,药店,2026-04-24,4,退休老人,1,0
药店-桐君阁仁秀店,药店,2026-04-24,4,中青年,2,0
药店-桐君阁仁秀店,药店,2026-04-24,4,上班族,1,0
药店-桐君阁仁秀店,药店,2026-04-24,4,学生,2,0
药店-桐君阁仁秀店,药店,2026-04-24,5,家庭主妇,2,0
药店-桐君阁仁秀店,药店,2026-04-24,5,退休老人,1,0
药店-桐君阁仁秀店,药店,2026-04-24,5,中青年,4,0
药店-桐君阁仁秀店,药店,2026-04-24,5,上班族,2,0
药店-桐君阁仁秀店,药店,2026-04-24,5,学生,2,0
药店-桐君阁仁秀店,药店,2026-04-24,6,家庭主妇,7,0
药店-桐君阁仁秀店,药店,2026-04-24,6,退休老人,13,0
药店-桐君阁仁秀店,药店,2026-04-24,6,中青年,10,0
药店-桐君阁仁秀店,药店,2026-04-24,6,上班族,13,0
药店-桐君阁仁秀店,药店,2026-04-24,6,学生,13,0
药店-桐君阁仁秀店,药店,2026-04-24,7,家庭主妇,46,0
药店-桐君阁仁秀店,药店,2026-04-24,7,退休老人,42,0
药店-桐君阁仁秀店,药店,2026-04-24,7,中青年,43,0
药店-桐君阁仁秀店,药店,2026-04-24,7,上班族,42,1
药店-桐君阁仁秀店,药店,2026-04-24,7,学生,43,0
药店-桐君阁仁秀店,药店,2026-04-24,8,家庭主妇,79,2
药店-桐君阁仁秀店,药店,2026-04-24,8,退休老人,76,0
药店-桐君阁仁秀店,药店,2026-04-24,8,中青年,72,1
药店-桐君阁仁秀店,药店,2026-04-24,8,上班族,68,0
药店-桐君阁仁秀店,药店,2026-04-24,8,学生,71,0
药店-桐君阁仁秀店,药店,2026-04-24,9,家庭主妇,67,5
药店-桐君阁仁秀店,药店,2026-04-24,9,退休老人,62,1
药店-桐君阁仁秀店,药店,2026-04-24,9,中青年,67,3
药店-桐君阁仁秀店,药店,2026-04-24,9,上班族,64,2
药店-桐君阁仁秀店,药店,2026-04-24,9,学生,61,0
药店-桐君阁仁秀店,药店,2026-04-24,10,家庭主妇,48,1
药店-桐君阁仁秀店,药店,2026-04-24,10,退休老人,78,0
药店-桐君阁仁秀店,药店,2026-04-24,10,中青年,66,1
药店-桐君阁仁秀店,药店,2026-04-24,10,上班族,65,1
药店-桐君阁仁秀店,药店,2026-04-24,10,学生,53,0
药店-桐君阁仁秀店,药店,2026-04-24,11,家庭主妇,35,2
药店-桐君阁仁秀店,药店,2026-04-24,11,退休老人,57,0
药店-桐君阁仁秀店,药店,2026-04-24,11,中青年,41,1
药店-桐君阁仁秀店,药店,2026-04-24,11,上班族,48,4
药店-桐君阁仁秀店,药店,2026-04-24,11,学生,44,0
药店-桐君阁仁秀店,药店,2026-04-24,12,家庭主妇,29,1
药店-桐君阁仁秀店,药店,2026-04-24,12,退休老人,41,0
药店-桐君阁仁秀店,药店,2026-04-24,12,中青年,33,0
药店-桐君阁仁秀店,药店,2026-04-24,12,上班族,32,3
药店-桐君阁仁秀店,药店,2026-04-24,12,学生,21,0
药店-桐君阁仁秀店,药店,2026-04-24,13,家庭主妇,24,0
药店-桐君阁仁秀店,药店,2026-04-24,13,退休老人,34,0
药店-桐君阁仁秀店,药店,2026-04-24,13,中青年,37,2
药店-桐君阁仁秀店,药店,2026-04-24,13,上班族,36,3
药店-桐君阁仁秀店,药店,2026-04-24,13,学生,22,0
药店-桐君阁仁秀店,药店,2026-04-24,14,家庭主妇,27,2
药店-桐君阁仁秀店,药店,2026-04-24,14,退休老人,25,0
药店-桐君阁仁秀店,药店,2026-04-24,14,中青年,25,3
药店-桐君阁仁秀店,药店,2026-04-24,14,上班族,25,1
药店-桐君阁仁秀店,药店,2026-04-24,14,学生,31,0
药店-桐君阁仁秀店,药店,2026-04-24,15,家庭主妇,35,1
药店-桐君阁仁秀店,药店,2026-04-24,15,退休老人,34,1
药店-桐君阁仁秀店,药店,2026-04-24,15,中青年,40,2
药店-桐君阁仁秀店,药店,2026-04-24,15,上班族,54,1
药店-桐君阁仁秀店,药店,2026-04-24,15,学生,31,0
药店-桐君阁仁秀店,药店,2026-04-24,16,家庭主妇,46,3
药店-桐君阁仁秀店,药店,2026-04-24,16,退休老人,38,0
药店-桐君阁仁秀店,药店,2026-04-24,16,中青年,37,5
药店-桐君阁仁秀店,药店,2026-04-24,16,上班族,42,2
药店-桐君阁仁秀店,药店,2026-04-24,16,学生,38,1
药店-桐君阁仁秀店,药店,2026-04-24,17,家庭主妇,69,4
药店-桐君阁仁秀店,药店,2026-04-24,17,退休老人,63,0
药店-桐君阁仁秀店,药店,2026-04-24,17,中青年,74,2
药店-桐君阁仁秀店,药店,2026-04-24,17,上班族,63,1
药店-桐君阁仁秀店,药店,2026-04-24,17,学生,49,1
药店-桐君阁仁秀店,药店,2026-04-24,18,家庭主妇,77,4
药店-桐君阁仁秀店,药店,2026-04-24,18,退休老人,75,0
药店-桐君阁仁秀店,药店,2026-04-24,18,中青年,74,2
药店-桐君阁仁秀店,药店,2026-04-24,18,上班族,81,11
药店-桐君阁仁秀店,药店,2026-04-24,18,学生,64,0
药店-桐君阁仁秀店,药店,2026-04-24,19,家庭主妇,100,14
药店-桐君阁仁秀店,药店,2026-04-24,19,退休老人,103,1
药店-桐君阁仁秀店,药店,2026-04-24,19,中青年,93,2
药店-桐君阁仁秀店,药店,2026-04-24,19,上班族,104,4
药店-桐君阁仁秀店,药店,2026-04-24,19,学生,86,1
药店-桐君阁仁秀店,药店,2026-04-24,20,家庭主妇,17,0
药店-桐君阁仁秀店,药店,2026-04-24,20,退休老人,20,0
药店-桐君阁仁秀店,药店,2026-04-24,20,中青年,20,0
药店-桐君阁仁秀店,药店,2026-04-24,20,上班族,13,0
药店-桐君阁仁秀店,药店,2026-04-24,20,学生,14,0
药店-桐君阁仁秀店,药店,2026-04-24,21,家庭主妇,41,24
药店-桐君阁仁秀店,药店,2026-04-24,21,退休老人,36,0
药店-桐君阁仁秀店,药店,2026-04-24,21,中青年,40,11
药店-桐君阁仁秀店,药店,2026-04-24,21,上班族,43,8
药店-桐君阁仁秀店,药店,2026-04-24,21,学生,26,0
药店-桐君阁仁秀店,药店,2026-04-24,22,家庭主妇,29,0
药店-桐君阁仁秀店,药店,2026-04-24,22,退休老人,23,0
药店-桐君阁仁秀店,药店,2026-04-24,22,中青年,23,0
药店-桐君阁仁秀店,药店,2026-04-24,22,上班族,27,0
药店-桐君阁仁秀店,药店,2026-04-24,22,学生,23,0
药店-桐君阁仁秀店,药店,2026-04-24,23,家庭主妇,0,0
药店-桐君阁仁秀店,药店,2026-04-24,23,退休老人,0,0
药店-桐君阁仁秀店,药店,2026-04-24,23,中青年,0,0
药店-桐君阁仁秀店,药店,2026-04-24,23,上班族,0,0
药店-桐君阁仁秀店,药店,2026-04-24,23,学生,0,0
药店-桐君阁仁秀店,药店,2026-04-25,0,家庭主妇,11,0
药店-桐君阁仁秀店,药店,2026-04-25,0,退休老人,6,0
药店-桐君阁仁秀店,药店,2026-04-25,0,中青年,7,0
药店-桐君阁仁秀店,药店,2026-04-25,0,上班族,7,0
药店-桐君阁仁秀店,药店,2026-04-25,0,学生,11,0
药店-桐君阁仁秀店,药店,2026-04-25,1,家庭主妇,3,0
药店-桐君阁仁秀店,药店,2026-04-25,1,退休老人,4,0
药店-桐君阁仁秀店,药店,2026-04-25,1,中青年,5,0
药店-桐君阁仁秀店,药店,2026-04-25,1,上班族,3,0
药店-桐君阁仁秀店,药店,2026-04-25,1,学生,4,0
药店-桐君阁仁秀店,药店,2026-04-25,2,家庭主妇,5,0
药店-桐君阁仁秀店,药店,2026-04-25,2,退休老人,3,0
药店-桐君阁仁秀店,药店,2026-04-25,2,中青年,5,0
药店-桐君阁仁秀店,药店,2026-04-25,2,上班族,4,0
药店-桐君阁仁秀店,药店,2026-04-25,2,学生,3,0
药店-桐君阁仁秀店,药店,2026-04-25,3,家庭主妇,1,0
药店-桐君阁仁秀店,药店,2026-04-25,3,退休老人,1,0
药店-桐君阁仁秀店,药店,2026-04-25,3,中青年,1,0
药店-桐君阁仁秀店,药店,2026-04-25,3,上班族,1,0
药店-桐君阁仁秀店,药店,2026-04-25,3,学生,0,0
药店-桐君阁仁秀店,药店,2026-04-25,4,家庭主妇,4,0
药店-桐君阁仁秀店,药店,2026-04-25,4,退休老人,3,0
药店-桐君阁仁秀店,药店,2026-04-25,4,中青年,2,0
药店-桐君阁仁秀店,药店,2026-04-25,4,上班族,5,0
药店-桐君阁仁秀店,药店,2026-04-25,4,学生,5,0
药店-桐君阁仁秀店,药店,2026-04-25,5,家庭主妇,2,0
药店-桐君阁仁秀店,药店,2026-04-25,5,退休老人,5,0
药店-桐君阁仁秀店,药店,2026-04-25,5,中青年,2,0
药店-桐君阁仁秀店,药店,2026-04-25,5,上班族,8,0
药店-桐君阁仁秀店,药店,2026-04-25,5,学生,1,0
药店-桐君阁仁秀店,药店,2026-04-25,6,家庭主妇,14,0
药店-桐君阁仁秀店,药店,2026-04-25,6,退休老人,14,0
药店-桐君阁仁秀店,药店,2026-04-25,6,中青年,17,0
药店-桐君阁仁秀店,药店,2026-04-25,6,上班族,19,0
药店-桐君阁仁秀店,药店,2026-04-25,6,学生,19,0
药店-桐君阁仁秀店,药店,2026-04-25,7,家庭主妇,30,0
药店-桐君阁仁秀店,药店,2026-04-25,7,退休老人,33,0
药店-桐君阁仁秀店,药店,2026-04-25,7,中青年,43,1
药店-桐君阁仁秀店,药店,2026-04-25,7,上班族,37,0
药店-桐君阁仁秀店,药店,2026-04-25,7,学生,38,0
药店-桐君阁仁秀店,药店,2026-04-25,8,家庭主妇,71,2
药店-桐君阁仁秀店,药店,2026-04-25,8,退休老人,51,2
药店-桐君阁仁秀店,药店,2026-04-25,8,中青年,75,1
药店-桐君阁仁秀店,药店,2026-04-25,8,上班族,66,4
药店-桐君阁仁秀店,药店,2026-04-25,8,学生,73,1
药店-桐君阁仁秀店,药店,2026-04-25,9,家庭主妇,113,6
药店-桐君阁仁秀店,药店,2026-04-25,9,退休老人,98,3
药店-桐君阁仁秀店,药店,2026-04-25,9,中青年,124,2
药店-桐君阁仁秀店,药店,2026-04-25,9,上班族,114,2
药店-桐君阁仁秀店,药店,2026-04-25,9,学生,92,1
药店-桐君阁仁秀店,药店,2026-04-25,10,家庭主妇,86,10
药店-桐君阁仁秀店,药店,2026-04-25,10,退休老人,80,0
药店-桐君阁仁秀店,药店,2026-04-25,10,中青年,80,2
药店-桐君阁仁秀店,药店,2026-04-25,10,上班族,72,0
药店-桐君阁仁秀店,药店,2026-04-25,10,学生,78,0
药店-桐君阁仁秀店,药店,2026-04-25,11,家庭主妇,60,0
药店-桐君阁仁秀店,药店,2026-04-25,11,退休老人,53,1
药店-桐君阁仁秀店,药店,2026-04-25,11,中青年,65,3
药店-桐君阁仁秀店,药店,2026-04-25,11,上班族,66,2
药店-桐君阁仁秀店,药店,2026-04-25,11,学生,75,1
药店-桐君阁仁秀店,药店,2026-04-25,12,家庭主妇,41,0
药店-桐君阁仁秀店,药店,2026-04-25,12,退休老人,47,0
药店-桐君阁仁秀店,药店,2026-04-25,12,中青年,41,0
药店-桐君阁仁秀店,药店,2026-04-25,12,上班族,42,3
药店-桐君阁仁秀店,药店,2026-04-25,12,学生,37,0
药店-桐君阁仁秀店,药店,2026-04-25,13,家庭主妇,42,3
药店-桐君阁仁秀店,药店,2026-04-25,13,退休老人,44,0
药店-桐君阁仁秀店,药店,2026-04-25,13,中青年,43,5
药店-桐君阁仁秀店,药店,2026-04-25,13,上班族,44,1
药店-桐君阁仁秀店,药店,2026-04-25,13,学生,25,0
药店-桐君阁仁秀店,药店,2026-04-25,14,家庭主妇,33,2
药店-桐君阁仁秀店,药店,2026-04-25,14,退休老人,43,0
药店-桐君阁仁秀店,药店,2026-04-25,14,中青年,35,0
药店-桐君阁仁秀店,药店,2026-04-25,14,上班族,35,1
药店-桐君阁仁秀店,药店,2026-04-25,14,学生,30,0
药店-桐君阁仁秀店,药店,2026-04-25,15,家庭主妇,48,5
药店-桐君阁仁秀店,药店,2026-04-25,15,退休老人,28,1
药店-桐君阁仁秀店,药店,2026-04-25,15,中青年,38,4
药店-桐君阁仁秀店,药店,2026-04-25,15,上班族,34,3
药店-桐君阁仁秀店,药店,2026-04-25,15,学生,44,0
药店-桐君阁仁秀店,药店,2026-04-25,16,家庭主妇,53,4
药店-桐君阁仁秀店,药店,2026-04-25,16,退休老人,70,1
药店-桐君阁仁秀店,药店,2026-04-25,16,中青年,56,4
药店-桐君阁仁秀店,药店,2026-04-25,16,上班族,52,2
药店-桐君阁仁秀店,药店,2026-04-25,16,学生,52,0
药店-桐君阁仁秀店,药店,2026-04-25,17,家庭主妇,79,2
药店-桐君阁仁秀店,药店,2026-04-25,17,退休老人,84,1
药店-桐君阁仁秀店,药店,2026-04-25,17,中青年,82,4
药店-桐君阁仁秀店,药店,2026-04-25,17,上班族,84,3
药店-桐君阁仁秀店,药店,2026-04-25,17,学生,65,2
药店-桐君阁仁秀店,药店,2026-04-25,18,家庭主妇,86,1
药店-桐君阁仁秀店,药店,2026-04-25,18,退休老人,104,1
药店-桐君阁仁秀店,药店,2026-04-25,18,中青年,91,2
药店-桐君阁仁秀店,药店,2026-04-25,18,上班族,91,6
药店-桐君阁仁秀店,药店,2026-04-25,18,学生,71,2
药店-桐君阁仁秀店,药店,2026-04-25,19,家庭主妇,114,8
药店-桐君阁仁秀店,药店,2026-04-25,19,退休老人,86,0
药店-桐君阁仁秀店,药店,2026-04-25,19,中青年,104,6
药店-桐君阁仁秀店,药店,2026-04-25,19,上班族,129,3
药店-桐君阁仁秀店,药店,2026-04-25,19,学生,84,0
药店-桐君阁仁秀店,药店,2026-04-25,20,家庭主妇,97,17
药店-桐君阁仁秀店,药店,2026-04-25,20,退休老人,107,2
药店-桐君阁仁秀店,药店,2026-04-25,20,中青年,95,11
药店-桐君阁仁秀店,药店,2026-04-25,20,上班族,103,5
药店-桐君阁仁秀店,药店,2026-04-25,20,学生,85,7
药店-桐君阁仁秀店,药店,2026-04-25,21,家庭主妇,60,6
药店-桐君阁仁秀店,药店,2026-04-25,21,退休老人,41,0
药店-桐君阁仁秀店,药店,2026-04-25,21,中青年,60,5
药店-桐君阁仁秀店,药店,2026-04-25,21,上班族,48,1
药店-桐君阁仁秀店,药店,2026-04-25,21,学生,50,1
药店-桐君阁仁秀店,药店,2026-04-25,22,家庭主妇,29,0
药店-桐君阁仁秀店,药店,2026-04-25,22,退休老人,34,0
药店-桐君阁仁秀店,药店,2026-04-25,22,中青年,26,0
药店-桐君阁仁秀店,药店,2026-04-25,22,上班族,25,0
药店-桐君阁仁秀店,药店,2026-04-25,22,学生,17,0
药店-桐君阁仁秀店,药店,2026-04-25,23,家庭主妇,0,0
药店-桐君阁仁秀店,药店,2026-04-25,23,退休老人,0,0
药店-桐君阁仁秀店,药店,2026-04-25,23,中青年,0,0
药店-桐君阁仁秀店,药店,2026-04-25,23,上班族,0,0
药店-桐君阁仁秀店,药店,2026-04-25,23,学生,0,0
药店-桐君阁仁秀店,药店,2026-04-27,0,家庭主妇,4,0
药店-桐君阁仁秀店,药店,2026-04-27,0,退休老人,6,0
药店-桐君阁仁秀店,药店,2026-04-27,0,中青年,7,0
药店-桐君阁仁秀店,药店,2026-04-27,0,上班族,5,0
药店-桐君阁仁秀店,药店,2026-04-27,0,学生,4,0
药店-桐君阁仁秀店,药店,2026-04-27,1,家庭主妇,3,0
药店-桐君阁仁秀店,药店,2026-04-27,1,退休老人,5,0
药店-桐君阁仁秀店,药店,2026-04-27,1,中青年,5,0
药店-桐君阁仁秀店,药店,2026-04-27,1,上班族,8,0
药店-桐君阁仁秀店,药店,2026-04-27,1,学生,3,0
药店-桐君阁仁秀店,药店,2026-04-27,2,家庭主妇,5,0
药店-桐君阁仁秀店,药店,2026-04-27,2,退休老人,5,0
药店-桐君阁仁秀店,药店,2026-04-27,2,中青年,5,0
药店-桐君阁仁秀店,药店,2026-04-27,2,上班族,4,0
药店-桐君阁仁秀店,药店,2026-04-27,2,学生,6,0
药店-桐君阁仁秀店,药店,2026-04-27,3,家庭主妇,4,0
药店-桐君阁仁秀店,药店,2026-04-27,3,退休老人,1,0
药店-桐君阁仁秀店,药店,2026-04-27,3,中青年,2,0
药店-桐君阁仁秀店,药店,2026-04-27,3,上班族,2,0
药店-桐君阁仁秀店,药店,2026-04-27,3,学生,5,0
药店-桐君阁仁秀店,药店,2026-04-27,4,家庭主妇,1,0
药店-桐君阁仁秀店,药店,2026-04-27,4,退休老人,1,0
药店-桐君阁仁秀店,药店,2026-04-27,4,中青年,1,0
药店-桐君阁仁秀店,药店,2026-04-27,4,上班族,0,0
药店-桐君阁仁秀店,药店,2026-04-27,4,学生,2,0
药店-桐君阁仁秀店,药店,2026-04-27,5,家庭主妇,2,0
药店-桐君阁仁秀店,药店,2026-04-27,5,退休老人,2,0
药店-桐君阁仁秀店,药店,2026-04-27,5,中青年,6,0
药店-桐君阁仁秀店,药店,2026-04-27,5,上班族,1,0
药店-桐君阁仁秀店,药店,2026-04-27,5,学生,3,0
药店-桐君阁仁秀店,药店,2026-04-27,6,家庭主妇,5,0
药店-桐君阁仁秀店,药店,2026-04-27,6,退休老人,8,0
药店-桐君阁仁秀店,药店,2026-04-27,6,中青年,5,0
药店-桐君阁仁秀店,药店,2026-04-27,6,上班族,7,0
药店-桐君阁仁秀店,药店,2026-04-27,6,学生,9,0
药店-桐君阁仁秀店,药店,2026-04-27,7,家庭主妇,33,0
药店-桐君阁仁秀店,药店,2026-04-27,7,退休老人,37,0
药店-桐君阁仁秀店,药店,2026-04-27,7,中青年,26,0
药店-桐君阁仁秀店,药店,2026-04-27,7,上班族,36,0
药店-桐君阁仁秀店,药店,2026-04-27,7,学生,29,0
药店-桐君阁仁秀店,药店,2026-04-27,8,家庭主妇,42,2
药店-桐君阁仁秀店,药店,2026-04-27,8,退休老人,46,1
药店-桐君阁仁秀店,药店,2026-04-27,8,中青年,39,0
药店-桐君阁仁秀店,药店,2026-04-27,8,上班族,44,5
药店-桐君阁仁秀店,药店,2026-04-27,8,学生,32,0
药店-桐君阁仁秀店,药店,2026-04-27,9,家庭主妇,48,6
药店-桐君阁仁秀店,药店,2026-04-27,9,退休老人,39,0
药店-桐君阁仁秀店,药店,2026-04-27,9,中青年,51,0
药店-桐君阁仁秀店,药店,2026-04-27,9,上班族,49,4
药店-桐君阁仁秀店,药店,2026-04-27,9,学生,37,0
药店-桐君阁仁秀店,药店,2026-04-27,10,家庭主妇,41,8
药店-桐君阁仁秀店,药店,2026-04-27,10,退休老人,39,0
药店-桐君阁仁秀店,药店,2026-04-27,10,中青年,45,2
药店-桐君阁仁秀店,药店,2026-04-27,10,上班族,46,1
药店-桐君阁仁秀店,药店,2026-04-27,10,学生,36,0
药店-桐君阁仁秀店,药店,2026-04-27,11,家庭主妇,29,3
药店-桐君阁仁秀店,药店,2026-04-27,11,退休老人,34,0
药店-桐君阁仁秀店,药店,2026-04-27,11,中青年,23,1
药店-桐君阁仁秀店,药店,2026-04-27,11,上班族,38,2
药店-桐君阁仁秀店,药店,2026-04-27,11,学生,39,0
药店-桐君阁仁秀店,药店,2026-04-27,12,家庭主妇,25,0
药店-桐君阁仁秀店,药店,2026-04-27,12,退休老人,35,0
药店-桐君阁仁秀店,药店,2026-04-27,12,中青年,30,0
药店-桐君阁仁秀店,药店,2026-04-27,12,上班族,43,3
药店-桐君阁仁秀店,药店,2026-04-27,12,学生,25,0
药店-桐君阁仁秀店,药店,2026-04-27,13,家庭主妇,22,2
药店-桐君阁仁秀店,药店,2026-04-27,13,退休老人,20,0
药店-桐君阁仁秀店,药店,2026-04-27,13,中青年,21,0
药店-桐君阁仁秀店,药店,2026-04-27,13,上班族,26,0
药店-桐君阁仁秀店,药店,2026-04-27,13,学生,19,0
药店-桐君阁仁秀店,药店,2026-04-27,14,家庭主妇,21,1
药店-桐君阁仁秀店,药店,2026-04-27,14,退休老人,27,0
药店-桐君阁仁秀店,药店,2026-04-27,14,中青年,27,1
药店-桐君阁仁秀店,药店,2026-04-27,14,上班族,24,1
药店-桐君阁仁秀店,药店,2026-04-27,14,学生,15,0
药店-桐君阁仁秀店,药店,2026-04-27,15,家庭主妇,20,5
药店-桐君阁仁秀店,药店,2026-04-27,15,退休老人,32,0
药店-桐君阁仁秀店,药店,2026-04-27,15,中青年,29,1
药店-桐君阁仁秀店,药店,2026-04-27,15,上班族,24,2
药店-桐君阁仁秀店,药店,2026-04-27,15,学生,19,0
药店-桐君阁仁秀店,药店,2026-04-27,16,家庭主妇,27,1
药店-桐君阁仁秀店,药店,2026-04-27,16,退休老人,22,0
药店-桐君阁仁秀店,药店,2026-04-27,16,中青年,33,1
药店-桐君阁仁秀店,药店,2026-04-27,16,上班族,24,2
药店-桐君阁仁秀店,药店,2026-04-27,16,学生,21,0
药店-桐君阁仁秀店,药店,2026-04-27,17,家庭主妇,48,5
药店-桐君阁仁秀店,药店,2026-04-27,17,退休老人,42,0
药店-桐君阁仁秀店,药店,2026-04-27,17,中青年,44,0
药店-桐君阁仁秀店,药店,2026-04-27,17,上班族,44,6
药店-桐君阁仁秀店,药店,2026-04-27,17,学生,44,0
药店-桐君阁仁秀店,药店,2026-04-27,18,家庭主妇,48,2
药店-桐君阁仁秀店,药店,2026-04-27,18,退休老人,47,0
药店-桐君阁仁秀店,药店,2026-04-27,18,中青年,43,2
药店-桐君阁仁秀店,药店,2026-04-27,18,上班族,33,9
药店-桐君阁仁秀店,药店,2026-04-27,18,学生,42,0
药店-桐君阁仁秀店,药店,2026-04-27,19,家庭主妇,54,12
药店-桐君阁仁秀店,药店,2026-04-27,19,退休老人,60,2
药店-桐君阁仁秀店,药店,2026-04-27,19,中青年,64,9
药店-桐君阁仁秀店,药店,2026-04-27,19,上班族,54,6
药店-桐君阁仁秀店,药店,2026-04-27,19,学生,45,1
药店-桐君阁仁秀店,药店,2026-04-27,20,家庭主妇,51,5
药店-桐君阁仁秀店,药店,2026-04-27,20,退休老人,47,0
药店-桐君阁仁秀店,药店,2026-04-27,20,中青年,44,7
药店-桐君阁仁秀店,药店,2026-04-27,20,上班族,37,2
药店-桐君阁仁秀店,药店,2026-04-27,20,学生,28,3
药店-桐君阁仁秀店,药店,2026-04-27,21,家庭主妇,26,0
药店-桐君阁仁秀店,药店,2026-04-27,21,退休老人,32,0
药店-桐君阁仁秀店,药店,2026-04-27,21,中青年,28,0
药店-桐君阁仁秀店,药店,2026-04-27,21,上班族,27,0
药店-桐君阁仁秀店,药店,2026-04-27,21,学生,26,0
药店-桐君阁仁秀店,药店,2026-04-27,22,家庭主妇,7,0
药店-桐君阁仁秀店,药店,2026-04-27,22,退休老人,8,0
药店-桐君阁仁秀店,药店,2026-04-27,22,中青年,10,0
药店-桐君阁仁秀店,药店,2026-04-27,22,上班族,8,0
药店-桐君阁仁秀店,药店,2026-04-27,22,学生,11,0
药店-桐君阁仁秀店,药店,2026-04-27,23,家庭主妇,0,0
药店-桐君阁仁秀店,药店,2026-04-27,23,退休老人,0,0
药店-桐君阁仁秀店,药店,2026-04-27,23,中青年,0,0
药店-桐君阁仁秀店,药店,2026-04-27,23,上班族,0,0
药店-桐君阁仁秀店,药店,2026-04-27,23,学生,0,0
药店-桐君阁仁秀店,药店,2026-04-28,0,家庭主妇,4,0
药店-桐君阁仁秀店,药店,2026-04-28,0,退休老人,5,0
药店-桐君阁仁秀店,药店,2026-04-28,0,中青年,2,0
药店-桐君阁仁秀店,药店,2026-04-28,0,上班族,5,0
药店-桐君阁仁秀店,药店,2026-04-28,0,学生,2,0
药店-桐君阁仁秀店,药店,2026-04-28,1,家庭主妇,9,0
药店-桐君阁仁秀店,药店,2026-04-28,1,退休老人,6,0
药店-桐君阁仁秀店,药店,2026-04-28,1,中青年,7,0
药店-桐君阁仁秀店,药店,2026-04-28,1,上班族,6,0
药店-桐君阁仁秀店,药店,2026-04-28,1,学生,1,0
药店-桐君阁仁秀店,药店,2026-04-28,2,家庭主妇,3,0
药店-桐君阁仁秀店,药店,2026-04-28,2,退休老人,7,0
药店-桐君阁仁秀店,药店,2026-04-28,2,中青年,3,0
药店-桐君阁仁秀店,药店,2026-04-28,2,上班族,2,0
药店-桐君阁仁秀店,药店,2026-04-28,2,学生,3,0
药店-桐君阁仁秀店,药店,2026-04-28,3,家庭主妇,1,0
药店-桐君阁仁秀店,药店,2026-04-28,3,退休老人,3,0
药店-桐君阁仁秀店,药店,2026-04-28,3,中青年,6,0
药店-桐君阁仁秀店,药店,2026-04-28,3,上班族,1,0
药店-桐君阁仁秀店,药店,2026-04-28,3,学生,1,0
药店-桐君阁仁秀店,药店,2026-04-28,4,家庭主妇,3,0
药店-桐君阁仁秀店,药店,2026-04-28,4,退休老人,2,0
药店-桐君阁仁秀店,药店,2026-04-28,4,中青年,2,0
药店-桐君阁仁秀店,药店,2026-04-28,4,上班族,2,0
药店-桐君阁仁秀店,药店,2026-04-28,4,学生,1,0
药店-桐君阁仁秀店,药店,2026-04-28,5,家庭主妇,3,0
药店-桐君阁仁秀店,药店,2026-04-28,5,退休老人,3,0
药店-桐君阁仁秀店,药店,2026-04-28,5,中青年,3,0
药店-桐君阁仁秀店,药店,2026-04-28,5,上班族,4,0
药店-桐君阁仁秀店,药店,2026-04-28,5,学生,4,0
药店-桐君阁仁秀店,药店,2026-04-28,6,家庭主妇,6,0
药店-桐君阁仁秀店,药店,2026-04-28,6,退休老人,10,0
药店-桐君阁仁秀店,药店,2026-04-28,6,中青年,12,0
药店-桐君阁仁秀店,药店,2026-04-28,6,上班族,13,0
药店-桐君阁仁秀店,药店,2026-04-28,6,学生,12,0
药店-桐君阁仁秀店,药店,2026-04-28,7,家庭主妇,37,0
药店-桐君阁仁秀店,药店,2026-04-28,7,退休老人,45,0
药店-桐君阁仁秀店,药店,2026-04-28,7,中青年,36,0
药店-桐君阁仁秀店,药店,2026-04-28,7,上班族,33,0
药店-桐君阁仁秀店,药店,2026-04-28,7,学生,36,0
药店-桐君阁仁秀店,药店,2026-04-28,8,家庭主妇,42,4
药店-桐君阁仁秀店,药店,2026-04-28,8,退休老人,45,0
药店-桐君阁仁秀店,药店,2026-04-28,8,中青年,47,1
药店-桐君阁仁秀店,药店,2026-04-28,8,上班族,38,2
药店-桐君阁仁秀店,药店,2026-04-28,8,学生,38,0
药店-桐君阁仁秀店,药店,2026-04-28,9,家庭主妇,43,2
药店-桐君阁仁秀店,药店,2026-04-28,9,退休老人,35,2
药店-桐君阁仁秀店,药店,2026-04-28,9,中青年,36,2
药店-桐君阁仁秀店,药店,2026-04-28,9,上班族,33,0
药店-桐君阁仁秀店,药店,2026-04-28,9,学生,31,0
药店-桐君阁仁秀店,药店,2026-04-28,10,家庭主妇,27,2
药店-桐君阁仁秀店,药店,2026-04-28,10,退休老人,20,3
药店-桐君阁仁秀店,药店,2026-04-28,10,中青年,18,0
药店-桐君阁仁秀店,药店,2026-04-28,10,上班族,26,0
药店-桐君阁仁秀店,药店,2026-04-28,10,学生,23,0
药店-桐君阁仁秀店,药店,2026-04-28,11,家庭主妇,24,2
药店-桐君阁仁秀店,药店,2026-04-28,11,退休老人,24,0
药店-桐君阁仁秀店,药店,2026-04-28,11,中青年,20,0
药店-桐君阁仁秀店,药店,2026-04-28,11,上班族,25,3
药店-桐君阁仁秀店,药店,2026-04-28,11,学生,24,0
药店-桐君阁仁秀店,药店,2026-04-28,12,家庭主妇,18,0
药店-桐君阁仁秀店,药店,2026-04-28,12,退休老人,24,0
药店-桐君阁仁秀店,药店,2026-04-28,12,中青年,20,0
药店-桐君阁仁秀店,药店,2026-04-28,12,上班族,20,3
药店-桐君阁仁秀店,药店,2026-04-28,12,学生,12,0
药店-桐君阁仁秀店,药店,2026-04-28,13,家庭主妇,17,3
药店-桐君阁仁秀店,药店,2026-04-28,13,退休老人,15,0
药店-桐君阁仁秀店,药店,2026-04-28,13,中青年,20,2
药店-桐君阁仁秀店,药店,2026-04-28,13,上班族,21,0
药店-桐君阁仁秀店,药店,2026-04-28,13,学生,17,0
药店-桐君阁仁秀店,药店,2026-04-28,14,家庭主妇,11,4
药店-桐君阁仁秀店,药店,2026-04-28,14,退休老人,22,0
药店-桐君阁仁秀店,药店,2026-04-28,14,中青年,22,1
药店-桐君阁仁秀店,药店,2026-04-28,14,上班族,23,0
药店-桐君阁仁秀店,药店,2026-04-28,14,学生,10,0
药店-桐君阁仁秀店,药店,2026-04-28,15,家庭主妇,26,3
药店-桐君阁仁秀店,药店,2026-04-28,15,退休老人,21,2
药店-桐君阁仁秀店,药店,2026-04-28,15,中青年,20,3
药店-桐君阁仁秀店,药店,2026-04-28,15,上班族,20,0
药店-桐君阁仁秀店,药店,2026-04-28,15,学生,24,0
药店-桐君阁仁秀店,药店,2026-04-28,16,家庭主妇,22,1
药店-桐君阁仁秀店,药店,2026-04-28,16,退休老人,28,0
药店-桐君阁仁秀店,药店,2026-04-28,16,中青年,28,0
药店-桐君阁仁秀店,药店,2026-04-28,16,上班族,19,0
药店-桐君阁仁秀店,药店,2026-04-28,16,学生,16,0
药店-桐君阁仁秀店,药店,2026-04-28,17,家庭主妇,30,1
药店-桐君阁仁秀店,药店,2026-04-28,17,退休老人,23,1
药店-桐君阁仁秀店,药店,2026-04-28,17,中青年,31,1
药店-桐君阁仁秀店,药店,2026-04-28,17,上班族,34,5
药店-桐君阁仁秀店,药店,2026-04-28,17,学生,32,0
药店-桐君阁仁秀店,药店,2026-04-28,18,家庭主妇,36,1
药店-桐君阁仁秀店,药店,2026-04-28,18,退休老人,41,0
药店-桐君阁仁秀店,药店,2026-04-28,18,中青年,38,1
药店-桐君阁仁秀店,药店,2026-04-28,18,上班族,35,6
药店-桐君阁仁秀店,药店,2026-04-28,18,学生,42,0
药店-桐君阁仁秀店,药店,2026-04-28,19,家庭主妇,21,5
药店-桐君阁仁秀店,药店,2026-04-28,19,退休老人,34,2
药店-桐君阁仁秀店,药店,2026-04-28,19,中青年,30,4
药店-桐君阁仁秀店,药店,2026-04-28,19,上班族,26,4
药店-桐君阁仁秀店,药店,2026-04-28,19,学生,22,1
药店-桐君阁仁秀店,药店,2026-04-28,20,家庭主妇,20,2
药店-桐君阁仁秀店,药店,2026-04-28,20,退休老人,13,0
药店-桐君阁仁秀店,药店,2026-04-28,20,中青年,19,2
药店-桐君阁仁秀店,药店,2026-04-28,20,上班族,16,1
药店-桐君阁仁秀店,药店,2026-04-28,20,学生,14,0
药店-桐君阁仁秀店,药店,2026-04-28,21,家庭主妇,15,3
药店-桐君阁仁秀店,药店,2026-04-28,21,退休老人,11,0
药店-桐君阁仁秀店,药店,2026-04-28,21,中青年,14,1
药店-桐君阁仁秀店,药店,2026-04-28,21,上班族,10,1
药店-桐君阁仁秀店,药店,2026-04-28,21,学生,8,0
药店-桐君阁仁秀店,药店,2026-04-28,22,家庭主妇,10,0
药店-桐君阁仁秀店,药店,2026-04-28,22,退休老人,17,0
药店-桐君阁仁秀店,药店,2026-04-28,22,中青年,16,0
药店-桐君阁仁秀店,药店,2026-04-28,22,上班族,11,0
药店-桐君阁仁秀店,药店,2026-04-28,22,学生,0,0
药店-桐君阁仁秀店,药店,2026-04-28,23,家庭主妇,0,0
药店-桐君阁仁秀店,药店,2026-04-28,23,退休老人,0,0
药店-桐君阁仁秀店,药店,2026-04-28,23,中青年,0,0
药店-桐君阁仁秀店,药店,2026-04-28,23,上班族,0,0
药店-桐君阁仁秀店,药店,2026-04-28,23,学生,0,0
药店-桐君阁仁秀店,药店,2026-04-29,0,家庭主妇,3,0
药店-桐君阁仁秀店,药店,2026-04-29,0,退休老人,2,0
药店-桐君阁仁秀店,药店,2026-04-29,0,中青年,3,0
药店-桐君阁仁秀店,药店,2026-04-29,0,上班族,3,0
药店-桐君阁仁秀店,药店,2026-04-29,0,学生,0,0
药店-桐君阁仁秀店,药店,2026-04-29,1,家庭主妇,3,0
药店-桐君阁仁秀店,药店,2026-04-29,1,退休老人,7,0
药店-桐君阁仁秀店,药店,2026-04-29,1,中青年,5,0
药店-桐君阁仁秀店,药店,2026-04-29,1,上班族,3,0
药店-桐君阁仁秀店,药店,2026-04-29,1,学生,0,0
药店-桐君阁仁秀店,药店,2026-04-29,2,家庭主妇,4,0
药店-桐君阁仁秀店,药店,2026-04-29,2,退休老人,1,0
药店-桐君阁仁秀店,药店,2026-04-29,2,中青年,5,0
药店-桐君阁仁秀店,药店,2026-04-29,2,上班族,2,0
药店-桐君阁仁秀店,药店,2026-04-29,2,学生,0,0
药店-桐君阁仁秀店,药店,2026-04-29,3,家庭主妇,5,0
药店-桐君阁仁秀店,药店,2026-04-29,3,退休老人,2,0
药店-桐君阁仁秀店,药店,2026-04-29,3,中青年,6,0
药店-桐君阁仁秀店,药店,2026-04-29,3,上班族,8,0
药店-桐君阁仁秀店,药店,2026-04-29,3,学生,0,0
药店-桐君阁仁秀店,药店,2026-04-29,4,家庭主妇,3,0
药店-桐君阁仁秀店,药店,2026-04-29,4,退休老人,0,0
药店-桐君阁仁秀店,药店,2026-04-29,4,中青年,0,0
药店-桐君阁仁秀店,药店,2026-04-29,4,上班族,18,0
药店-桐君阁仁秀店,药店,2026-04-29,4,学生,0,0
药店-桐君阁仁秀店,药店,2026-04-29,5,家庭主妇,8,0
药店-桐君阁仁秀店,药店,2026-04-29,5,退休老人,0,0
药店-桐君阁仁秀店,药店,2026-04-29,5,中青年,7,0
药店-桐君阁仁秀店,药店,2026-04-29,5,上班族,8,0
药店-桐君阁仁秀店,药店,2026-04-29,5,学生,0,0
药店-桐君阁仁秀店,药店,2026-04-29,6,家庭主妇,20,0
药店-桐君阁仁秀店,药店,2026-04-29,6,退休老人,19,0
药店-桐君阁仁秀店,药店,2026-04-29,6,中青年,16,0
药店-桐君阁仁秀店,药店,2026-04-29,6,上班族,15,0
药店-桐君阁仁秀店,药店,2026-04-29,6,学生,23,0
药店-桐君阁仁秀店,药店,2026-04-29,7,家庭主妇,33,0
药店-桐君阁仁秀店,药店,2026-04-29,7,退休老人,34,0
药店-桐君阁仁秀店,药店,2026-04-29,7,中青年,37,0
药店-桐君阁仁秀店,药店,2026-04-29,7,上班族,38,0
药店-桐君阁仁秀店,药店,2026-04-29,7,学生,43,0
药店-桐君阁仁秀店,药店,2026-04-29,8,家庭主妇,61,5
药店-桐君阁仁秀店,药店,2026-04-29,8,退休老人,58,0
药店-桐君阁仁秀店,药店,2026-04-29,8,中青年,62,1
药店-桐君阁仁秀店,药店,2026-04-29,8,上班族,48,9
药店-桐君阁仁秀店,药店,2026-04-29,8,学生,35,0
药店-桐君阁仁秀店,药店,2026-04-29,9,家庭主妇,67,11
药店-桐君阁仁秀店,药店,2026-04-29,9,退休老人,66,1
药店-桐君阁仁秀店,药店,2026-04-29,9,中青年,57,3
药店-桐君阁仁秀店,药店,2026-04-29,9,上班族,75,5
药店-桐君阁仁秀店,药店,2026-04-29,9,学生,40,0
药店-桐君阁仁秀店,药店,2026-04-29,10,家庭主妇,70,11
药店-桐君阁仁秀店,药店,2026-04-29,10,退休老人,71,3
药店-桐君阁仁秀店,药店,2026-04-29,10,中青年,56,5
药店-桐君阁仁秀店,药店,2026-04-29,10,上班族,72,6
药店-桐君阁仁秀店,药店,2026-04-29,10,学生,67,1
药店-桐君阁仁秀店,药店,2026-04-29,11,家庭主妇,55,3
药店-桐君阁仁秀店,药店,2026-04-29,11,退休老人,56,0
药店-桐君阁仁秀店,药店,2026-04-29,11,中青年,55,2
药店-桐君阁仁秀店,药店,2026-04-29,11,上班族,58,6
药店-桐君阁仁秀店,药店,2026-04-29,11,学生,33,0
药店-桐君阁仁秀店,药店,2026-04-29,12,家庭主妇,46,2
药店-桐君阁仁秀店,药店,2026-04-29,12,退休老人,40,1
药店-桐君阁仁秀店,药店,2026-04-29,12,中青年,36,0
药店-桐君阁仁秀店,药店,2026-04-29,12,上班族,47,6
药店-桐君阁仁秀店,药店,2026-04-29,12,学生,48,0
药店-桐君阁仁秀店,药店,2026-04-29,13,家庭主妇,41,9
药店-桐君阁仁秀店,药店,2026-04-29,13,退休老人,36,2
药店-桐君阁仁秀店,药店,2026-04-29,13,中青年,42,2
药店-桐君阁仁秀店,药店,2026-04-29,13,上班族,38,0
药店-桐君阁仁秀店,药店,2026-04-29,13,学生,42,0
药店-桐君阁仁秀店,药店,2026-04-29,14,家庭主妇,52,6
药店-桐君阁仁秀店,药店,2026-04-29,14,退休老人,37,0
药店-桐君阁仁秀店,药店,2026-04-29,14,中青年,36,0
药店-桐君阁仁秀店,药店,2026-04-29,14,上班族,34,3
药店-桐君阁仁秀店,药店,2026-04-29,14,学生,34,2
药店-桐君阁仁秀店,药店,2026-04-29,15,家庭主妇,46,5
药店-桐君阁仁秀店,药店,2026-04-29,15,退休老人,53,0
药店-桐君阁仁秀店,药店,2026-04-29,15,中青年,38,2
药店-桐君阁仁秀店,药店,2026-04-29,15,上班族,57,2
药店-桐君阁仁秀店,药店,2026-04-29,15,学生,47,0
药店-桐君阁仁秀店,药店,2026-04-29,16,家庭主妇,57,3
药店-桐君阁仁秀店,药店,2026-04-29,16,退休老人,50,0
药店-桐君阁仁秀店,药店,2026-04-29,16,中青年,52,3
药店-桐君阁仁秀店,药店,2026-04-29,16,上班族,57,0
药店-桐君阁仁秀店,药店,2026-04-29,16,学生,34,0
药店-桐君阁仁秀店,药店,2026-04-29,17,家庭主妇,67,6
药店-桐君阁仁秀店,药店,2026-04-29,17,退休老人,83,2
药店-桐君阁仁秀店,药店,2026-04-29,17,中青年,77,3
药店-桐君阁仁秀店,药店,2026-04-29,17,上班族,77,5
药店-桐君阁仁秀店,药店,2026-04-29,17,学生,60,2
药店-桐君阁仁秀店,药店,2026-04-29,18,家庭主妇,75,2
药店-桐君阁仁秀店,药店,2026-04-29,18,退休老人,83,1
药店-桐君阁仁秀店,药店,2026-04-29,18,中青年,88,1
药店-桐君阁仁秀店,药店,2026-04-29,18,上班族,81,9
药店-桐君阁仁秀店,药店,2026-04-29,18,学生,64,0
药店-桐君阁仁秀店,药店,2026-04-29,19,家庭主妇,87,5
药店-桐君阁仁秀店,药店,2026-04-29,19,退休老人,100,2
药店-桐君阁仁秀店,药店,2026-04-29,19,中青年,93,7
药店-桐君阁仁秀店,药店,2026-04-29,19,上班族,99,3
药店-桐君阁仁秀店,药店,2026-04-29,19,学生,99,1
药店-桐君阁仁秀店,药店,2026-04-29,20,家庭主妇,71,8
药店-桐君阁仁秀店,药店,2026-04-29,20,退休老人,79,0
药店-桐君阁仁秀店,药店,2026-04-29,20,中青年,91,6
药店-桐君阁仁秀店,药店,2026-04-29,20,上班族,66,2
药店-桐君阁仁秀店,药店,2026-04-29,20,学生,76,0
药店-桐君阁仁秀店,药店,2026-04-29,21,家庭主妇,44,2
药店-桐君阁仁秀店,药店,2026-04-29,21,退休老人,55,0
药店-桐君阁仁秀店,药店,2026-04-29,21,中青年,56,3
药店-桐君阁仁秀店,药店,2026-04-29,21,上班族,51,1
药店-桐君阁仁秀店,药店,2026-04-29,21,学生,37,0
药店-桐君阁仁秀店,药店,2026-04-29,22,家庭主妇,19,0
药店-桐君阁仁秀店,药店,2026-04-29,22,退休老人,14,0
药店-桐君阁仁秀店,药店,2026-04-29,22,中青年,23,0
药店-桐君阁仁秀店,药店,2026-04-29,22,上班族,21,0
药店-桐君阁仁秀店,药店,2026-04-29,22,学生,15,0
药店-桐君阁仁秀店,药店,2026-04-29,23,家庭主妇,9,0
药店-桐君阁仁秀店,药店,2026-04-29,23,退休老人,14,0
药店-桐君阁仁秀店,药店,2026-04-29,23,中青年,15,0
药店-桐君阁仁秀店,药店,2026-04-29,23,上班族,6,0
药店-桐君阁仁秀店,药店,2026-04-29,23,学生,9,0
药店-桐君阁仁秀店,药店,2026-04-30,0,家庭主妇,5,0
药店-桐君阁仁秀店,药店,2026-04-30,0,退休老人,8,0
药店-桐君阁仁秀店,药店,2026-04-30,0,中青年,7,0
药店-桐君阁仁秀店,药店,2026-04-30,0,上班族,7,0
药店-桐君阁仁秀店,药店,2026-04-30,0,学生,9,0
药店-桐君阁仁秀店,药店,2026-04-30,1,家庭主妇,6,0
药店-桐君阁仁秀店,药店,2026-04-30,1,退休老人,4,0
药店-桐君阁仁秀店,药店,2026-04-30,1,中青年,8,0
药店-桐君阁仁秀店,药店,2026-04-30,1,上班族,2,0
药店-桐君阁仁秀店,药店,2026-04-30,1,学生,3,0
药店-桐君阁仁秀店,药店,2026-04-30,2,家庭主妇,4,0
药店-桐君阁仁秀店,药店,2026-04-30,2,退休老人,7,0
药店-桐君阁仁秀店,药店,2026-04-30,2,中青年,5,0
药店-桐君阁仁秀店,药店,2026-04-30,2,上班族,8,0
药店-桐君阁仁秀店,药店,2026-04-30,2,学生,3,0
药店-桐君阁仁秀店,药店,2026-04-30,3,家庭主妇,4,0
药店-桐君阁仁秀店,药店,2026-04-30,3,退休老人,4,0
药店-桐君阁仁秀店,药店,2026-04-30,3,中青年,1,0
药店-桐君阁仁秀店,药店,2026-04-30,3,上班族,3,0
药店-桐君阁仁秀店,药店,2026-04-30,3,学生,2,0
药店-桐君阁仁秀店,药店,2026-04-30,4,家庭主妇,2,0
药店-桐君阁仁秀店,药店,2026-04-30,4,退休老人,4,0
药店-桐君阁仁秀店,药店,2026-04-30,4,中青年,1,0
药店-桐君阁仁秀店,药店,2026-04-30,4,上班族,3,0
药店-桐君阁仁秀店,药店,2026-04-30,4,学生,4,0
药店-桐君阁仁秀店,药店,2026-04-30,5,家庭主妇,3,0
药店-桐君阁仁秀店,药店,2026-04-30,5,退休老人,2,0
药店-桐君阁仁秀店,药店,2026-04-30,5,中青年,2,0
药店-桐君阁仁秀店,药店,2026-04-30,5,上班族,4,0
药店-桐君阁仁秀店,药店,2026-04-30,5,学生,3,0
药店-桐君阁仁秀店,药店,2026-04-30,6,家庭主妇,16,0
药店-桐君阁仁秀店,药店,2026-04-30,6,退休老人,13,0
药店-桐君阁仁秀店,药店,2026-04-30,6,中青年,26,0
药店-桐君阁仁秀店,药店,2026-04-30,6,上班族,15,0
药店-桐君阁仁秀店,药店,2026-04-30,6,学生,13,0
药店-桐君阁仁秀店,药店,2026-04-30,7,家庭主妇,47,0
药店-桐君阁仁秀店,药店,2026-04-30,7,退休老人,60,0
药店-桐君阁仁秀店,药店,2026-04-30,7,中青年,55,0
药店-桐君阁仁秀店,药店,2026-04-30,7,上班族,47,0
药店-桐君阁仁秀店,药店,2026-04-30,7,学生,53,0
药店-桐君阁仁秀店,药店,2026-04-30,8,家庭主妇,74,2
药店-桐君阁仁秀店,药店,2026-04-30,8,退休老人,73,0
药店-桐君阁仁秀店,药店,2026-04-30,8,中青年,75,0
药店-桐君阁仁秀店,药店,2026-04-30,8,上班族,64,4
药店-桐君阁仁秀店,药店,2026-04-30,8,学生,68,0
药店-桐君阁仁秀店,药店,2026-04-30,9,家庭主妇,82,3
药店-桐君阁仁秀店,药店,2026-04-30,9,退休老人,78,0
药店-桐君阁仁秀店,药店,2026-04-30,9,中青年,73,3
药店-桐君阁仁秀店,药店,2026-04-30,9,上班族,59,2
药店-桐君阁仁秀店,药店,2026-04-30,9,学生,70,0
药店-桐君阁仁秀店,药店,2026-04-30,10,家庭主妇,62,6
药店-桐君阁仁秀店,药店,2026-04-30,10,退休老人,57,1
药店-桐君阁仁秀店,药店,2026-04-30,10,中青年,56,1
药店-桐君阁仁秀店,药店,2026-04-30,10,上班族,74,0
药店-桐君阁仁秀店,药店,2026-04-30,10,学生,70,0
药店-桐君阁仁秀店,药店,2026-04-30,11,家庭主妇,55,3
药店-桐君阁仁秀店,药店,2026-04-30,11,退休老人,51,1
药店-桐君阁仁秀店,药店,2026-04-30,11,中青年,43,1
药店-桐君阁仁秀店,药店,2026-04-30,11,上班族,44,3
药店-桐君阁仁秀店,药店,2026-04-30,11,学生,50,0
药店-桐君阁仁秀店,药店,2026-04-30,12,家庭主妇,47,0
药店-桐君阁仁秀店,药店,2026-04-30,12,退休老人,32,0
药店-桐君阁仁秀店,药店,2026-04-30,12,中青年,40,0
药店-桐君阁仁秀店,药店,2026-04-30,12,上班族,31,3
药店-桐君阁仁秀店,药店,2026-04-30,12,学生,30,0
药店-桐君阁仁秀店,药店,2026-04-30,13,家庭主妇,23,3
药店-桐君阁仁秀店,药店,2026-04-30,13,退休老人,17,0
药店-桐君阁仁秀店,药店,2026-04-30,13,中青年,21,1
药店-桐君阁仁秀店,药店,2026-04-30,13,上班族,20,1
药店-桐君阁仁秀店,药店,2026-04-30,13,学生,12,0
药店-桐君阁仁秀店,药店,2026-04-30,14,家庭主妇,33,1
药店-桐君阁仁秀店,药店,2026-04-30,14,退休老人,28,1
药店-桐君阁仁秀店,药店,2026-04-30,14,中青年,37,3
药店-桐君阁仁秀店,药店,2026-04-30,14,上班族,37,1
药店-桐君阁仁秀店,药店,2026-04-30,14,学生,28,1
药店-桐君阁仁秀店,药店,2026-04-30,15,家庭主妇,50,7
药店-桐君阁仁秀店,药店,2026-04-30,15,退休老人,49,0
药店-桐君阁仁秀店,药店,2026-04-30,15,中青年,49,3
药店-桐君阁仁秀店,药店,2026-04-30,15,上班族,37,1
药店-桐君阁仁秀店,药店,2026-04-30,15,学生,37,2
药店-桐君阁仁秀店,药店,2026-04-30,16,家庭主妇,36,3
药店-桐君阁仁秀店,药店,2026-04-30,16,退休老人,45,0
药店-桐君阁仁秀店,药店,2026-04-30,16,中青年,57,5
药店-桐君阁仁秀店,药店,2026-04-30,16,上班族,61,1
药店-桐君阁仁秀店,药店,2026-04-30,16,学生,46,0
药店-桐君阁仁秀店,药店,2026-04-30,17,家庭主妇,75,4
药店-桐君阁仁秀店,药店,2026-04-30,17,退休老人,66,0
药店-桐君阁仁秀店,药店,2026-04-30,17,中青年,65,1
药店-桐君阁仁秀店,药店,2026-04-30,17,上班族,54,4
药店-桐君阁仁秀店,药店,2026-04-30,17,学生,58,0
药店-桐君阁仁秀店,药店,2026-04-30,18,家庭主妇,77,0
药店-桐君阁仁秀店,药店,2026-04-30,18,退休老人,82,2
药店-桐君阁仁秀店,药店,2026-04-30,18,中青年,91,1
药店-桐君阁仁秀店,药店,2026-04-30,18,上班族,104,9
药店-桐君阁仁秀店,药店,2026-04-30,18,学生,79,4
药店-桐君阁仁秀店,药店,2026-04-30,19,家庭主妇,99,8
药店-桐君阁仁秀店,药店,2026-04-30,19,退休老人,78,0
药店-桐君阁仁秀店,药店,2026-04-30,19,中青年,82,5
药店-桐君阁仁秀店,药店,2026-04-30,19,上班族,101,4
药店-桐君阁仁秀店,药店,2026-04-30,19,学生,89,0
药店-桐君阁仁秀店,药店,2026-04-30,20,家庭主妇,88,9
药店-桐君阁仁秀店,药店,2026-04-30,20,退休老人,96,1
药店-桐君阁仁秀店,药店,2026-04-30,20,中青年,92,4
药店-桐君阁仁秀店,药店,2026-04-30,20,上班族,86,2
药店-桐君阁仁秀店,药店,2026-04-30,20,学生,83,6
药店-桐君阁仁秀店,药店,2026-04-30,21,家庭主妇,65,5
药店-桐君阁仁秀店,药店,2026-04-30,21,退休老人,62,0
药店-桐君阁仁秀店,药店,2026-04-30,21,中青年,71,8
药店-桐君阁仁秀店,药店,2026-04-30,21,上班族,56,3
药店-桐君阁仁秀店,药店,2026-04-30,21,学生,51,1
药店-桐君阁仁秀店,药店,2026-04-30,22,家庭主妇,35,1
药店-桐君阁仁秀店,药店,2026-04-30,22,退休老人,28,0
药店-桐君阁仁秀店,药店,2026-04-30,22,中青年,26,3
药店-桐君阁仁秀店,药店,2026-04-30,22,上班族,29,1
药店-桐君阁仁秀店,药店,2026-04-30,22,学生,35,1
药店-桐君阁仁秀店,药店,2026-04-30,23,家庭主妇,0,0
药店-桐君阁仁秀店,药店,2026-04-30,23,退休老人,0,0
药店-桐君阁仁秀店,药店,2026-04-30,23,中青年,0,0
药店-桐君阁仁秀店,药店,2026-04-30,23,上班族,0,0
药店-桐君阁仁秀店,药店,2026-04-30,23,学生,0,0
药店-桐君阁启航店,药店,2026-03-27,0,家庭主妇,6,0
药店-桐君阁启航店,药店,2026-03-27,0,退休老人,3,0
药店-桐君阁启航店,药店,2026-03-27,0,中青年,2,0
药店-桐君阁启航店,药店,2026-03-27,0,上班族,5,0
药店-桐君阁启航店,药店,2026-03-27,0,学生,2,0
药店-桐君阁启航店,药店,2026-03-27,1,家庭主妇,4,0
药店-桐君阁启航店,药店,2026-03-27,1,退休老人,10,0
药店-桐君阁启航店,药店,2026-03-27,1,中青年,5,0
药店-桐君阁启航店,药店,2026-03-27,1,上班族,7,0
药店-桐君阁启航店,药店,2026-03-27,1,学生,1,0
药店-桐君阁启航店,药店,2026-03-27,2,家庭主妇,2,0
药店-桐君阁启航店,药店,2026-03-27,2,退休老人,0,0
药店-桐君阁启航店,药店,2026-03-27,2,中青年,0,0
药店-桐君阁启航店,药店,2026-03-27,2,上班族,1,0
药店-桐君阁启航店,药店,2026-03-27,2,学生,0,0
药店-桐君阁启航店,药店,2026-03-27,3,家庭主妇,0,0
药店-桐君阁启航店,药店,2026-03-27,3,退休老人,0,0
药店-桐君阁启航店,药店,2026-03-27,3,中青年,2,0
药店-桐君阁启航店,药店,2026-03-27,3,上班族,0,0
药店-桐君阁启航店,药店,2026-03-27,3,学生,0,0
药店-桐君阁启航店,药店,2026-03-27,4,家庭主妇,3,0
药店-桐君阁启航店,药店,2026-03-27,4,退休老人,2,0
药店-桐君阁启航店,药店,2026-03-27,4,中青年,1,0
药店-桐君阁启航店,药店,2026-03-27,4,上班族,0,0
药店-桐君阁启航店,药店,2026-03-27,4,学生,2,0
药店-桐君阁启航店,药店,2026-03-27,5,家庭主妇,3,0
药店-桐君阁启航店,药店,2026-03-27,5,退休老人,4,0
药店-桐君阁启航店,药店,2026-03-27,5,中青年,4,0
药店-桐君阁启航店,药店,2026-03-27,5,上班族,4,0
药店-桐君阁启航店,药店,2026-03-27,5,学生,6,0
药店-桐君阁启航店,药店,2026-03-27,6,家庭主妇,34,0
药店-桐君阁启航店,药店,2026-03-27,6,退休老人,34,0
药店-桐君阁启航店,药店,2026-03-27,6,中青年,24,0
药店-桐君阁启航店,药店,2026-03-27,6,上班族,33,0
药店-桐君阁启航店,药店,2026-03-27,6,学生,31,0
药店-桐君阁启航店,药店,2026-03-27,7,家庭主妇,138,0
药店-桐君阁启航店,药店,2026-03-27,7,退休老人,169,0
药店-桐君阁启航店,药店,2026-03-27,7,中青年,152,0
药店-桐君阁启航店,药店,2026-03-27,7,上班族,157,1
药店-桐君阁启航店,药店,2026-03-27,7,学生,171,0
药店-桐君阁启航店,药店,2026-03-27,8,家庭主妇,149,2
药店-桐君阁启航店,药店,2026-03-27,8,退休老人,143,0
药店-桐君阁启航店,药店,2026-03-27,8,中青年,146,0
药店-桐君阁启航店,药店,2026-03-27,8,上班族,150,0
药店-桐君阁启航店,药店,2026-03-27,8,学生,138,0
药店-桐君阁启航店,药店,2026-03-27,9,家庭主妇,125,8
药店-桐君阁启航店,药店,2026-03-27,9,退休老人,136,0
药店-桐君阁启航店,药店,2026-03-27,9,中青年,145,1
药店-桐君阁启航店,药店,2026-03-27,9,上班族,142,1
药店-桐君阁启航店,药店,2026-03-27,9,学生,144,0
药店-桐君阁启航店,药店,2026-03-27,10,家庭主妇,105,4
药店-桐君阁启航店,药店,2026-03-27,10,退休老人,92,0
药店-桐君阁启航店,药店,2026-03-27,10,中青年,101,0
药店-桐君阁启航店,药店,2026-03-27,10,上班族,96,0
药店-桐君阁启航店,药店,2026-03-27,10,学生,101,0
药店-桐君阁启航店,药店,2026-03-27,11,家庭主妇,61,0
药店-桐君阁启航店,药店,2026-03-27,11,退休老人,56,1
药店-桐君阁启航店,药店,2026-03-27,11,中青年,64,0
药店-桐君阁启航店,药店,2026-03-27,11,上班族,46,2
药店-桐君阁启航店,药店,2026-03-27,11,学生,60,0
药店-桐君阁启航店,药店,2026-03-27,12,家庭主妇,70,0
药店-桐君阁启航店,药店,2026-03-27,12,退休老人,70,0
药店-桐君阁启航店,药店,2026-03-27,12,中青年,73,1
药店-桐君阁启航店,药店,2026-03-27,12,上班族,58,2
药店-桐君阁启航店,药店,2026-03-27,12,学生,61,0
药店-桐君阁启航店,药店,2026-03-27,13,家庭主妇,53,1
药店-桐君阁启航店,药店,2026-03-27,13,退休老人,53,0
药店-桐君阁启航店,药店,2026-03-27,13,中青年,45,0
药店-桐君阁启航店,药店,2026-03-27,13,上班族,46,0
药店-桐君阁启航店,药店,2026-03-27,13,学生,45,0
药店-桐君阁启航店,药店,2026-03-27,14,家庭主妇,55,2
药店-桐君阁启航店,药店,2026-03-27,14,退休老人,52,1
药店-桐君阁启航店,药店,2026-03-27,14,中青年,56,0
药店-桐君阁启航店,药店,2026-03-27,14,上班族,50,1
药店-桐君阁启航店,药店,2026-03-27,14,学生,51,0
药店-桐君阁启航店,药店,2026-03-27,15,家庭主妇,334,1
药店-桐君阁启航店,药店,2026-03-27,15,退休老人,322,0
药店-桐君阁启航店,药店,2026-03-27,15,中青年,258,1
药店-桐君阁启航店,药店,2026-03-27,15,上班族,303,0
药店-桐君阁启航店,药店,2026-03-27,15,学生,309,0
药店-桐君阁启航店,药店,2026-03-27,16,家庭主妇,173,3
药店-桐君阁启航店,药店,2026-03-27,16,退休老人,166,2
药店-桐君阁启航店,药店,2026-03-27,16,中青年,199,1
药店-桐君阁启航店,药店,2026-03-27,16,上班族,184,0
药店-桐君阁启航店,药店,2026-03-27,16,学生,154,0
药店-桐君阁启航店,药店,2026-03-27,17,家庭主妇,115,2
药店-桐君阁启航店,药店,2026-03-27,17,退休老人,124,0
药店-桐君阁启航店,药店,2026-03-27,17,中青年,125,3
药店-桐君阁启航店,药店,2026-03-27,17,上班族,116,1
药店-桐君阁启航店,药店,2026-03-27,17,学生,112,0
药店-桐君阁启航店,药店,2026-03-27,18,家庭主妇,112,1
药店-桐君阁启航店,药店,2026-03-27,18,退休老人,121,0
药店-桐君阁启航店,药店,2026-03-27,18,中青年,119,1
药店-桐君阁启航店,药店,2026-03-27,18,上班族,104,6
药店-桐君阁启航店,药店,2026-03-27,18,学生,134,0
药店-桐君阁启航店,药店,2026-03-27,19,家庭主妇,76,7
药店-桐君阁启航店,药店,2026-03-27,19,退休老人,84,1
药店-桐君阁启航店,药店,2026-03-27,19,中青年,79,2
药店-桐君阁启航店,药店,2026-03-27,19,上班族,87,2
药店-桐君阁启航店,药店,2026-03-27,19,学生,80,0
药店-桐君阁启航店,药店,2026-03-27,20,家庭主妇,69,4
药店-桐君阁启航店,药店,2026-03-27,20,退休老人,60,0
药店-桐君阁启航店,药店,2026-03-27,20,中青年,58,1
药店-桐君阁启航店,药店,2026-03-27,20,上班族,62,0
药店-桐君阁启航店,药店,2026-03-27,20,学生,65,0
药店-桐君阁启航店,药店,2026-03-27,21,家庭主妇,35,2
药店-桐君阁启航店,药店,2026-03-27,21,退休老人,46,0
药店-桐君阁启航店,药店,2026-03-27,21,中青年,42,1
药店-桐君阁启航店,药店,2026-03-27,21,上班族,42,0
药店-桐君阁启航店,药店,2026-03-27,21,学生,48,0
药店-桐君阁启航店,药店,2026-03-27,22,家庭主妇,21,0
药店-桐君阁启航店,药店,2026-03-27,22,退休老人,16,0
药店-桐君阁启航店,药店,2026-03-27,22,中青年,14,0
药店-桐君阁启航店,药店,2026-03-27,22,上班族,15,0
药店-桐君阁启航店,药店,2026-03-27,22,学生,15,0
药店-桐君阁启航店,药店,2026-03-27,23,家庭主妇,0,0
药店-桐君阁启航店,药店,2026-03-27,23,退休老人,0,0
药店-桐君阁启航店,药店,2026-03-27,23,中青年,0,0
药店-桐君阁启航店,药店,2026-03-27,23,上班族,0,0
药店-桐君阁启航店,药店,2026-03-27,23,学生,0,0
药店-桐君阁启航店,药店,2026-03-28,0,家庭主妇,6,0
药店-桐君阁启航店,药店,2026-03-28,0,退休老人,4,0
药店-桐君阁启航店,药店,2026-03-28,0,中青年,6,0
药店-桐君阁启航店,药店,2026-03-28,0,上班族,4,0
药店-桐君阁启航店,药店,2026-03-28,0,学生,12,0
药店-桐君阁启航店,药店,2026-03-28,1,家庭主妇,3,0
药店-桐君阁启航店,药店,2026-03-28,1,退休老人,3,0
药店-桐君阁启航店,药店,2026-03-28,1,中青年,5,0
药店-桐君阁启航店,药店,2026-03-28,1,上班族,3,0
药店-桐君阁启航店,药店,2026-03-28,1,学生,4,0
药店-桐君阁启航店,药店,2026-03-28,2,家庭主妇,2,0
药店-桐君阁启航店,药店,2026-03-28,2,退休老人,1,0
药店-桐君阁启航店,药店,2026-03-28,2,中青年,0,0
药店-桐君阁启航店,药店,2026-03-28,2,上班族,1,0
药店-桐君阁启航店,药店,2026-03-28,2,学生,1,0
药店-桐君阁启航店,药店,2026-03-28,3,家庭主妇,2,0
药店-桐君阁启航店,药店,2026-03-28,3,退休老人,3,0
药店-桐君阁启航店,药店,2026-03-28,3,中青年,3,0
药店-桐君阁启航店,药店,2026-03-28,3,上班族,2,0
药店-桐君阁启航店,药店,2026-03-28,3,学生,0,0
药店-桐君阁启航店,药店,2026-03-28,4,家庭主妇,1,0
药店-桐君阁启航店,药店,2026-03-28,4,退休老人,0,0
药店-桐君阁启航店,药店,2026-03-28,4,中青年,0,0
药店-桐君阁启航店,药店,2026-03-28,4,上班族,0,0
药店-桐君阁启航店,药店,2026-03-28,4,学生,0,0
药店-桐君阁启航店,药店,2026-03-28,5,家庭主妇,9,0
药店-桐君阁启航店,药店,2026-03-28,5,退休老人,4,0
药店-桐君阁启航店,药店,2026-03-28,5,中青年,3,0
药店-桐君阁启航店,药店,2026-03-28,5,上班族,5,0
药店-桐君阁启航店,药店,2026-03-28,5,学生,3,0
药店-桐君阁启航店,药店,2026-03-28,6,家庭主妇,17,0
药店-桐君阁启航店,药店,2026-03-28,6,退休老人,17,0
药店-桐君阁启航店,药店,2026-03-28,6,中青年,15,0
药店-桐君阁启航店,药店,2026-03-28,6,上班族,17,0
药店-桐君阁启航店,药店,2026-03-28,6,学生,23,0
药店-桐君阁启航店,药店,2026-03-28,7,家庭主妇,44,0
药店-桐君阁启航店,药店,2026-03-28,7,退休老人,38,0
药店-桐君阁启航店,药店,2026-03-28,7,中青年,63,0
药店-桐君阁启航店,药店,2026-03-28,7,上班族,50,0
药店-桐君阁启航店,药店,2026-03-28,7,学生,37,0
药店-桐君阁启航店,药店,2026-03-28,8,家庭主妇,97,1
药店-桐君阁启航店,药店,2026-03-28,8,退休老人,102,0
药店-桐君阁启航店,药店,2026-03-28,8,中青年,107,0
药店-桐君阁启航店,药店,2026-03-28,8,上班族,95,0
药店-桐君阁启航店,药店,2026-03-28,8,学生,85,0
药店-桐君阁启航店,药店,2026-03-28,9,家庭主妇,105,1
药店-桐君阁启航店,药店,2026-03-28,9,退休老人,113,0
药店-桐君阁启航店,药店,2026-03-28,9,中青年,126,1
药店-桐君阁启航店,药店,2026-03-28,9,上班族,118,0
药店-桐君阁启航店,药店,2026-03-28,9,学生,101,0
药店-桐君阁启航店,药店,2026-03-28,10,家庭主妇,72,1
药店-桐君阁启航店,药店,2026-03-28,10,退休老人,95,0
药店-桐君阁启航店,药店,2026-03-28,10,中青年,81,3
药店-桐君阁启航店,药店,2026-03-28,10,上班族,94,1
药店-桐君阁启航店,药店,2026-03-28,10,学生,88,0
药店-桐君阁启航店,药店,2026-03-28,11,家庭主妇,56,0
药店-桐君阁启航店,药店,2026-03-28,11,退休老人,63,0
药店-桐君阁启航店,药店,2026-03-28,11,中青年,68,0
药店-桐君阁启航店,药店,2026-03-28,11,上班族,74,0
药店-桐君阁启航店,药店,2026-03-28,11,学生,68,0
药店-桐君阁启航店,药店,2026-03-28,12,家庭主妇,85,1
药店-桐君阁启航店,药店,2026-03-28,12,退休老人,71,0
药店-桐君阁启航店,药店,2026-03-28,12,中青年,67,0
药店-桐君阁启航店,药店,2026-03-28,12,上班族,67,3
药店-桐君阁启航店,药店,2026-03-28,12,学生,87,0
药店-桐君阁启航店,药店,2026-03-28,13,家庭主妇,88,2
药店-桐君阁启航店,药店,2026-03-28,13,退休老人,80,0
药店-桐君阁启航店,药店,2026-03-28,13,中青年,100,0
药店-桐君阁启航店,药店,2026-03-28,13,上班族,94,0
药店-桐君阁启航店,药店,2026-03-28,13,学生,88,0
药店-桐君阁启航店,药店,2026-03-28,14,家庭主妇,90,1
药店-桐君阁启航店,药店,2026-03-28,14,退休老人,81,0
药店-桐君阁启航店,药店,2026-03-28,14,中青年,71,1
药店-桐君阁启航店,药店,2026-03-28,14,上班族,78,0
药店-桐君阁启航店,药店,2026-03-28,14,学生,75,0
药店-桐君阁启航店,药店,2026-03-28,15,家庭主妇,90,3
药店-桐君阁启航店,药店,2026-03-28,15,退休老人,117,2
药店-桐君阁启航店,药店,2026-03-28,15,中青年,80,0
药店-桐君阁启航店,药店,2026-03-28,15,上班族,92,1
药店-桐君阁启航店,药店,2026-03-28,15,学生,87,0
药店-桐君阁启航店,药店,2026-03-28,16,家庭主妇,106,1
药店-桐君阁启航店,药店,2026-03-28,16,退休老人,104,0
药店-桐君阁启航店,药店,2026-03-28,16,中青年,107,2
药店-桐君阁启航店,药店,2026-03-28,16,上班族,122,2
药店-桐君阁启航店,药店,2026-03-28,16,学生,99,2
药店-桐君阁启航店,药店,2026-03-28,17,家庭主妇,129,3
药店-桐君阁启航店,药店,2026-03-28,17,退休老人,123,0
药店-桐君阁启航店,药店,2026-03-28,17,中青年,130,0
药店-桐君阁启航店,药店,2026-03-28,17,上班族,126,2
药店-桐君阁启航店,药店,2026-03-28,17,学生,121,0
药店-桐君阁启航店,药店,2026-03-28,18,家庭主妇,134,0
药店-桐君阁启航店,药店,2026-03-28,18,退休老人,128,1
药店-桐君阁启航店,药店,2026-03-28,18,中青年,122,0
药店-桐君阁启航店,药店,2026-03-28,18,上班族,121,4
药店-桐君阁启航店,药店,2026-03-28,18,学生,129,0
药店-桐君阁启航店,药店,2026-03-28,19,家庭主妇,108,0
药店-桐君阁启航店,药店,2026-03-28,19,退休老人,109,0
药店-桐君阁启航店,药店,2026-03-28,19,中青年,97,3
药店-桐君阁启航店,药店,2026-03-28,19,上班族,95,1
药店-桐君阁启航店,药店,2026-03-28,19,学生,91,0
药店-桐君阁启航店,药店,2026-03-28,20,家庭主妇,78,2
药店-桐君阁启航店,药店,2026-03-28,20,退休老人,67,0
药店-桐君阁启航店,药店,2026-03-28,20,中青年,60,2
药店-桐君阁启航店,药店,2026-03-28,20,上班族,46,2
药店-桐君阁启航店,药店,2026-03-28,20,学生,60,0
药店-桐君阁启航店,药店,2026-03-28,21,家庭主妇,43,1
药店-桐君阁启航店,药店,2026-03-28,21,退休老人,49,1
药店-桐君阁启航店,药店,2026-03-28,21,中青年,42,0
药店-桐君阁启航店,药店,2026-03-28,21,上班族,40,0
药店-桐君阁启航店,药店,2026-03-28,21,学生,39,0
药店-桐君阁启航店,药店,2026-03-28,22,家庭主妇,26,0
药店-桐君阁启航店,药店,2026-03-28,22,退休老人,36,0
药店-桐君阁启航店,药店,2026-03-28,22,中青年,25,0
药店-桐君阁启航店,药店,2026-03-28,22,上班族,36,0
药店-桐君阁启航店,药店,2026-03-28,22,学生,25,0
药店-桐君阁启航店,药店,2026-03-28,23,家庭主妇,0,0
药店-桐君阁启航店,药店,2026-03-28,23,退休老人,0,0
药店-桐君阁启航店,药店,2026-03-28,23,中青年,0,0
药店-桐君阁启航店,药店,2026-03-28,23,上班族,0,0
药店-桐君阁启航店,药店,2026-03-28,23,学生,0,0
药店-桐君阁启航店,药店,2026-03-29,0,家庭主妇,5,0
药店-桐君阁启航店,药店,2026-03-29,0,退休老人,9,0
药店-桐君阁启航店,药店,2026-03-29,0,中青年,6,0
药店-桐君阁启航店,药店,2026-03-29,0,上班族,5,0
药店-桐君阁启航店,药店,2026-03-29,0,学生,7,0
药店-桐君阁启航店,药店,2026-03-29,1,家庭主妇,2,0
药店-桐君阁启航店,药店,2026-03-29,1,退休老人,3,0
药店-桐君阁启航店,药店,2026-03-29,1,中青年,1,0
药店-桐君阁启航店,药店,2026-03-29,1,上班族,6,0
药店-桐君阁启航店,药店,2026-03-29,1,学生,4,0
药店-桐君阁启航店,药店,2026-03-29,2,家庭主妇,6,0
药店-桐君阁启航店,药店,2026-03-29,2,退休老人,5,0
药店-桐君阁启航店,药店,2026-03-29,2,中青年,2,0
药店-桐君阁启航店,药店,2026-03-29,2,上班族,4,0
药店-桐君阁启航店,药店,2026-03-29,2,学生,2,0
药店-桐君阁启航店,药店,2026-03-29,3,家庭主妇,0,0
药店-桐君阁启航店,药店,2026-03-29,3,退休老人,0,0
药店-桐君阁启航店,药店,2026-03-29,3,中青年,0,0
药店-桐君阁启航店,药店,2026-03-29,3,上班族,1,0
药店-桐君阁启航店,药店,2026-03-29,3,学生,1,0
药店-桐君阁启航店,药店,2026-03-29,4,家庭主妇,1,0
药店-桐君阁启航店,药店,2026-03-29,4,退休老人,1,0
药店-桐君阁启航店,药店,2026-03-29,4,中青年,1,0
药店-桐君阁启航店,药店,2026-03-29,4,上班族,0,0
药店-桐君阁启航店,药店,2026-03-29,4,学生,1,0
药店-桐君阁启航店,药店,2026-03-29,5,家庭主妇,7,0
药店-桐君阁启航店,药店,2026-03-29,5,退休老人,6,0
药店-桐君阁启航店,药店,2026-03-29,5,中青年,5,0
药店-桐君阁启航店,药店,2026-03-29,5,上班族,6,0
药店-桐君阁启航店,药店,2026-03-29,5,学生,4,0
药店-桐君阁启航店,药店,2026-03-29,6,家庭主妇,15,0
药店-桐君阁启航店,药店,2026-03-29,6,退休老人,15,0
药店-桐君阁启航店,药店,2026-03-29,6,中青年,14,0
药店-桐君阁启航店,药店,2026-03-29,6,上班族,20,0
药店-桐君阁启航店,药店,2026-03-29,6,学生,20,0
药店-桐君阁启航店,药店,2026-03-29,7,家庭主妇,61,0
药店-桐君阁启航店,药店,2026-03-29,7,退休老人,70,0
药店-桐君阁启航店,药店,2026-03-29,7,中青年,53,0
药店-桐君阁启航店,药店,2026-03-29,7,上班族,59,1
药店-桐君阁启航店,药店,2026-03-29,7,学生,53,0
药店-桐君阁启航店,药店,2026-03-29,8,家庭主妇,126,1
药店-桐君阁启航店,药店,2026-03-29,8,退休老人,129,1
药店-桐君阁启航店,药店,2026-03-29,8,中青年,111,1
药店-桐君阁启航店,药店,2026-03-29,8,上班族,124,4
药店-桐君阁启航店,药店,2026-03-29,8,学生,114,0
药店-桐君阁启航店,药店,2026-03-29,9,家庭主妇,164,1
药店-桐君阁启航店,药店,2026-03-29,9,退休老人,149,1
药店-桐君阁启航店,药店,2026-03-29,9,中青年,166,2
药店-桐君阁启航店,药店,2026-03-29,9,上班族,165,2
药店-桐君阁启航店,药店,2026-03-29,9,学生,169,1
药店-桐君阁启航店,药店,2026-03-29,10,家庭主妇,144,5
药店-桐君阁启航店,药店,2026-03-29,10,退休老人,166,1
药店-桐君阁启航店,药店,2026-03-29,10,中青年,141,0
药店-桐君阁启航店,药店,2026-03-29,10,上班族,152,3
药店-桐君阁启航店,药店,2026-03-29,10,学生,134,0
药店-桐君阁启航店,药店,2026-03-29,11,家庭主妇,98,1
药店-桐君阁启航店,药店,2026-03-29,11,退休老人,95,1
药店-桐君阁启航店,药店,2026-03-29,11,中青年,94,2
药店-桐君阁启航店,药店,2026-03-29,11,上班族,102,2
药店-桐君阁启航店,药店,2026-03-29,11,学生,79,0
药店-桐君阁启航店,药店,2026-03-29,12,家庭主妇,83,0
药店-桐君阁启航店,药店,2026-03-29,12,退休老人,81,0
药店-桐君阁启航店,药店,2026-03-29,12,中青年,82,0
药店-桐君阁启航店,药店,2026-03-29,12,上班族,101,1
药店-桐君阁启航店,药店,2026-03-29,12,学生,88,0
药店-桐君阁启航店,药店,2026-03-29,13,家庭主妇,74,0
药店-桐君阁启航店,药店,2026-03-29,13,退休老人,86,1
药店-桐君阁启航店,药店,2026-03-29,13,中青年,86,2
药店-桐君阁启航店,药店,2026-03-29,13,上班族,98,0
药店-桐君阁启航店,药店,2026-03-29,13,学生,85,0
药店-桐君阁启航店,药店,2026-03-29,14,家庭主妇,95,2
药店-桐君阁启航店,药店,2026-03-29,14,退休老人,96,0
药店-桐君阁启航店,药店,2026-03-29,14,中青年,96,2
药店-桐君阁启航店,药店,2026-03-29,14,上班族,93,2
药店-桐君阁启航店,药店,2026-03-29,14,学生,93,0
药店-桐君阁启航店,药店,2026-03-29,15,家庭主妇,121,1
药店-桐君阁启航店,药店,2026-03-29,15,退休老人,128,0
药店-桐君阁启航店,药店,2026-03-29,15,中青年,126,1
药店-桐君阁启航店,药店,2026-03-29,15,上班族,128,0
药店-桐君阁启航店,药店,2026-03-29,15,学生,126,0
药店-桐君阁启航店,药店,2026-03-29,16,家庭主妇,169,3
药店-桐君阁启航店,药店,2026-03-29,16,退休老人,189,1
药店-桐君阁启航店,药店,2026-03-29,16,中青年,189,4
药店-桐君阁启航店,药店,2026-03-29,16,上班族,181,0
药店-桐君阁启航店,药店,2026-03-29,16,学生,156,0
药店-桐君阁启航店,药店,2026-03-29,17,家庭主妇,200,0
药店-桐君阁启航店,药店,2026-03-29,17,退休老人,208,0
药店-桐君阁启航店,药店,2026-03-29,17,中青年,200,0
药店-桐君阁启航店,药店,2026-03-29,17,上班族,221,3
药店-桐君阁启航店,药店,2026-03-29,17,学生,227,0
药店-桐君阁启航店,药店,2026-03-29,18,家庭主妇,125,1
药店-桐君阁启航店,药店,2026-03-29,18,退休老人,134,0
药店-桐君阁启航店,药店,2026-03-29,18,中青年,140,0
药店-桐君阁启航店,药店,2026-03-29,18,上班族,125,4
药店-桐君阁启航店,药店,2026-03-29,18,学生,108,1
药店-桐君阁启航店,药店,2026-03-29,19,家庭主妇,132,7
药店-桐君阁启航店,药店,2026-03-29,19,退休老人,125,0
药店-桐君阁启航店,药店,2026-03-29,19,中青年,128,2
药店-桐君阁启航店,药店,2026-03-29,19,上班族,126,0
药店-桐君阁启航店,药店,2026-03-29,19,学生,111,0
药店-桐君阁启航店,药店,2026-03-29,20,家庭主妇,109,4
药店-桐君阁启航店,药店,2026-03-29,20,退休老人,125,0
药店-桐君阁启航店,药店,2026-03-29,20,中青年,112,0
药店-桐君阁启航店,药店,2026-03-29,20,上班族,90,1
药店-桐君阁启航店,药店,2026-03-29,20,学生,93,0
药店-桐君阁启航店,药店,2026-03-29,21,家庭主妇,45,0
药店-桐君阁启航店,药店,2026-03-29,21,退休老人,29,0
药店-桐君阁启航店,药店,2026-03-29,21,中青年,48,0
药店-桐君阁启航店,药店,2026-03-29,21,上班族,39,0
药店-桐君阁启航店,药店,2026-03-29,21,学生,37,0
药店-桐君阁启航店,药店,2026-03-29,22,家庭主妇,21,0
药店-桐君阁启航店,药店,2026-03-29,22,退休老人,17,0
药店-桐君阁启航店,药店,2026-03-29,22,中青年,18,0
药店-桐君阁启航店,药店,2026-03-29,22,上班族,16,0
药店-桐君阁启航店,药店,2026-03-29,22,学生,14,0
药店-桐君阁启航店,药店,2026-03-29,23,家庭主妇,0,0
药店-桐君阁启航店,药店,2026-03-29,23,退休老人,0,0
药店-桐君阁启航店,药店,2026-03-29,23,中青年,0,0
药店-桐君阁启航店,药店,2026-03-29,23,上班族,0,0
药店-桐君阁启航店,药店,2026-03-29,23,学生,0,0
药店-桐君阁启航店,药店,2026-03-30,0,家庭主妇,3,0
药店-桐君阁启航店,药店,2026-03-30,0,退休老人,3,0
药店-桐君阁启航店,药店,2026-03-30,0,中青年,6,0
药店-桐君阁启航店,药店,2026-03-30,0,上班族,3,0
药店-桐君阁启航店,药店,2026-03-30,0,学生,3,0
药店-桐君阁启航店,药店,2026-03-30,1,家庭主妇,2,0
药店-桐君阁启航店,药店,2026-03-30,1,退休老人,6,0
药店-桐君阁启航店,药店,2026-03-30,1,中青年,2,0
药店-桐君阁启航店,药店,2026-03-30,1,上班族,4,0
药店-桐君阁启航店,药店,2026-03-30,1,学生,6,0
药店-桐君阁启航店,药店,2026-03-30,2,家庭主妇,1,0
药店-桐君阁启航店,药店,2026-03-30,2,退休老人,2,0
药店-桐君阁启航店,药店,2026-03-30,2,中青年,2,0
药店-桐君阁启航店,药店,2026-03-30,2,上班族,4,0
药店-桐君阁启航店,药店,2026-03-30,2,学生,3,0
药店-桐君阁启航店,药店,2026-03-30,3,家庭主妇,0,0
药店-桐君阁启航店,药店,2026-03-30,3,退休老人,0,0
药店-桐君阁启航店,药店,2026-03-30,3,中青年,0,0
药店-桐君阁启航店,药店,2026-03-30,3,上班族,0,0
药店-桐君阁启航店,药店,2026-03-30,3,学生,2,0
药店-桐君阁启航店,药店,2026-03-30,4,家庭主妇,1,0
药店-桐君阁启航店,药店,2026-03-30,4,退休老人,1,0
药店-桐君阁启航店,药店,2026-03-30,4,中青年,5,0
药店-桐君阁启航店,药店,2026-03-30,4,上班族,2,0
药店-桐君阁启航店,药店,2026-03-30,4,学生,1,0
药店-桐君阁启航店,药店,2026-03-30,5,家庭主妇,8,0
药店-桐君阁启航店,药店,2026-03-30,5,退休老人,7,0
药店-桐君阁启航店,药店,2026-03-30,5,中青年,7,0
药店-桐君阁启航店,药店,2026-03-30,5,上班族,5,0
药店-桐君阁启航店,药店,2026-03-30,5,学生,9,0
药店-桐君阁启航店,药店,2026-03-30,6,家庭主妇,36,0
药店-桐君阁启航店,药店,2026-03-30,6,退休老人,34,0
药店-桐君阁启航店,药店,2026-03-30,6,中青年,28,0
药店-桐君阁启航店,药店,2026-03-30,6,上班族,24,0
药店-桐君阁启航店,药店,2026-03-30,6,学生,38,0
药店-桐君阁启航店,药店,2026-03-30,7,家庭主妇,162,0
药店-桐君阁启航店,药店,2026-03-30,7,退休老人,142,0
药店-桐君阁启航店,药店,2026-03-30,7,中青年,155,0
药店-桐君阁启航店,药店,2026-03-30,7,上班族,147,0
药店-桐君阁启航店,药店,2026-03-30,7,学生,134,0
药店-桐君阁启航店,药店,2026-03-30,8,家庭主妇,131,2
药店-桐君阁启航店,药店,2026-03-30,8,退休老人,151,0
药店-桐君阁启航店,药店,2026-03-30,8,中青年,127,0
药店-桐君阁启航店,药店,2026-03-30,8,上班族,147,2
药店-桐君阁启航店,药店,2026-03-30,8,学生,148,0
药店-桐君阁启航店,药店,2026-03-30,9,家庭主妇,127,3
药店-桐君阁启航店,药店,2026-03-30,9,退休老人,127,1
药店-桐君阁启航店,药店,2026-03-30,9,中青年,125,1
药店-桐君阁启航店,药店,2026-03-30,9,上班族,124,1
药店-桐君阁启航店,药店,2026-03-30,9,学生,125,0
药店-桐君阁启航店,药店,2026-03-30,10,家庭主妇,84,5
药店-桐君阁启航店,药店,2026-03-30,10,退休老人,106,2
药店-桐君阁启航店,药店,2026-03-30,10,中青年,80,1
药店-桐君阁启航店,药店,2026-03-30,10,上班族,89,0
药店-桐君阁启航店,药店,2026-03-30,10,学生,100,0
药店-桐君阁启航店,药店,2026-03-30,11,家庭主妇,82,3
药店-桐君阁启航店,药店,2026-03-30,11,退休老人,71,0
药店-桐君阁启航店,药店,2026-03-30,11,中青年,58,1
药店-桐君阁启航店,药店,2026-03-30,11,上班族,72,0
药店-桐君阁启航店,药店,2026-03-30,11,学生,55,0
药店-桐君阁启航店,药店,2026-03-30,12,家庭主妇,70,0
药店-桐君阁启航店,药店,2026-03-30,12,退休老人,66,1
药店-桐君阁启航店,药店,2026-03-30,12,中青年,62,0
药店-桐君阁启航店,药店,2026-03-30,12,上班族,69,1
药店-桐君阁启航店,药店,2026-03-30,12,学生,68,0
药店-桐君阁启航店,药店,2026-03-30,13,家庭主妇,59,1
药店-桐君阁启航店,药店,2026-03-30,13,退休老人,60,0
药店-桐君阁启航店,药店,2026-03-30,13,中青年,64,1
药店-桐君阁启航店,药店,2026-03-30,13,上班族,46,1
药店-桐君阁启航店,药店,2026-03-30,13,学生,55,0
药店-桐君阁启航店,药店,2026-03-30,14,家庭主妇,53,1
药店-桐君阁启航店,药店,2026-03-30,14,退休老人,50,0
药店-桐君阁启航店,药店,2026-03-30,14,中青年,42,1
药店-桐君阁启航店,药店,2026-03-30,14,上班族,42,1
药店-桐君阁启航店,药店,2026-03-30,14,学生,56,0
药店-桐君阁启航店,药店,2026-03-30,15,家庭主妇,72,3
药店-桐君阁启航店,药店,2026-03-30,15,退休老人,57,1
药店-桐君阁启航店,药店,2026-03-30,15,中青年,71,1
药店-桐君阁启航店,药店,2026-03-30,15,上班族,73,0
药店-桐君阁启航店,药店,2026-03-30,15,学生,66,0
药店-桐君阁启航店,药店,2026-03-30,16,家庭主妇,141,3
药店-桐君阁启航店,药店,2026-03-30,16,退休老人,119,0
药店-桐君阁启航店,药店,2026-03-30,16,中青年,115,3
药店-桐君阁启航店,药店,2026-03-30,16,上班族,102,1
药店-桐君阁启航店,药店,2026-03-30,16,学生,123,0
药店-桐君阁启航店,药店,2026-03-30,17,家庭主妇,136,1
药店-桐君阁启航店,药店,2026-03-30,17,退休老人,134,1
药店-桐君阁启航店,药店,2026-03-30,17,中青年,117,1
药店-桐君阁启航店,药店,2026-03-30,17,上班族,135,1
药店-桐君阁启航店,药店,2026-03-30,17,学生,106,1
药店-桐君阁启航店,药店,2026-03-30,18,家庭主妇,120,2
药店-桐君阁启航店,药店,2026-03-30,18,退休老人,138,1
药店-桐君阁启航店,药店,2026-03-30,18,中青年,123,0
药店-桐君阁启航店,药店,2026-03-30,18,上班族,132,3
药店-桐君阁启航店,药店,2026-03-30,18,学生,132,1
药店-桐君阁启航店,药店,2026-03-30,19,家庭主妇,125,7
药店-桐君阁启航店,药店,2026-03-30,19,退休老人,129,2
药店-桐君阁启航店,药店,2026-03-30,19,中青年,129,2
药店-桐君阁启航店,药店,2026-03-30,19,上班族,131,2
药店-桐君阁启航店,药店,2026-03-30,19,学生,113,2
药店-桐君阁启航店,药店,2026-03-30,20,家庭主妇,86,3
药店-桐君阁启航店,药店,2026-03-30,20,退休老人,74,0
药店-桐君阁启航店,药店,2026-03-30,20,中青年,85,0
药店-桐君阁启航店,药店,2026-03-30,20,上班族,105,4
药店-桐君阁启航店,药店,2026-03-30,20,学生,94,0
药店-桐君阁启航店,药店,2026-03-30,21,家庭主妇,28,1
药店-桐君阁启航店,药店,2026-03-30,21,退休老人,40,0
药店-桐君阁启航店,药店,2026-03-30,21,中青年,37,1
药店-桐君阁启航店,药店,2026-03-30,21,上班族,34,2
药店-桐君阁启航店,药店,2026-03-30,21,学生,38,0
药店-桐君阁启航店,药店,2026-03-30,22,家庭主妇,13,0
药店-桐君阁启航店,药店,2026-03-30,22,退休老人,9,0
药店-桐君阁启航店,药店,2026-03-30,22,中青年,13,0
药店-桐君阁启航店,药店,2026-03-30,22,上班族,12,0
药店-桐君阁启航店,药店,2026-03-30,22,学生,13,0
药店-桐君阁启航店,药店,2026-03-30,23,家庭主妇,0,0
药店-桐君阁启航店,药店,2026-03-30,23,退休老人,0,0
药店-桐君阁启航店,药店,2026-03-30,23,中青年,0,0
药店-桐君阁启航店,药店,2026-03-30,23,上班族,0,0
药店-桐君阁启航店,药店,2026-03-30,23,学生,0,0
药店-桐君阁启航店,药店,2026-03-31,0,家庭主妇,3,0
药店-桐君阁启航店,药店,2026-03-31,0,退休老人,6,0
药店-桐君阁启航店,药店,2026-03-31,0,中青年,2,0
药店-桐君阁启航店,药店,2026-03-31,0,上班族,4,0
药店-桐君阁启航店,药店,2026-03-31,0,学生,3,0
药店-桐君阁启航店,药店,2026-03-31,1,家庭主妇,3,0
药店-桐君阁启航店,药店,2026-03-31,1,退休老人,3,0
药店-桐君阁启航店,药店,2026-03-31,1,中青年,2,0
药店-桐君阁启航店,药店,2026-03-31,1,上班族,5,0
药店-桐君阁启航店,药店,2026-03-31,1,学生,3,0
药店-桐君阁启航店,药店,2026-03-31,2,家庭主妇,1,0
药店-桐君阁启航店,药店,2026-03-31,2,退休老人,0,0
药店-桐君阁启航店,药店,2026-03-31,2,中青年,1,0
药店-桐君阁启航店,药店,2026-03-31,2,上班族,1,0
药店-桐君阁启航店,药店,2026-03-31,2,学生,2,0
药店-桐君阁启航店,药店,2026-03-31,3,家庭主妇,0,0
药店-桐君阁启航店,药店,2026-03-31,3,退休老人,0,0
药店-桐君阁启航店,药店,2026-03-31,3,中青年,0,0
药店-桐君阁启航店,药店,2026-03-31,3,上班族,0,0
药店-桐君阁启航店,药店,2026-03-31,3,学生,1,0
药店-桐君阁启航店,药店,2026-03-31,4,家庭主妇,1,0
药店-桐君阁启航店,药店,2026-03-31,4,退休老人,0,0
药店-桐君阁启航店,药店,2026-03-31,4,中青年,1,0
药店-桐君阁启航店,药店,2026-03-31,4,上班族,0,0
药店-桐君阁启航店,药店,2026-03-31,4,学生,0,0
药店-桐君阁启航店,药店,2026-03-31,5,家庭主妇,8,0
药店-桐君阁启航店,药店,2026-03-31,5,退休老人,6,0
药店-桐君阁启航店,药店,2026-03-31,5,中青年,9,0
药店-桐君阁启航店,药店,2026-03-31,5,上班族,7,0
药店-桐君阁启航店,药店,2026-03-31,5,学生,3,0
药店-桐君阁启航店,药店,2026-03-31,6,家庭主妇,26,0
药店-桐君阁启航店,药店,2026-03-31,6,退休老人,18,0
药店-桐君阁启航店,药店,2026-03-31,6,中青年,26,0
药店-桐君阁启航店,药店,2026-03-31,6,上班族,32,0
药店-桐君阁启航店,药店,2026-03-31,6,学生,29,0
药店-桐君阁启航店,药店,2026-03-31,7,家庭主妇,137,0
药店-桐君阁启航店,药店,2026-03-31,7,退休老人,126,0
药店-桐君阁启航店,药店,2026-03-31,7,中青年,127,0
药店-桐君阁启航店,药店,2026-03-31,7,上班族,129,0
药店-桐君阁启航店,药店,2026-03-31,7,学生,139,0
药店-桐君阁启航店,药店,2026-03-31,8,家庭主妇,156,3
药店-桐君阁启航店,药店,2026-03-31,8,退休老人,123,2
药店-桐君阁启航店,药店,2026-03-31,8,中青年,142,3
药店-桐君阁启航店,药店,2026-03-31,8,上班族,116,3
药店-桐君阁启航店,药店,2026-03-31,8,学生,137,0
药店-桐君阁启航店,药店,2026-03-31,9,家庭主妇,111,1
药店-桐君阁启航店,药店,2026-03-31,9,退休老人,140,0
药店-桐君阁启航店,药店,2026-03-31,9,中青年,113,1
药店-桐君阁启航店,药店,2026-03-31,9,上班族,113,0
药店-桐君阁启航店,药店,2026-03-31,9,学生,118,0
药店-桐君阁启航店,药店,2026-03-31,10,家庭主妇,89,1
药店-桐君阁启航店,药店,2026-03-31,10,退休老人,90,1
药店-桐君阁启航店,药店,2026-03-31,10,中青年,85,1
药店-桐君阁启航店,药店,2026-03-31,10,上班族,97,0
药店-桐君阁启航店,药店,2026-03-31,10,学生,75,0
药店-桐君阁启航店,药店,2026-03-31,11,家庭主妇,77,0
药店-桐君阁启航店,药店,2026-03-31,11,退休老人,58,0
药店-桐君阁启航店,药店,2026-03-31,11,中青年,67,0
药店-桐君阁启航店,药店,2026-03-31,11,上班族,74,5
药店-桐君阁启航店,药店,2026-03-31,11,学生,72,0
药店-桐君阁启航店,药店,2026-03-31,12,家庭主妇,48,0
药店-桐君阁启航店,药店,2026-03-31,12,退休老人,62,0
药店-桐君阁启航店,药店,2026-03-31,12,中青年,71,0
药店-桐君阁启航店,药店,2026-03-31,12,上班族,42,3
药店-桐君阁启航店,药店,2026-03-31,12,学生,51,0
药店-桐君阁启航店,药店,2026-03-31,13,家庭主妇,54,0
药店-桐君阁启航店,药店,2026-03-31,13,退休老人,46,0
药店-桐君阁启航店,药店,2026-03-31,13,中青年,50,1
药店-桐君阁启航店,药店,2026-03-31,13,上班族,44,1
药店-桐君阁启航店,药店,2026-03-31,13,学生,43,0
药店-桐君阁启航店,药店,2026-03-31,14,家庭主妇,54,2
药店-桐君阁启航店,药店,2026-03-31,14,退休老人,59,0
药店-桐君阁启航店,药店,2026-03-31,14,中青年,57,0
药店-桐君阁启航店,药店,2026-03-31,14,上班族,57,1
药店-桐君阁启航店,药店,2026-03-31,14,学生,53,0
药店-桐君阁启航店,药店,2026-03-31,15,家庭主妇,67,2
药店-桐君阁启航店,药店,2026-03-31,15,退休老人,80,0
药店-桐君阁启航店,药店,2026-03-31,15,中青年,68,0
药店-桐君阁启航店,药店,2026-03-31,15,上班族,68,1
药店-桐君阁启航店,药店,2026-03-31,15,学生,68,0
药店-桐君阁启航店,药店,2026-03-31,16,家庭主妇,118,2
药店-桐君阁启航店,药店,2026-03-31,16,退休老人,125,0
药店-桐君阁启航店,药店,2026-03-31,16,中青年,119,1
药店-桐君阁启航店,药店,2026-03-31,16,上班族,128,0
药店-桐君阁启航店,药店,2026-03-31,16,学生,127,0
药店-桐君阁启航店,药店,2026-03-31,17,家庭主妇,128,1
药店-桐君阁启航店,药店,2026-03-31,17,退休老人,150,0
药店-桐君阁启航店,药店,2026-03-31,17,中青年,140,0
药店-桐君阁启航店,药店,2026-03-31,17,上班族,166,1
药店-桐君阁启航店,药店,2026-03-31,17,学生,142,0
药店-桐君阁启航店,药店,2026-03-31,18,家庭主妇,140,2
药店-桐君阁启航店,药店,2026-03-31,18,退休老人,142,1
药店-桐君阁启航店,药店,2026-03-31,18,中青年,128,0
药店-桐君阁启航店,药店,2026-03-31,18,上班族,111,3
药店-桐君阁启航店,药店,2026-03-31,18,学生,124,0
药店-桐君阁启航店,药店,2026-03-31,19,家庭主妇,147,2
药店-桐君阁启航店,药店,2026-03-31,19,退休老人,123,0
药店-桐君阁启航店,药店,2026-03-31,19,中青年,132,2
药店-桐君阁启航店,药店,2026-03-31,19,上班族,120,1
药店-桐君阁启航店,药店,2026-03-31,19,学生,151,0
药店-桐君阁启航店,药店,2026-03-31,20,家庭主妇,109,8
药店-桐君阁启航店,药店,2026-03-31,20,退休老人,108,1
药店-桐君阁启航店,药店,2026-03-31,20,中青年,121,2
药店-桐君阁启航店,药店,2026-03-31,20,上班族,120,2
药店-桐君阁启航店,药店,2026-03-31,20,学生,92,0
药店-桐君阁启航店,药店,2026-03-31,21,家庭主妇,45,3
药店-桐君阁启航店,药店,2026-03-31,21,退休老人,61,0
药店-桐君阁启航店,药店,2026-03-31,21,中青年,43,0
药店-桐君阁启航店,药店,2026-03-31,21,上班族,50,0
药店-桐君阁启航店,药店,2026-03-31,21,学生,49,1
药店-桐君阁启航店,药店,2026-03-31,22,家庭主妇,12,0
药店-桐君阁启航店,药店,2026-03-31,22,退休老人,24,0
药店-桐君阁启航店,药店,2026-03-31,22,中青年,19,0
药店-桐君阁启航店,药店,2026-03-31,22,上班族,21,0
药店-桐君阁启航店,药店,2026-03-31,22,学生,18,0
药店-桐君阁启航店,药店,2026-03-31,23,家庭主妇,0,0
药店-桐君阁启航店,药店,2026-03-31,23,退休老人,0,0
药店-桐君阁启航店,药店,2026-03-31,23,中青年,0,0
药店-桐君阁启航店,药店,2026-03-31,23,上班族,0,0
药店-桐君阁启航店,药店,2026-03-31,23,学生,0,0
药店-桐君阁启航店,药店,2026-04-01,0,家庭主妇,1,0
药店-桐君阁启航店,药店,2026-04-01,0,退休老人,0,0
药店-桐君阁启航店,药店,2026-04-01,0,中青年,1,0
药店-桐君阁启航店,药店,2026-04-01,0,上班族,1,0
药店-桐君阁启航店,药店,2026-04-01,0,学生,0,0
药店-桐君阁启航店,药店,2026-04-01,1,家庭主妇,2,0
药店-桐君阁启航店,药店,2026-04-01,1,退休老人,5,0
药店-桐君阁启航店,药店,2026-04-01,1,中青年,4,0
药店-桐君阁启航店,药店,2026-04-01,1,上班族,4,0
药店-桐君阁启航店,药店,2026-04-01,1,学生,4,0
药店-桐君阁启航店,药店,2026-04-01,2,家庭主妇,2,0
药店-桐君阁启航店,药店,2026-04-01,2,退休老人,4,0
药店-桐君阁启航店,药店,2026-04-01,2,中青年,3,0
药店-桐君阁启航店,药店,2026-04-01,2,上班族,4,0
药店-桐君阁启航店,药店,2026-04-01,2,学生,2,0
药店-桐君阁启航店,药店,2026-04-01,3,家庭主妇,2,0
药店-桐君阁启航店,药店,2026-04-01,3,退休老人,1,0
药店-桐君阁启航店,药店,2026-04-01,3,中青年,2,0
药店-桐君阁启航店,药店,2026-04-01,3,上班族,3,0
药店-桐君阁启航店,药店,2026-04-01,3,学生,2,0
药店-桐君阁启航店,药店,2026-04-01,4,家庭主妇,2,0
药店-桐君阁启航店,药店,2026-04-01,4,退休老人,4,0
药店-桐君阁启航店,药店,2026-04-01,4,中青年,3,0
药店-桐君阁启航店,药店,2026-04-01,4,上班族,1,0
药店-桐君阁启航店,药店,2026-04-01,4,学生,1,0
药店-桐君阁启航店,药店,2026-04-01,5,家庭主妇,4,0
药店-桐君阁启航店,药店,2026-04-01,5,退休老人,8,0
药店-桐君阁启航店,药店,2026-04-01,5,中青年,7,0
药店-桐君阁启航店,药店,2026-04-01,5,上班族,8,0
药店-桐君阁启航店,药店,2026-04-01,5,学生,3,0
药店-桐君阁启航店,药店,2026-04-01,6,家庭主妇,32,0
药店-桐君阁启航店,药店,2026-04-01,6,退休老人,27,0
药店-桐君阁启航店,药店,2026-04-01,6,中青年,26,0
药店-桐君阁启航店,药店,2026-04-01,6,上班族,32,0
药店-桐君阁启航店,药店,2026-04-01,6,学生,33,0
药店-桐君阁启航店,药店,2026-04-01,7,家庭主妇,146,1
药店-桐君阁启航店,药店,2026-04-01,7,退休老人,162,0
药店-桐君阁启航店,药店,2026-04-01,7,中青年,160,0
药店-桐君阁启航店,药店,2026-04-01,7,上班族,159,1
药店-桐君阁启航店,药店,2026-04-01,7,学生,136,0
药店-桐君阁启航店,药店,2026-04-01,8,家庭主妇,122,0
药店-桐君阁启航店,药店,2026-04-01,8,退休老人,145,0
药店-桐君阁启航店,药店,2026-04-01,8,中青年,133,1
药店-桐君阁启航店,药店,2026-04-01,8,上班族,174,1
药店-桐君阁启航店,药店,2026-04-01,8,学生,120,0
药店-桐君阁启航店,药店,2026-04-01,9,家庭主妇,126,1
药店-桐君阁启航店,药店,2026-04-01,9,退休老人,127,1
药店-桐君阁启航店,药店,2026-04-01,9,中青年,126,1
药店-桐君阁启航店,药店,2026-04-01,9,上班族,143,1
药店-桐君阁启航店,药店,2026-04-01,9,学生,133,0
药店-桐君阁启航店,药店,2026-04-01,10,家庭主妇,107,2
药店-桐君阁启航店,药店,2026-04-01,10,退休老人,99,0
药店-桐君阁启航店,药店,2026-04-01,10,中青年,112,1
药店-桐君阁启航店,药店,2026-04-01,10,上班族,91,1
药店-桐君阁启航店,药店,2026-04-01,10,学生,90,1
药店-桐君阁启航店,药店,2026-04-01,11,家庭主妇,68,1
药店-桐君阁启航店,药店,2026-04-01,11,退休老人,55,1
药店-桐君阁启航店,药店,2026-04-01,11,中青年,67,1
药店-桐君阁启航店,药店,2026-04-01,11,上班族,69,1
药店-桐君阁启航店,药店,2026-04-01,11,学生,55,0
药店-桐君阁启航店,药店,2026-04-01,12,家庭主妇,47,0
药店-桐君阁启航店,药店,2026-04-01,12,退休老人,41,0
药店-桐君阁启航店,药店,2026-04-01,12,中青年,53,0
药店-桐君阁启航店,药店,2026-04-01,12,上班族,56,1
药店-桐君阁启航店,药店,2026-04-01,12,学生,44,0
药店-桐君阁启航店,药店,2026-04-01,13,家庭主妇,57,0
药店-桐君阁启航店,药店,2026-04-01,13,退休老人,47,0
药店-桐君阁启航店,药店,2026-04-01,13,中青年,58,0
药店-桐君阁启航店,药店,2026-04-01,13,上班族,54,0
药店-桐君阁启航店,药店,2026-04-01,13,学生,65,0
药店-桐君阁启航店,药店,2026-04-01,14,家庭主妇,58,2
药店-桐君阁启航店,药店,2026-04-01,14,退休老人,57,0
药店-桐君阁启航店,药店,2026-04-01,14,中青年,57,2
药店-桐君阁启航店,药店,2026-04-01,14,上班族,48,0
药店-桐君阁启航店,药店,2026-04-01,14,学生,52,0
药店-桐君阁启航店,药店,2026-04-01,15,家庭主妇,64,6
药店-桐君阁启航店,药店,2026-04-01,15,退休老人,71,0
药店-桐君阁启航店,药店,2026-04-01,15,中青年,66,0
药店-桐君阁启航店,药店,2026-04-01,15,上班族,88,1
药店-桐君阁启航店,药店,2026-04-01,15,学生,63,0
药店-桐君阁启航店,药店,2026-04-01,16,家庭主妇,123,2
药店-桐君阁启航店,药店,2026-04-01,16,退休老人,95,0
药店-桐君阁启航店,药店,2026-04-01,16,中青年,120,1
药店-桐君阁启航店,药店,2026-04-01,16,上班族,100,1
药店-桐君阁启航店,药店,2026-04-01,16,学生,106,0
药店-桐君阁启航店,药店,2026-04-01,17,家庭主妇,126,3
药店-桐君阁启航店,药店,2026-04-01,17,退休老人,114,0
药店-桐君阁启航店,药店,2026-04-01,17,中青年,122,1
药店-桐君阁启航店,药店,2026-04-01,17,上班族,151,1
药店-桐君阁启航店,药店,2026-04-01,17,学生,128,0
药店-桐君阁启航店,药店,2026-04-01,18,家庭主妇,148,0
药店-桐君阁启航店,药店,2026-04-01,18,退休老人,127,2
药店-桐君阁启航店,药店,2026-04-01,18,中青年,99,0
药店-桐君阁启航店,药店,2026-04-01,18,上班族,129,6
药店-桐君阁启航店,药店,2026-04-01,18,学生,123,0
药店-桐君阁启航店,药店,2026-04-01,19,家庭主妇,131,6
药店-桐君阁启航店,药店,2026-04-01,19,退休老人,114,0
药店-桐君阁启航店,药店,2026-04-01,19,中青年,118,1
药店-桐君阁启航店,药店,2026-04-01,19,上班族,132,1
药店-桐君阁启航店,药店,2026-04-01,19,学生,124,2
药店-桐君阁启航店,药店,2026-04-01,20,家庭主妇,79,5
药店-桐君阁启航店,药店,2026-04-01,20,退休老人,101,0
药店-桐君阁启航店,药店,2026-04-01,20,中青年,110,0
药店-桐君阁启航店,药店,2026-04-01,20,上班族,110,1
药店-桐君阁启航店,药店,2026-04-01,20,学生,99,3
药店-桐君阁启航店,药店,2026-04-01,21,家庭主妇,41,2
药店-桐君阁启航店,药店,2026-04-01,21,退休老人,58,0
药店-桐君阁启航店,药店,2026-04-01,21,中青年,49,1
药店-桐君阁启航店,药店,2026-04-01,21,上班族,62,0
药店-桐君阁启航店,药店,2026-04-01,21,学生,41,0
药店-桐君阁启航店,药店,2026-04-01,22,家庭主妇,21,2
药店-桐君阁启航店,药店,2026-04-01,22,退休老人,18,0
药店-桐君阁启航店,药店,2026-04-01,22,中青年,21,0
药店-桐君阁启航店,药店,2026-04-01,22,上班族,20,0
药店-桐君阁启航店,药店,2026-04-01,22,学生,23,0
药店-桐君阁启航店,药店,2026-04-01,23,家庭主妇,0,0
药店-桐君阁启航店,药店,2026-04-01,23,退休老人,0,0
药店-桐君阁启航店,药店,2026-04-01,23,中青年,0,0
药店-桐君阁启航店,药店,2026-04-01,23,上班族,0,0
药店-桐君阁启航店,药店,2026-04-01,23,学生,0,0
药店-桐君阁启航店,药店,2026-04-02,0,家庭主妇,3,0
药店-桐君阁启航店,药店,2026-04-02,0,退休老人,4,0
药店-桐君阁启航店,药店,2026-04-02,0,中青年,4,0
药店-桐君阁启航店,药店,2026-04-02,0,上班族,1,0
药店-桐君阁启航店,药店,2026-04-02,0,学生,5,0
药店-桐君阁启航店,药店,2026-04-02,1,家庭主妇,3,0
药店-桐君阁启航店,药店,2026-04-02,1,退休老人,3,0
药店-桐君阁启航店,药店,2026-04-02,1,中青年,3,0
药店-桐君阁启航店,药店,2026-04-02,1,上班族,4,0
药店-桐君阁启航店,药店,2026-04-02,1,学生,3,0
药店-桐君阁启航店,药店,2026-04-02,2,家庭主妇,5,0
药店-桐君阁启航店,药店,2026-04-02,2,退休老人,2,0
药店-桐君阁启航店,药店,2026-04-02,2,中青年,3,0
药店-桐君阁启航店,药店,2026-04-02,2,上班族,3,0
药店-桐君阁启航店,药店,2026-04-02,2,学生,6,0
药店-桐君阁启航店,药店,2026-04-02,3,家庭主妇,1,0
药店-桐君阁启航店,药店,2026-04-02,3,退休老人,1,0
药店-桐君阁启航店,药店,2026-04-02,3,中青年,2,0
药店-桐君阁启航店,药店,2026-04-02,3,上班族,1,0
药店-桐君阁启航店,药店,2026-04-02,3,学生,0,0
药店-桐君阁启航店,药店,2026-04-02,4,家庭主妇,3,0
药店-桐君阁启航店,药店,2026-04-02,4,退休老人,2,0
药店-桐君阁启航店,药店,2026-04-02,4,中青年,1,0
药店-桐君阁启航店,药店,2026-04-02,4,上班族,0,0
药店-桐君阁启航店,药店,2026-04-02,4,学生,1,0
药店-桐君阁启航店,药店,2026-04-02,5,家庭主妇,6,0
药店-桐君阁启航店,药店,2026-04-02,5,退休老人,6,0
药店-桐君阁启航店,药店,2026-04-02,5,中青年,8,0
药店-桐君阁启航店,药店,2026-04-02,5,上班族,4,0
药店-桐君阁启航店,药店,2026-04-02,5,学生,5,0
药店-桐君阁启航店,药店,2026-04-02,6,家庭主妇,23,0
药店-桐君阁启航店,药店,2026-04-02,6,退休老人,30,0
药店-桐君阁启航店,药店,2026-04-02,6,中青年,28,0
药店-桐君阁启航店,药店,2026-04-02,6,上班族,30,0
药店-桐君阁启航店,药店,2026-04-02,6,学生,30,0
药店-桐君阁启航店,药店,2026-04-02,7,家庭主妇,150,0
药店-桐君阁启航店,药店,2026-04-02,7,退休老人,138,0
药店-桐君阁启航店,药店,2026-04-02,7,中青年,162,0
药店-桐君阁启航店,药店,2026-04-02,7,上班族,135,0
药店-桐君阁启航店,药店,2026-04-02,7,学生,130,0
药店-桐君阁启航店,药店,2026-04-02,8,家庭主妇,140,2
药店-桐君阁启航店,药店,2026-04-02,8,退休老人,141,1
药店-桐君阁启航店,药店,2026-04-02,8,中青年,136,0
药店-桐君阁启航店,药店,2026-04-02,8,上班族,131,2
药店-桐君阁启航店,药店,2026-04-02,8,学生,132,0
药店-桐君阁启航店,药店,2026-04-02,9,家庭主妇,133,2
药店-桐君阁启航店,药店,2026-04-02,9,退休老人,93,0
药店-桐君阁启航店,药店,2026-04-02,9,中青年,108,4
药店-桐君阁启航店,药店,2026-04-02,9,上班族,91,2
药店-桐君阁启航店,药店,2026-04-02,9,学生,112,0
药店-桐君阁启航店,药店,2026-04-02,10,家庭主妇,93,3
药店-桐君阁启航店,药店,2026-04-02,10,退休老人,84,1
药店-桐君阁启航店,药店,2026-04-02,10,中青年,85,1
药店-桐君阁启航店,药店,2026-04-02,10,上班族,82,3
药店-桐君阁启航店,药店,2026-04-02,10,学生,92,1
药店-桐君阁启航店,药店,2026-04-02,11,家庭主妇,82,3
药店-桐君阁启航店,药店,2026-04-02,11,退休老人,65,0
药店-桐君阁启航店,药店,2026-04-02,11,中青年,83,0
药店-桐君阁启航店,药店,2026-04-02,11,上班族,92,3
药店-桐君阁启航店,药店,2026-04-02,11,学生,80,0
药店-桐君阁启航店,药店,2026-04-02,12,家庭主妇,51,0
药店-桐君阁启航店,药店,2026-04-02,12,退休老人,60,0
药店-桐君阁启航店,药店,2026-04-02,12,中青年,51,1
药店-桐君阁启航店,药店,2026-04-02,12,上班族,73,2
药店-桐君阁启航店,药店,2026-04-02,12,学生,56,0
药店-桐君阁启航店,药店,2026-04-02,13,家庭主妇,46,2
药店-桐君阁启航店,药店,2026-04-02,13,退休老人,42,0
药店-桐君阁启航店,药店,2026-04-02,13,中青年,63,2
药店-桐君阁启航店,药店,2026-04-02,13,上班族,52,0
药店-桐君阁启航店,药店,2026-04-02,13,学生,47,2
药店-桐君阁启航店,药店,2026-04-02,14,家庭主妇,63,1
药店-桐君阁启航店,药店,2026-04-02,14,退休老人,46,0
药店-桐君阁启航店,药店,2026-04-02,14,中青年,61,0
药店-桐君阁启航店,药店,2026-04-02,14,上班族,60,1
药店-桐君阁启航店,药店,2026-04-02,14,学生,61,0
药店-桐君阁启航店,药店,2026-04-02,15,家庭主妇,81,1
药店-桐君阁启航店,药店,2026-04-02,15,退休老人,72,0
药店-桐君阁启航店,药店,2026-04-02,15,中青年,71,0
药店-桐君阁启航店,药店,2026-04-02,15,上班族,76,1
药店-桐君阁启航店,药店,2026-04-02,15,学生,63,0
药店-桐君阁启航店,药店,2026-04-02,16,家庭主妇,109,2
药店-桐君阁启航店,药店,2026-04-02,16,退休老人,135,2
药店-桐君阁启航店,药店,2026-04-02,16,中青年,118,0
药店-桐君阁启航店,药店,2026-04-02,16,上班族,124,0
药店-桐君阁启航店,药店,2026-04-02,16,学生,117,0
药店-桐君阁启航店,药店,2026-04-02,17,家庭主妇,141,1
药店-桐君阁启航店,药店,2026-04-02,17,退休老人,120,0
药店-桐君阁启航店,药店,2026-04-02,17,中青年,128,0
药店-桐君阁启航店,药店,2026-04-02,17,上班族,103,4
药店-桐君阁启航店,药店,2026-04-02,17,学生,104,1
药店-桐君阁启航店,药店,2026-04-02,18,家庭主妇,152,2
药店-桐君阁启航店,药店,2026-04-02,18,退休老人,119,0
药店-桐君阁启航店,药店,2026-04-02,18,中青年,118,1
药店-桐君阁启航店,药店,2026-04-02,18,上班族,162,6
药店-桐君阁启航店,药店,2026-04-02,18,学生,129,0
药店-桐君阁启航店,药店,2026-04-02,19,家庭主妇,107,6
药店-桐君阁启航店,药店,2026-04-02,19,退休老人,128,1
药店-桐君阁启航店,药店,2026-04-02,19,中青年,111,0
药店-桐君阁启航店,药店,2026-04-02,19,上班族,101,2
药店-桐君阁启航店,药店,2026-04-02,19,学生,97,0
药店-桐君阁启航店,药店,2026-04-02,20,家庭主妇,111,1
药店-桐君阁启航店,药店,2026-04-02,20,退休老人,90,0
药店-桐君阁启航店,药店,2026-04-02,20,中青年,97,2
药店-桐君阁启航店,药店,2026-04-02,20,上班族,101,1
药店-桐君阁启航店,药店,2026-04-02,20,学生,98,0
药店-桐君阁启航店,药店,2026-04-02,21,家庭主妇,45,1
药店-桐君阁启航店,药店,2026-04-02,21,退休老人,43,0
药店-桐君阁启航店,药店,2026-04-02,21,中青年,45,1
药店-桐君阁启航店,药店,2026-04-02,21,上班族,58,0
药店-桐君阁启航店,药店,2026-04-02,21,学生,33,0
药店-桐君阁启航店,药店,2026-04-02,22,家庭主妇,20,0
药店-桐君阁启航店,药店,2026-04-02,22,退休老人,19,0
药店-桐君阁启航店,药店,2026-04-02,22,中青年,25,1
药店-桐君阁启航店,药店,2026-04-02,22,上班族,23,0
药店-桐君阁启航店,药店,2026-04-02,22,学生,25,0
药店-桐君阁启航店,药店,2026-04-02,23,家庭主妇,0,0
药店-桐君阁启航店,药店,2026-04-02,23,退休老人,0,0
药店-桐君阁启航店,药店,2026-04-02,23,中青年,0,0
药店-桐君阁启航店,药店,2026-04-02,23,上班族,0,0
药店-桐君阁启航店,药店,2026-04-02,23,学生,0,0
药店-桐君阁启航店,药店,2026-04-03,0,家庭主妇,7,0
药店-桐君阁启航店,药店,2026-04-03,0,退休老人,4,0
药店-桐君阁启航店,药店,2026-04-03,0,中青年,7,0
药店-桐君阁启航店,药店,2026-04-03,0,上班族,5,0
药店-桐君阁启航店,药店,2026-04-03,0,学生,4,0
药店-桐君阁启航店,药店,2026-04-03,1,家庭主妇,6,0
药店-桐君阁启航店,药店,2026-04-03,1,退休老人,6,0
药店-桐君阁启航店,药店,2026-04-03,1,中青年,6,0
药店-桐君阁启航店,药店,2026-04-03,1,上班族,1,0
药店-桐君阁启航店,药店,2026-04-03,1,学生,6,0
药店-桐君阁启航店,药店,2026-04-03,2,家庭主妇,1,0
药店-桐君阁启航店,药店,2026-04-03,2,退休老人,0,0
药店-桐君阁启航店,药店,2026-04-03,2,中青年,5,0
药店-桐君阁启航店,药店,2026-04-03,2,上班族,0,0
药店-桐君阁启航店,药店,2026-04-03,2,学生,1,0
药店-桐君阁启航店,药店,2026-04-03,3,家庭主妇,1,0
药店-桐君阁启航店,药店,2026-04-03,3,退休老人,0,0
药店-桐君阁启航店,药店,2026-04-03,3,中青年,0,0
药店-桐君阁启航店,药店,2026-04-03,3,上班族,0,0
药店-桐君阁启航店,药店,2026-04-03,3,学生,0,0
药店-桐君阁启航店,药店,2026-04-03,4,家庭主妇,2,0
药店-桐君阁启航店,药店,2026-04-03,4,退休老人,1,0
药店-桐君阁启航店,药店,2026-04-03,4,中青年,2,0
药店-桐君阁启航店,药店,2026-04-03,4,上班族,2,0
药店-桐君阁启航店,药店,2026-04-03,4,学生,1,0
药店-桐君阁启航店,药店,2026-04-03,5,家庭主妇,7,0
药店-桐君阁启航店,药店,2026-04-03,5,退休老人,10,0
药店-桐君阁启航店,药店,2026-04-03,5,中青年,7,0
药店-桐君阁启航店,药店,2026-04-03,5,上班族,14,0
药店-桐君阁启航店,药店,2026-04-03,5,学生,6,0
药店-桐君阁启航店,药店,2026-04-03,6,家庭主妇,28,0
药店-桐君阁启航店,药店,2026-04-03,6,退休老人,40,0
药店-桐君阁启航店,药店,2026-04-03,6,中青年,25,0
药店-桐君阁启航店,药店,2026-04-03,6,上班族,20,0
药店-桐君阁启航店,药店,2026-04-03,6,学生,30,0
药店-桐君阁启航店,药店,2026-04-03,7,家庭主妇,139,0
药店-桐君阁启航店,药店,2026-04-03,7,退休老人,130,0
药店-桐君阁启航店,药店,2026-04-03,7,中青年,121,0
药店-桐君阁启航店,药店,2026-04-03,7,上班族,137,0
药店-桐君阁启航店,药店,2026-04-03,7,学生,125,0
药店-桐君阁启航店,药店,2026-04-03,8,家庭主妇,124,1
药店-桐君阁启航店,药店,2026-04-03,8,退休老人,128,1
药店-桐君阁启航店,药店,2026-04-03,8,中青年,131,1
药店-桐君阁启航店,药店,2026-04-03,8,上班族,126,2
药店-桐君阁启航店,药店,2026-04-03,8,学生,125,0
药店-桐君阁启航店,药店,2026-04-03,9,家庭主妇,113,3
药店-桐君阁启航店,药店,2026-04-03,9,退休老人,134,0
药店-桐君阁启航店,药店,2026-04-03,9,中青年,124,1
药店-桐君阁启航店,药店,2026-04-03,9,上班族,157,2
药店-桐君阁启航店,药店,2026-04-03,9,学生,122,0
药店-桐君阁启航店,药店,2026-04-03,10,家庭主妇,113,0
药店-桐君阁启航店,药店,2026-04-03,10,退休老人,102,1
药店-桐君阁启航店,药店,2026-04-03,10,中青年,126,0
药店-桐君阁启航店,药店,2026-04-03,10,上班族,110,0
药店-桐君阁启航店,药店,2026-04-03,10,学生,128,0
药店-桐君阁启航店,药店,2026-04-03,11,家庭主妇,74,1
药店-桐君阁启航店,药店,2026-04-03,11,退休老人,81,0
药店-桐君阁启航店,药店,2026-04-03,11,中青年,68,0
药店-桐君阁启航店,药店,2026-04-03,11,上班族,96,1
药店-桐君阁启航店,药店,2026-04-03,11,学生,63,0
药店-桐君阁启航店,药店,2026-04-03,12,家庭主妇,62,1
药店-桐君阁启航店,药店,2026-04-03,12,退休老人,70,0
药店-桐君阁启航店,药店,2026-04-03,12,中青年,62,1
药店-桐君阁启航店,药店,2026-04-03,12,上班族,60,6
药店-桐君阁启航店,药店,2026-04-03,12,学生,65,0
药店-桐君阁启航店,药店,2026-04-03,13,家庭主妇,68,1
药店-桐君阁启航店,药店,2026-04-03,13,退休老人,71,0
药店-桐君阁启航店,药店,2026-04-03,13,中青年,52,0
药店-桐君阁启航店,药店,2026-04-03,13,上班族,80,0
药店-桐君阁启航店,药店,2026-04-03,13,学生,71,0
药店-桐君阁启航店,药店,2026-04-03,14,家庭主妇,80,3
药店-桐君阁启航店,药店,2026-04-03,14,退休老人,69,1
药店-桐君阁启航店,药店,2026-04-03,14,中青年,71,0
药店-桐君阁启航店,药店,2026-04-03,14,上班族,62,1
药店-桐君阁启航店,药店,2026-04-03,14,学生,59,0
药店-桐君阁启航店,药店,2026-04-03,15,家庭主妇,388,2
药店-桐君阁启航店,药店,2026-04-03,15,退休老人,323,0
药店-桐君阁启航店,药店,2026-04-03,15,中青年,344,1
药店-桐君阁启航店,药店,2026-04-03,15,上班族,344,1
药店-桐君阁启航店,药店,2026-04-03,15,学生,360,0
药店-桐君阁启航店,药店,2026-04-03,16,家庭主妇,188,3
药店-桐君阁启航店,药店,2026-04-03,16,退休老人,186,0
药店-桐君阁启航店,药店,2026-04-03,16,中青年,167,1
药店-桐君阁启航店,药店,2026-04-03,16,上班族,176,1
药店-桐君阁启航店,药店,2026-04-03,16,学生,180,0
药店-桐君阁启航店,药店,2026-04-03,17,家庭主妇,133,0
药店-桐君阁启航店,药店,2026-04-03,17,退休老人,147,0
药店-桐君阁启航店,药店,2026-04-03,17,中青年,158,0
药店-桐君阁启航店,药店,2026-04-03,17,上班族,161,2
药店-桐君阁启航店,药店,2026-04-03,17,学生,167,0
药店-桐君阁启航店,药店,2026-04-03,18,家庭主妇,116,2
药店-桐君阁启航店,药店,2026-04-03,18,退休老人,137,0
药店-桐君阁启航店,药店,2026-04-03,18,中青年,126,0
药店-桐君阁启航店,药店,2026-04-03,18,上班族,114,5
药店-桐君阁启航店,药店,2026-04-03,18,学生,132,0
药店-桐君阁启航店,药店,2026-04-03,19,家庭主妇,131,3
药店-桐君阁启航店,药店,2026-04-03,19,退休老人,132,0
药店-桐君阁启航店,药店,2026-04-03,19,中青年,126,2
药店-桐君阁启航店,药店,2026-04-03,19,上班族,152,2
药店-桐君阁启航店,药店,2026-04-03,19,学生,118,0
药店-桐君阁启航店,药店,2026-04-03,20,家庭主妇,86,4
药店-桐君阁启航店,药店,2026-04-03,20,退休老人,113,0
药店-桐君阁启航店,药店,2026-04-03,20,中青年,109,1
药店-桐君阁启航店,药店,2026-04-03,20,上班族,100,1
药店-桐君阁启航店,药店,2026-04-03,20,学生,97,1
药店-桐君阁启航店,药店,2026-04-03,21,家庭主妇,60,3
药店-桐君阁启航店,药店,2026-04-03,21,退休老人,54,0
药店-桐君阁启航店,药店,2026-04-03,21,中青年,48,1
药店-桐君阁启航店,药店,2026-04-03,21,上班族,53,1
药店-桐君阁启航店,药店,2026-04-03,21,学生,43,0
药店-桐君阁启航店,药店,2026-04-03,22,家庭主妇,28,1
药店-桐君阁启航店,药店,2026-04-03,22,退休老人,24,0
药店-桐君阁启航店,药店,2026-04-03,22,中青年,29,1
药店-桐君阁启航店,药店,2026-04-03,22,上班族,31,0
药店-桐君阁启航店,药店,2026-04-03,22,学生,26,0
药店-桐君阁启航店,药店,2026-04-03,23,家庭主妇,0,0
药店-桐君阁启航店,药店,2026-04-03,23,退休老人,0,0
药店-桐君阁启航店,药店,2026-04-03,23,中青年,0,0
药店-桐君阁启航店,药店,2026-04-03,23,上班族,0,0
药店-桐君阁启航店,药店,2026-04-03,23,学生,0,0
药店-桐君阁启航店,药店,2026-04-04,0,家庭主妇,5,0
药店-桐君阁启航店,药店,2026-04-04,0,退休老人,6,0
药店-桐君阁启航店,药店,2026-04-04,0,中青年,5,0
药店-桐君阁启航店,药店,2026-04-04,0,上班族,5,0
药店-桐君阁启航店,药店,2026-04-04,0,学生,10,0
药店-桐君阁启航店,药店,2026-04-04,1,家庭主妇,9,0
药店-桐君阁启航店,药店,2026-04-04,1,退休老人,7,0
药店-桐君阁启航店,药店,2026-04-04,1,中青年,3,0
药店-桐君阁启航店,药店,2026-04-04,1,上班族,1,0
药店-桐君阁启航店,药店,2026-04-04,1,学生,5,0
药店-桐君阁启航店,药店,2026-04-04,2,家庭主妇,6,0
药店-桐君阁启航店,药店,2026-04-04,2,退休老人,3,0
药店-桐君阁启航店,药店,2026-04-04,2,中青年,6,0
药店-桐君阁启航店,药店,2026-04-04,2,上班族,1,0
药店-桐君阁启航店,药店,2026-04-04,2,学生,1,0
药店-桐君阁启航店,药店,2026-04-04,3,家庭主妇,2,0
药店-桐君阁启航店,药店,2026-04-04,3,退休老人,1,0
药店-桐君阁启航店,药店,2026-04-04,3,中青年,1,0
药店-桐君阁启航店,药店,2026-04-04,3,上班族,2,0
药店-桐君阁启航店,药店,2026-04-04,3,学生,1,0
药店-桐君阁启航店,药店,2026-04-04,4,家庭主妇,2,0
药店-桐君阁启航店,药店,2026-04-04,4,退休老人,3,0
药店-桐君阁启航店,药店,2026-04-04,4,中青年,4,0
药店-桐君阁启航店,药店,2026-04-04,4,上班族,4,0
药店-桐君阁启航店,药店,2026-04-04,4,学生,3,0
药店-桐君阁启航店,药店,2026-04-04,5,家庭主妇,6,0
药店-桐君阁启航店,药店,2026-04-04,5,退休老人,6,0
药店-桐君阁启航店,药店,2026-04-04,5,中青年,7,0
药店-桐君阁启航店,药店,2026-04-04,5,上班族,7,0
药店-桐君阁启航店,药店,2026-04-04,5,学生,7,0
药店-桐君阁启航店,药店,2026-04-04,6,家庭主妇,21,0
药店-桐君阁启航店,药店,2026-04-04,6,退休老人,19,0
药店-桐君阁启航店,药店,2026-04-04,6,中青年,26,0
药店-桐君阁启航店,药店,2026-04-04,6,上班族,26,0
药店-桐君阁启航店,药店,2026-04-04,6,学生,14,0
药店-桐君阁启航店,药店,2026-04-04,7,家庭主妇,82,0
药店-桐君阁启航店,药店,2026-04-04,7,退休老人,68,0
药店-桐君阁启航店,药店,2026-04-04,7,中青年,60,0
药店-桐君阁启航店,药店,2026-04-04,7,上班族,68,0
药店-桐君阁启航店,药店,2026-04-04,7,学生,60,0
药店-桐君阁启航店,药店,2026-04-04,8,家庭主妇,116,2
药店-桐君阁启航店,药店,2026-04-04,8,退休老人,126,0
药店-桐君阁启航店,药店,2026-04-04,8,中青年,128,0
药店-桐君阁启航店,药店,2026-04-04,8,上班族,135,1
药店-桐君阁启航店,药店,2026-04-04,8,学生,117,0
药店-桐君阁启航店,药店,2026-04-04,9,家庭主妇,141,7
药店-桐君阁启航店,药店,2026-04-04,9,退休老人,142,1
药店-桐君阁启航店,药店,2026-04-04,9,中青年,149,3
药店-桐君阁启航店,药店,2026-04-04,9,上班族,162,2
药店-桐君阁启航店,药店,2026-04-04,9,学生,140,1
药店-桐君阁启航店,药店,2026-04-04,10,家庭主妇,100,3
药店-桐君阁启航店,药店,2026-04-04,10,退休老人,114,0
药店-桐君阁启航店,药店,2026-04-04,10,中青年,121,0
药店-桐君阁启航店,药店,2026-04-04,10,上班族,117,2
药店-桐君阁启航店,药店,2026-04-04,10,学生,113,0
药店-桐君阁启航店,药店,2026-04-04,11,家庭主妇,86,2
药店-桐君阁启航店,药店,2026-04-04,11,退休老人,84,1
药店-桐君阁启航店,药店,2026-04-04,11,中青年,81,0
药店-桐君阁启航店,药店,2026-04-04,11,上班族,85,0
药店-桐君阁启航店,药店,2026-04-04,11,学生,103,0
药店-桐君阁启航店,药店,2026-04-04,12,家庭主妇,76,1
药店-桐君阁启航店,药店,2026-04-04,12,退休老人,76,0
药店-桐君阁启航店,药店,2026-04-04,12,中青年,77,2
药店-桐君阁启航店,药店,2026-04-04,12,上班族,92,1
药店-桐君阁启航店,药店,2026-04-04,12,学生,60,0
药店-桐君阁启航店,药店,2026-04-04,13,家庭主妇,80,3
药店-桐君阁启航店,药店,2026-04-04,13,退休老人,69,0
药店-桐君阁启航店,药店,2026-04-04,13,中青年,70,1
药店-桐君阁启航店,药店,2026-04-04,13,上班族,75,0
药店-桐君阁启航店,药店,2026-04-04,13,学生,57,0
药店-桐君阁启航店,药店,2026-04-04,14,家庭主妇,72,2
药店-桐君阁启航店,药店,2026-04-04,14,退休老人,72,1
药店-桐君阁启航店,药店,2026-04-04,14,中青年,76,3
药店-桐君阁启航店,药店,2026-04-04,14,上班族,73,1
药店-桐君阁启航店,药店,2026-04-04,14,学生,81,0
药店-桐君阁启航店,药店,2026-04-04,15,家庭主妇,66,0
药店-桐君阁启航店,药店,2026-04-04,15,退休老人,68,0
药店-桐君阁启航店,药店,2026-04-04,15,中青年,71,0
药店-桐君阁启航店,药店,2026-04-04,15,上班族,83,0
药店-桐君阁启航店,药店,2026-04-04,15,学生,63,0
药店-桐君阁启航店,药店,2026-04-04,16,家庭主妇,90,4
药店-桐君阁启航店,药店,2026-04-04,16,退休老人,103,0
药店-桐君阁启航店,药店,2026-04-04,16,中青年,99,5
药店-桐君阁启航店,药店,2026-04-04,16,上班族,101,1
药店-桐君阁启航店,药店,2026-04-04,16,学生,87,0
药店-桐君阁启航店,药店,2026-04-04,17,家庭主妇,103,0
药店-桐君阁启航店,药店,2026-04-04,17,退休老人,102,0
药店-桐君阁启航店,药店,2026-04-04,17,中青年,109,0
药店-桐君阁启航店,药店,2026-04-04,17,上班族,114,4
药店-桐君阁启航店,药店,2026-04-04,17,学生,98,0
药店-桐君阁启航店,药店,2026-04-04,18,家庭主妇,104,1
药店-桐君阁启航店,药店,2026-04-04,18,退休老人,91,0
药店-桐君阁启航店,药店,2026-04-04,18,中青年,88,0
药店-桐君阁启航店,药店,2026-04-04,18,上班族,91,9
药店-桐君阁启航店,药店,2026-04-04,18,学生,99,1
药店-桐君阁启航店,药店,2026-04-04,19,家庭主妇,100,1
药店-桐君阁启航店,药店,2026-04-04,19,退休老人,121,1
药店-桐君阁启航店,药店,2026-04-04,19,中青年,102,5
药店-桐君阁启航店,药店,2026-04-04,19,上班族,94,2
药店-桐君阁启航店,药店,2026-04-04,19,学生,109,0
药店-桐君阁启航店,药店,2026-04-04,20,家庭主妇,73,1
药店-桐君阁启航店,药店,2026-04-04,20,退休老人,84,0
药店-桐君阁启航店,药店,2026-04-04,20,中青年,78,2
药店-桐君阁启航店,药店,2026-04-04,20,上班族,98,1
药店-桐君阁启航店,药店,2026-04-04,20,学生,70,0
药店-桐君阁启航店,药店,2026-04-04,21,家庭主妇,35,1
药店-桐君阁启航店,药店,2026-04-04,21,退休老人,42,0
药店-桐君阁启航店,药店,2026-04-04,21,中青年,40,1
药店-桐君阁启航店,药店,2026-04-04,21,上班族,44,2
药店-桐君阁启航店,药店,2026-04-04,21,学生,37,0
药店-桐君阁启航店,药店,2026-04-04,22,家庭主妇,30,0
药店-桐君阁启航店,药店,2026-04-04,22,退休老人,27,0
药店-桐君阁启航店,药店,2026-04-04,22,中青年,33,1
药店-桐君阁启航店,药店,2026-04-04,22,上班族,26,0
药店-桐君阁启航店,药店,2026-04-04,22,学生,30,0
药店-桐君阁启航店,药店,2026-04-04,23,家庭主妇,0,0
药店-桐君阁启航店,药店,2026-04-04,23,退休老人,0,0
药店-桐君阁启航店,药店,2026-04-04,23,中青年,0,0
药店-桐君阁启航店,药店,2026-04-04,23,上班族,0,0
药店-桐君阁启航店,药店,2026-04-04,23,学生,0,0
药店-桐君阁启航店,药店,2026-04-05,0,家庭主妇,4,0
药店-桐君阁启航店,药店,2026-04-05,0,退休老人,7,0
药店-桐君阁启航店,药店,2026-04-05,0,中青年,7,0
药店-桐君阁启航店,药店,2026-04-05,0,上班族,7,0
药店-桐君阁启航店,药店,2026-04-05,0,学生,4,0
药店-桐君阁启航店,药店,2026-04-05,1,家庭主妇,3,0
药店-桐君阁启航店,药店,2026-04-05,1,退休老人,5,0
药店-桐君阁启航店,药店,2026-04-05,1,中青年,7,0
药店-桐君阁启航店,药店,2026-04-05,1,上班族,2,0
药店-桐君阁启航店,药店,2026-04-05,1,学生,5,0
药店-桐君阁启航店,药店,2026-04-05,2,家庭主妇,3,0
药店-桐君阁启航店,药店,2026-04-05,2,退休老人,1,0
药店-桐君阁启航店,药店,2026-04-05,2,中青年,2,0
药店-桐君阁启航店,药店,2026-04-05,2,上班族,4,0
药店-桐君阁启航店,药店,2026-04-05,2,学生,0,0
药店-桐君阁启航店,药店,2026-04-05,3,家庭主妇,1,0
药店-桐君阁启航店,药店,2026-04-05,3,退休老人,1,0
药店-桐君阁启航店,药店,2026-04-05,3,中青年,0,0
药店-桐君阁启航店,药店,2026-04-05,3,上班族,1,0
药店-桐君阁启航店,药店,2026-04-05,3,学生,1,0
药店-桐君阁启航店,药店,2026-04-05,4,家庭主妇,0,0
药店-桐君阁启航店,药店,2026-04-05,4,退休老人,0,0
药店-桐君阁启航店,药店,2026-04-05,4,中青年,0,0
药店-桐君阁启航店,药店,2026-04-05,4,上班族,0,0
药店-桐君阁启航店,药店,2026-04-05,4,学生,0,0
药店-桐君阁启航店,药店,2026-04-05,5,家庭主妇,7,0
药店-桐君阁启航店,药店,2026-04-05,5,退休老人,5,0
药店-桐君阁启航店,药店,2026-04-05,5,中青年,7,0
药店-桐君阁启航店,药店,2026-04-05,5,上班族,3,0
药店-桐君阁启航店,药店,2026-04-05,5,学生,5,0
药店-桐君阁启航店,药店,2026-04-05,6,家庭主妇,15,0
药店-桐君阁启航店,药店,2026-04-05,6,退休老人,16,0
药店-桐君阁启航店,药店,2026-04-05,6,中青年,15,0
药店-桐君阁启航店,药店,2026-04-05,6,上班族,20,0
药店-桐君阁启航店,药店,2026-04-05,6,学生,14,0
药店-桐君阁启航店,药店,2026-04-05,7,家庭主妇,58,0
药店-桐君阁启航店,药店,2026-04-05,7,退休老人,62,0
药店-桐君阁启航店,药店,2026-04-05,7,中青年,48,0
药店-桐君阁启航店,药店,2026-04-05,7,上班族,49,0
药店-桐君阁启航店,药店,2026-04-05,7,学生,52,0
药店-桐君阁启航店,药店,2026-04-05,8,家庭主妇,75,1
药店-桐君阁启航店,药店,2026-04-05,8,退休老人,105,0
药店-桐君阁启航店,药店,2026-04-05,8,中青年,105,1
药店-桐君阁启航店,药店,2026-04-05,8,上班族,87,2
药店-桐君阁启航店,药店,2026-04-05,8,学生,90,0
药店-桐君阁启航店,药店,2026-04-05,9,家庭主妇,128,5
药店-桐君阁启航店,药店,2026-04-05,9,退休老人,117,0
药店-桐君阁启航店,药店,2026-04-05,9,中青年,137,3
药店-桐君阁启航店,药店,2026-04-05,9,上班族,121,1
药店-桐君阁启航店,药店,2026-04-05,9,学生,145,0
药店-桐君阁启航店,药店,2026-04-05,10,家庭主妇,101,2
药店-桐君阁启航店,药店,2026-04-05,10,退休老人,115,0
药店-桐君阁启航店,药店,2026-04-05,10,中青年,98,0
药店-桐君阁启航店,药店,2026-04-05,10,上班族,114,0
药店-桐君阁启航店,药店,2026-04-05,10,学生,134,0
药店-桐君阁启航店,药店,2026-04-05,11,家庭主妇,91,2
药店-桐君阁启航店,药店,2026-04-05,11,退休老人,98,0
药店-桐君阁启航店,药店,2026-04-05,11,中青年,95,0
药店-桐君阁启航店,药店,2026-04-05,11,上班族,84,0
药店-桐君阁启航店,药店,2026-04-05,11,学生,97,0
药店-桐君阁启航店,药店,2026-04-05,12,家庭主妇,77,0
药店-桐君阁启航店,药店,2026-04-05,12,退休老人,90,0
药店-桐君阁启航店,药店,2026-04-05,12,中青年,79,0
药店-桐君阁启航店,药店,2026-04-05,12,上班族,78,0
药店-桐君阁启航店,药店,2026-04-05,12,学生,71,0
药店-桐君阁启航店,药店,2026-04-05,13,家庭主妇,115,1
药店-桐君阁启航店,药店,2026-04-05,13,退休老人,90,0
药店-桐君阁启航店,药店,2026-04-05,13,中青年,104,1
药店-桐君阁启航店,药店,2026-04-05,13,上班族,92,0
药店-桐君阁启航店,药店,2026-04-05,13,学生,85,0
药店-桐君阁启航店,药店,2026-04-05,14,家庭主妇,75,2
药店-桐君阁启航店,药店,2026-04-05,14,退休老人,82,1
药店-桐君阁启航店,药店,2026-04-05,14,中青年,81,4
药店-桐君阁启航店,药店,2026-04-05,14,上班族,78,1
药店-桐君阁启航店,药店,2026-04-05,14,学生,86,0
药店-桐君阁启航店,药店,2026-04-05,15,家庭主妇,98,4
药店-桐君阁启航店,药店,2026-04-05,15,退休老人,83,0
药店-桐君阁启航店,药店,2026-04-05,15,中青年,67,0
药店-桐君阁启航店,药店,2026-04-05,15,上班族,95,1
药店-桐君阁启航店,药店,2026-04-05,15,学生,69,0
药店-桐君阁启航店,药店,2026-04-05,16,家庭主妇,110,2
药店-桐君阁启航店,药店,2026-04-05,16,退休老人,87,0
药店-桐君阁启航店,药店,2026-04-05,16,中青年,103,1
药店-桐君阁启航店,药店,2026-04-05,16,上班族,97,0
药店-桐君阁启航店,药店,2026-04-05,16,学生,108,0
药店-桐君阁启航店,药店,2026-04-05,17,家庭主妇,100,1
药店-桐君阁启航店,药店,2026-04-05,17,退休老人,104,0
药店-桐君阁启航店,药店,2026-04-05,17,中青年,109,0
药店-桐君阁启航店,药店,2026-04-05,17,上班族,107,1
药店-桐君阁启航店,药店,2026-04-05,17,学生,105,0
药店-桐君阁启航店,药店,2026-04-05,18,家庭主妇,124,1
药店-桐君阁启航店,药店,2026-04-05,18,退休老人,140,0
药店-桐君阁启航店,药店,2026-04-05,18,中青年,143,0
药店-桐君阁启航店,药店,2026-04-05,18,上班族,125,4
药店-桐君阁启航店,药店,2026-04-05,18,学生,106,0
药店-桐君阁启航店,药店,2026-04-05,19,家庭主妇,133,8
药店-桐君阁启航店,药店,2026-04-05,19,退休老人,122,0
药店-桐君阁启航店,药店,2026-04-05,19,中青年,117,4
药店-桐君阁启航店,药店,2026-04-05,19,上班族,124,3
药店-桐君阁启航店,药店,2026-04-05,19,学生,113,3
药店-桐君阁启航店,药店,2026-04-05,20,家庭主妇,87,8
药店-桐君阁启航店,药店,2026-04-05,20,退休老人,91,1
药店-桐君阁启航店,药店,2026-04-05,20,中青年,75,1
药店-桐君阁启航店,药店,2026-04-05,20,上班族,98,1
药店-桐君阁启航店,药店,2026-04-05,20,学生,81,0
药店-桐君阁启航店,药店,2026-04-05,21,家庭主妇,58,2
药店-桐君阁启航店,药店,2026-04-05,21,退休老人,66,0
药店-桐君阁启航店,药店,2026-04-05,21,中青年,61,3
药店-桐君阁启航店,药店,2026-04-05,21,上班族,71,1
药店-桐君阁启航店,药店,2026-04-05,21,学生,59,1
药店-桐君阁启航店,药店,2026-04-05,22,家庭主妇,16,0
药店-桐君阁启航店,药店,2026-04-05,22,退休老人,27,0
药店-桐君阁启航店,药店,2026-04-05,22,中青年,27,0
药店-桐君阁启航店,药店,2026-04-05,22,上班族,28,0
药店-桐君阁启航店,药店,2026-04-05,22,学生,27,0
药店-桐君阁启航店,药店,2026-04-05,23,家庭主妇,0,0
药店-桐君阁启航店,药店,2026-04-05,23,退休老人,0,0
药店-桐君阁启航店,药店,2026-04-05,23,中青年,0,0
药店-桐君阁启航店,药店,2026-04-05,23,上班族,0,0
药店-桐君阁启航店,药店,2026-04-05,23,学生,0,0
药店-桐君阁启航店,药店,2026-04-06,0,家庭主妇,8,0
药店-桐君阁启航店,药店,2026-04-06,0,退休老人,3,0
药店-桐君阁启航店,药店,2026-04-06,0,中青年,7,0
药店-桐君阁启航店,药店,2026-04-06,0,上班族,3,0
药店-桐君阁启航店,药店,2026-04-06,0,学生,5,0
药店-桐君阁启航店,药店,2026-04-06,1,家庭主妇,1,0
药店-桐君阁启航店,药店,2026-04-06,1,退休老人,1,0
药店-桐君阁启航店,药店,2026-04-06,1,中青年,1,0
药店-桐君阁启航店,药店,2026-04-06,1,上班族,1,0
药店-桐君阁启航店,药店,2026-04-06,1,学生,2,0
药店-桐君阁启航店,药店,2026-04-06,2,家庭主妇,0,0
药店-桐君阁启航店,药店,2026-04-06,2,退休老人,0,0
药店-桐君阁启航店,药店,2026-04-06,2,中青年,0,0
药店-桐君阁启航店,药店,2026-04-06,2,上班族,0,0
药店-桐君阁启航店,药店,2026-04-06,2,学生,1,0
药店-桐君阁启航店,药店,2026-04-06,3,家庭主妇,1,0
药店-桐君阁启航店,药店,2026-04-06,3,退休老人,1,0
药店-桐君阁启航店,药店,2026-04-06,3,中青年,1,0
药店-桐君阁启航店,药店,2026-04-06,3,上班族,1,0
药店-桐君阁启航店,药店,2026-04-06,3,学生,1,0
药店-桐君阁启航店,药店,2026-04-06,4,家庭主妇,3,0
药店-桐君阁启航店,药店,2026-04-06,4,退休老人,3,0
药店-桐君阁启航店,药店,2026-04-06,4,中青年,1,0
药店-桐君阁启航店,药店,2026-04-06,4,上班族,3,0
药店-桐君阁启航店,药店,2026-04-06,4,学生,1,0
药店-桐君阁启航店,药店,2026-04-06,5,家庭主妇,2,0
药店-桐君阁启航店,药店,2026-04-06,5,退休老人,4,0
药店-桐君阁启航店,药店,2026-04-06,5,中青年,3,0
药店-桐君阁启航店,药店,2026-04-06,5,上班族,7,0
药店-桐君阁启航店,药店,2026-04-06,5,学生,4,0
药店-桐君阁启航店,药店,2026-04-06,6,家庭主妇,12,0
药店-桐君阁启航店,药店,2026-04-06,6,退休老人,11,0
药店-桐君阁启航店,药店,2026-04-06,6,中青年,28,0
药店-桐君阁启航店,药店,2026-04-06,6,上班族,21,0
药店-桐君阁启航店,药店,2026-04-06,6,学生,18,0
药店-桐君阁启航店,药店,2026-04-06,7,家庭主妇,41,0
药店-桐君阁启航店,药店,2026-04-06,7,退休老人,42,0
药店-桐君阁启航店,药店,2026-04-06,7,中青年,33,0
药店-桐君阁启航店,药店,2026-04-06,7,上班族,46,1
药店-桐君阁启航店,药店,2026-04-06,7,学生,37,0
药店-桐君阁启航店,药店,2026-04-06,8,家庭主妇,56,0
药店-桐君阁启航店,药店,2026-04-06,8,退休老人,54,0
药店-桐君阁启航店,药店,2026-04-06,8,中青年,59,0
药店-桐君阁启航店,药店,2026-04-06,8,上班族,64,0
药店-桐君阁启航店,药店,2026-04-06,8,学生,60,0
药店-桐君阁启航店,药店,2026-04-06,9,家庭主妇,94,2
药店-桐君阁启航店,药店,2026-04-06,9,退休老人,99,0
药店-桐君阁启航店,药店,2026-04-06,9,中青年,101,1
药店-桐君阁启航店,药店,2026-04-06,9,上班族,108,1
药店-桐君阁启航店,药店,2026-04-06,9,学生,83,0
药店-桐君阁启航店,药店,2026-04-06,10,家庭主妇,99,3
药店-桐君阁启航店,药店,2026-04-06,10,退休老人,109,0
药店-桐君阁启航店,药店,2026-04-06,10,中青年,102,1
药店-桐君阁启航店,药店,2026-04-06,10,上班族,95,1
药店-桐君阁启航店,药店,2026-04-06,10,学生,110,0
药店-桐君阁启航店,药店,2026-04-06,11,家庭主妇,77,0
药店-桐君阁启航店,药店,2026-04-06,11,退休老人,71,0
药店-桐君阁启航店,药店,2026-04-06,11,中青年,70,1
药店-桐君阁启航店,药店,2026-04-06,11,上班族,72,0
药店-桐君阁启航店,药店,2026-04-06,11,学生,55,0
药店-桐君阁启航店,药店,2026-04-06,12,家庭主妇,66,0
药店-桐君阁启航店,药店,2026-04-06,12,退休老人,68,0
药店-桐君阁启航店,药店,2026-04-06,12,中青年,75,0
药店-桐君阁启航店,药店,2026-04-06,12,上班族,77,0
药店-桐君阁启航店,药店,2026-04-06,12,学生,57,0
药店-桐君阁启航店,药店,2026-04-06,13,家庭主妇,68,0
药店-桐君阁启航店,药店,2026-04-06,13,退休老人,73,0
药店-桐君阁启航店,药店,2026-04-06,13,中青年,62,0
药店-桐君阁启航店,药店,2026-04-06,13,上班族,73,0
药店-桐君阁启航店,药店,2026-04-06,13,学生,66,0
药店-桐君阁启航店,药店,2026-04-06,14,家庭主妇,90,0
药店-桐君阁启航店,药店,2026-04-06,14,退休老人,90,0
药店-桐君阁启航店,药店,2026-04-06,14,中青年,86,2
药店-桐君阁启航店,药店,2026-04-06,14,上班族,79,0
药店-桐君阁启航店,药店,2026-04-06,14,学生,76,1
药店-桐君阁启航店,药店,2026-04-06,15,家庭主妇,126,0
药店-桐君阁启航店,药店,2026-04-06,15,退休老人,94,0
药店-桐君阁启航店,药店,2026-04-06,15,中青年,118,0
药店-桐君阁启航店,药店,2026-04-06,15,上班族,125,0
药店-桐君阁启航店,药店,2026-04-06,15,学生,112,0
药店-桐君阁启航店,药店,2026-04-06,16,家庭主妇,193,5
药店-桐君阁启航店,药店,2026-04-06,16,退休老人,193,1
药店-桐君阁启航店,药店,2026-04-06,16,中青年,185,2
药店-桐君阁启航店,药店,2026-04-06,16,上班族,167,1
药店-桐君阁启航店,药店,2026-04-06,16,学生,188,0
药店-桐君阁启航店,药店,2026-04-06,17,家庭主妇,226,0
药店-桐君阁启航店,药店,2026-04-06,17,退休老人,207,1
药店-桐君阁启航店,药店,2026-04-06,17,中青年,204,0
药店-桐君阁启航店,药店,2026-04-06,17,上班族,214,4
药店-桐君阁启航店,药店,2026-04-06,17,学生,200,0
药店-桐君阁启航店,药店,2026-04-06,18,家庭主妇,116,1
药店-桐君阁启航店,药店,2026-04-06,18,退休老人,120,1
药店-桐君阁启航店,药店,2026-04-06,18,中青年,113,0
药店-桐君阁启航店,药店,2026-04-06,18,上班族,114,1
药店-桐君阁启航店,药店,2026-04-06,18,学生,131,0
药店-桐君阁启航店,药店,2026-04-06,19,家庭主妇,114,3
药店-桐君阁启航店,药店,2026-04-06,19,退休老人,124,0
药店-桐君阁启航店,药店,2026-04-06,19,中青年,111,4
药店-桐君阁启航店,药店,2026-04-06,19,上班族,114,2
药店-桐君阁启航店,药店,2026-04-06,19,学生,105,0
药店-桐君阁启航店,药店,2026-04-06,20,家庭主妇,127,2
药店-桐君阁启航店,药店,2026-04-06,20,退休老人,109,0
药店-桐君阁启航店,药店,2026-04-06,20,中青年,131,1
药店-桐君阁启航店,药店,2026-04-06,20,上班族,105,0
药店-桐君阁启航店,药店,2026-04-06,20,学生,136,0
药店-桐君阁启航店,药店,2026-04-06,21,家庭主妇,46,3
药店-桐君阁启航店,药店,2026-04-06,21,退休老人,46,0
药店-桐君阁启航店,药店,2026-04-06,21,中青年,50,0
药店-桐君阁启航店,药店,2026-04-06,21,上班族,45,0
药店-桐君阁启航店,药店,2026-04-06,21,学生,39,0
药店-桐君阁启航店,药店,2026-04-06,22,家庭主妇,17,0
药店-桐君阁启航店,药店,2026-04-06,22,退休老人,22,0
药店-桐君阁启航店,药店,2026-04-06,22,中青年,22,0
药店-桐君阁启航店,药店,2026-04-06,22,上班族,22,0
药店-桐君阁启航店,药店,2026-04-06,22,学生,10,0
药店-桐君阁启航店,药店,2026-04-06,23,家庭主妇,10,0
药店-桐君阁启航店,药店,2026-04-06,23,退休老人,12,0
药店-桐君阁启航店,药店,2026-04-06,23,中青年,8,0
药店-桐君阁启航店,药店,2026-04-06,23,上班族,14,0
药店-桐君阁启航店,药店,2026-04-06,23,学生,15,0
药店-桐君阁启航店,药店,2026-04-07,0,家庭主妇,4,0
药店-桐君阁启航店,药店,2026-04-07,0,退休老人,9,0
药店-桐君阁启航店,药店,2026-04-07,0,中青年,4,0
药店-桐君阁启航店,药店,2026-04-07,0,上班族,5,0
药店-桐君阁启航店,药店,2026-04-07,0,学生,3,0
药店-桐君阁启航店,药店,2026-04-07,1,家庭主妇,1,0
药店-桐君阁启航店,药店,2026-04-07,1,退休老人,3,0
药店-桐君阁启航店,药店,2026-04-07,1,中青年,2,0
药店-桐君阁启航店,药店,2026-04-07,1,上班族,2,0
药店-桐君阁启航店,药店,2026-04-07,1,学生,4,0
药店-桐君阁启航店,药店,2026-04-07,2,家庭主妇,2,0
药店-桐君阁启航店,药店,2026-04-07,2,退休老人,2,0
药店-桐君阁启航店,药店,2026-04-07,2,中青年,3,0
药店-桐君阁启航店,药店,2026-04-07,2,上班族,2,0
药店-桐君阁启航店,药店,2026-04-07,2,学生,3,0
药店-桐君阁启航店,药店,2026-04-07,3,家庭主妇,1,0
药店-桐君阁启航店,药店,2026-04-07,3,退休老人,0,0
药店-桐君阁启航店,药店,2026-04-07,3,中青年,1,0
药店-桐君阁启航店,药店,2026-04-07,3,上班族,2,0
药店-桐君阁启航店,药店,2026-04-07,3,学生,0,0
药店-桐君阁启航店,药店,2026-04-07,4,家庭主妇,3,0
药店-桐君阁启航店,药店,2026-04-07,4,退休老人,3,0
药店-桐君阁启航店,药店,2026-04-07,4,中青年,3,0
药店-桐君阁启航店,药店,2026-04-07,4,上班族,3,0
药店-桐君阁启航店,药店,2026-04-07,4,学生,4,0
药店-桐君阁启航店,药店,2026-04-07,5,家庭主妇,3,0
药店-桐君阁启航店,药店,2026-04-07,5,退休老人,6,0
药店-桐君阁启航店,药店,2026-04-07,5,中青年,5,0
药店-桐君阁启航店,药店,2026-04-07,5,上班族,4,0
药店-桐君阁启航店,药店,2026-04-07,5,学生,8,0
药店-桐君阁启航店,药店,2026-04-07,6,家庭主妇,26,0
药店-桐君阁启航店,药店,2026-04-07,6,退休老人,28,0
药店-桐君阁启航店,药店,2026-04-07,6,中青年,31,0
药店-桐君阁启航店,药店,2026-04-07,6,上班族,28,0
药店-桐君阁启航店,药店,2026-04-07,6,学生,33,0
药店-桐君阁启航店,药店,2026-04-07,7,家庭主妇,131,0
药店-桐君阁启航店,药店,2026-04-07,7,退休老人,129,0
药店-桐君阁启航店,药店,2026-04-07,7,中青年,126,0
药店-桐君阁启航店,药店,2026-04-07,7,上班族,111,0
药店-桐君阁启航店,药店,2026-04-07,7,学生,144,0
药店-桐君阁启航店,药店,2026-04-07,8,家庭主妇,115,2
药店-桐君阁启航店,药店,2026-04-07,8,退休老人,147,0
药店-桐君阁启航店,药店,2026-04-07,8,中青年,117,0
药店-桐君阁启航店,药店,2026-04-07,8,上班族,107,0
药店-桐君阁启航店,药店,2026-04-07,8,学生,130,0
药店-桐君阁启航店,药店,2026-04-07,9,家庭主妇,131,1
药店-桐君阁启航店,药店,2026-04-07,9,退休老人,135,0
药店-桐君阁启航店,药店,2026-04-07,9,中青年,136,0
药店-桐君阁启航店,药店,2026-04-07,9,上班族,126,0
药店-桐君阁启航店,药店,2026-04-07,9,学生,125,0
药店-桐君阁启航店,药店,2026-04-07,10,家庭主妇,87,6
药店-桐君阁启航店,药店,2026-04-07,10,退休老人,119,0
药店-桐君阁启航店,药店,2026-04-07,10,中青年,95,4
药店-桐君阁启航店,药店,2026-04-07,10,上班族,144,1
药店-桐君阁启航店,药店,2026-04-07,10,学生,123,0
药店-桐君阁启航店,药店,2026-04-07,11,家庭主妇,79,1
药店-桐君阁启航店,药店,2026-04-07,11,退休老人,84,0
药店-桐君阁启航店,药店,2026-04-07,11,中青年,70,0
药店-桐君阁启航店,药店,2026-04-07,11,上班族,79,1
药店-桐君阁启航店,药店,2026-04-07,11,学生,71,0
药店-桐君阁启航店,药店,2026-04-07,12,家庭主妇,71,1
药店-桐君阁启航店,药店,2026-04-07,12,退休老人,81,0
药店-桐君阁启航店,药店,2026-04-07,12,中青年,71,0
药店-桐君阁启航店,药店,2026-04-07,12,上班族,72,0
药店-桐君阁启航店,药店,2026-04-07,12,学生,72,0
药店-桐君阁启航店,药店,2026-04-07,13,家庭主妇,59,2
药店-桐君阁启航店,药店,2026-04-07,13,退休老人,58,1
药店-桐君阁启航店,药店,2026-04-07,13,中青年,71,0
药店-桐君阁启航店,药店,2026-04-07,13,上班族,72,1
药店-桐君阁启航店,药店,2026-04-07,13,学生,72,0
药店-桐君阁启航店,药店,2026-04-07,14,家庭主妇,89,1
药店-桐君阁启航店,药店,2026-04-07,14,退休老人,82,0
药店-桐君阁启航店,药店,2026-04-07,14,中青年,75,1
药店-桐君阁启航店,药店,2026-04-07,14,上班族,82,1
药店-桐君阁启航店,药店,2026-04-07,14,学生,90,1
药店-桐君阁启航店,药店,2026-04-07,15,家庭主妇,73,2
药店-桐君阁启航店,药店,2026-04-07,15,退休老人,82,0
药店-桐君阁启航店,药店,2026-04-07,15,中青年,81,0
药店-桐君阁启航店,药店,2026-04-07,15,上班族,89,1
药店-桐君阁启航店,药店,2026-04-07,15,学生,86,0
药店-桐君阁启航店,药店,2026-04-07,16,家庭主妇,126,1
药店-桐君阁启航店,药店,2026-04-07,16,退休老人,134,1
药店-桐君阁启航店,药店,2026-04-07,16,中青年,135,0
药店-桐君阁启航店,药店,2026-04-07,16,上班族,123,0
药店-桐君阁启航店,药店,2026-04-07,16,学生,131,0
药店-桐君阁启航店,药店,2026-04-07,17,家庭主妇,128,2
药店-桐君阁启航店,药店,2026-04-07,17,退休老人,124,0
药店-桐君阁启航店,药店,2026-04-07,17,中青年,106,0
药店-桐君阁启航店,药店,2026-04-07,17,上班族,111,2
药店-桐君阁启航店,药店,2026-04-07,17,学生,124,0
药店-桐君阁启航店,药店,2026-04-07,18,家庭主妇,117,1
药店-桐君阁启航店,药店,2026-04-07,18,退休老人,138,0
药店-桐君阁启航店,药店,2026-04-07,18,中青年,103,1
药店-桐君阁启航店,药店,2026-04-07,18,上班族,110,4
药店-桐君阁启航店,药店,2026-04-07,18,学生,116,0
药店-桐君阁启航店,药店,2026-04-07,19,家庭主妇,121,6
药店-桐君阁启航店,药店,2026-04-07,19,退休老人,118,0
药店-桐君阁启航店,药店,2026-04-07,19,中青年,117,4
药店-桐君阁启航店,药店,2026-04-07,19,上班族,133,0
药店-桐君阁启航店,药店,2026-04-07,19,学生,125,0
药店-桐君阁启航店,药店,2026-04-07,20,家庭主妇,108,3
药店-桐君阁启航店,药店,2026-04-07,20,退休老人,110,0
药店-桐君阁启航店,药店,2026-04-07,20,中青年,105,2
药店-桐君阁启航店,药店,2026-04-07,20,上班族,124,2
药店-桐君阁启航店,药店,2026-04-07,20,学生,125,2
药店-桐君阁启航店,药店,2026-04-07,21,家庭主妇,44,2
药店-桐君阁启航店,药店,2026-04-07,21,退休老人,45,0
药店-桐君阁启航店,药店,2026-04-07,21,中青年,40,2
药店-桐君阁启航店,药店,2026-04-07,21,上班族,45,0
药店-桐君阁启航店,药店,2026-04-07,21,学生,50,0
药店-桐君阁启航店,药店,2026-04-07,22,家庭主妇,26,0
药店-桐君阁启航店,药店,2026-04-07,22,退休老人,22,0
药店-桐君阁启航店,药店,2026-04-07,22,中青年,28,0
药店-桐君阁启航店,药店,2026-04-07,22,上班族,18,0
药店-桐君阁启航店,药店,2026-04-07,22,学生,16,0
药店-桐君阁启航店,药店,2026-04-07,23,家庭主妇,0,0
药店-桐君阁启航店,药店,2026-04-07,23,退休老人,0,0
药店-桐君阁启航店,药店,2026-04-07,23,中青年,0,0
药店-桐君阁启航店,药店,2026-04-07,23,上班族,0,0
药店-桐君阁启航店,药店,2026-04-07,23,学生,0,0
药店-桐君阁启航店,药店,2026-04-08,0,家庭主妇,3,0
药店-桐君阁启航店,药店,2026-04-08,0,退休老人,3,0
药店-桐君阁启航店,药店,2026-04-08,0,中青年,7,0
药店-桐君阁启航店,药店,2026-04-08,0,上班族,7,0
药店-桐君阁启航店,药店,2026-04-08,0,学生,2,0
药店-桐君阁启航店,药店,2026-04-08,1,家庭主妇,2,0
药店-桐君阁启航店,药店,2026-04-08,1,退休老人,2,0
药店-桐君阁启航店,药店,2026-04-08,1,中青年,2,0
药店-桐君阁启航店,药店,2026-04-08,1,上班族,2,0
药店-桐君阁启航店,药店,2026-04-08,1,学生,1,0
药店-桐君阁启航店,药店,2026-04-08,2,家庭主妇,3,0
药店-桐君阁启航店,药店,2026-04-08,2,退休老人,4,0
药店-桐君阁启航店,药店,2026-04-08,2,中青年,1,0
药店-桐君阁启航店,药店,2026-04-08,2,上班族,3,0
药店-桐君阁启航店,药店,2026-04-08,2,学生,6,0
药店-桐君阁启航店,药店,2026-04-08,3,家庭主妇,1,0
药店-桐君阁启航店,药店,2026-04-08,3,退休老人,0,0
药店-桐君阁启航店,药店,2026-04-08,3,中青年,0,0
药店-桐君阁启航店,药店,2026-04-08,3,上班族,2,0
药店-桐君阁启航店,药店,2026-04-08,3,学生,0,0
药店-桐君阁启航店,药店,2026-04-08,4,家庭主妇,3,0
药店-桐君阁启航店,药店,2026-04-08,4,退休老人,1,0
药店-桐君阁启航店,药店,2026-04-08,4,中青年,2,0
药店-桐君阁启航店,药店,2026-04-08,4,上班族,2,0
药店-桐君阁启航店,药店,2026-04-08,4,学生,2,0
药店-桐君阁启航店,药店,2026-04-08,5,家庭主妇,7,0
药店-桐君阁启航店,药店,2026-04-08,5,退休老人,11,0
药店-桐君阁启航店,药店,2026-04-08,5,中青年,10,0
药店-桐君阁启航店,药店,2026-04-08,5,上班族,7,0
药店-桐君阁启航店,药店,2026-04-08,5,学生,10,0
药店-桐君阁启航店,药店,2026-04-08,6,家庭主妇,26,0
药店-桐君阁启航店,药店,2026-04-08,6,退休老人,34,0
药店-桐君阁启航店,药店,2026-04-08,6,中青年,25,0
药店-桐君阁启航店,药店,2026-04-08,6,上班族,35,0
药店-桐君阁启航店,药店,2026-04-08,6,学生,31,0
药店-桐君阁启航店,药店,2026-04-08,7,家庭主妇,133,0
药店-桐君阁启航店,药店,2026-04-08,7,退休老人,150,0
药店-桐君阁启航店,药店,2026-04-08,7,中青年,133,0
药店-桐君阁启航店,药店,2026-04-08,7,上班族,169,0
药店-桐君阁启航店,药店,2026-04-08,7,学生,158,0
药店-桐君阁启航店,药店,2026-04-08,8,家庭主妇,141,1
药店-桐君阁启航店,药店,2026-04-08,8,退休老人,116,0
药店-桐君阁启航店,药店,2026-04-08,8,中青年,134,0
药店-桐君阁启航店,药店,2026-04-08,8,上班族,149,2
药店-桐君阁启航店,药店,2026-04-08,8,学生,133,0
药店-桐君阁启航店,药店,2026-04-08,9,家庭主妇,125,2
药店-桐君阁启航店,药店,2026-04-08,9,退休老人,128,1
药店-桐君阁启航店,药店,2026-04-08,9,中青年,126,3
药店-桐君阁启航店,药店,2026-04-08,9,上班族,116,0
药店-桐君阁启航店,药店,2026-04-08,9,学生,113,0
药店-桐君阁启航店,药店,2026-04-08,10,家庭主妇,86,2
药店-桐君阁启航店,药店,2026-04-08,10,退休老人,90,1
药店-桐君阁启航店,药店,2026-04-08,10,中青年,83,1
药店-桐君阁启航店,药店,2026-04-08,10,上班族,92,3
药店-桐君阁启航店,药店,2026-04-08,10,学生,105,1
药店-桐君阁启航店,药店,2026-04-08,11,家庭主妇,59,4
药店-桐君阁启航店,药店,2026-04-08,11,退休老人,78,0
药店-桐君阁启航店,药店,2026-04-08,11,中青年,54,5
药店-桐君阁启航店,药店,2026-04-08,11,上班族,70,3
药店-桐君阁启航店,药店,2026-04-08,11,学生,72,0
药店-桐君阁启航店,药店,2026-04-08,12,家庭主妇,62,1
药店-桐君阁启航店,药店,2026-04-08,12,退休老人,61,0
药店-桐君阁启航店,药店,2026-04-08,12,中青年,52,0
药店-桐君阁启航店,药店,2026-04-08,12,上班族,48,4
药店-桐君阁启航店,药店,2026-04-08,12,学生,47,0
药店-桐君阁启航店,药店,2026-04-08,13,家庭主妇,57,1
药店-桐君阁启航店,药店,2026-04-08,13,退休老人,62,0
药店-桐君阁启航店,药店,2026-04-08,13,中青年,56,0
药店-桐君阁启航店,药店,2026-04-08,13,上班族,38,2
药店-桐君阁启航店,药店,2026-04-08,13,学生,68,0
药店-桐君阁启航店,药店,2026-04-08,14,家庭主妇,48,1
药店-桐君阁启航店,药店,2026-04-08,14,退休老人,54,0
药店-桐君阁启航店,药店,2026-04-08,14,中青年,57,1
药店-桐君阁启航店,药店,2026-04-08,14,上班族,46,1
药店-桐君阁启航店,药店,2026-04-08,14,学生,52,0
药店-桐君阁启航店,药店,2026-04-08,15,家庭主妇,66,2
药店-桐君阁启航店,药店,2026-04-08,15,退休老人,64,0
药店-桐君阁启航店,药店,2026-04-08,15,中青年,64,1
药店-桐君阁启航店,药店,2026-04-08,15,上班族,67,0
药店-桐君阁启航店,药店,2026-04-08,15,学生,55,0
药店-桐君阁启航店,药店,2026-04-08,16,家庭主妇,124,2
药店-桐君阁启航店,药店,2026-04-08,16,退休老人,118,2
药店-桐君阁启航店,药店,2026-04-08,16,中青年,121,4
药店-桐君阁启航店,药店,2026-04-08,16,上班族,124,2
药店-桐君阁启航店,药店,2026-04-08,16,学生,144,1
药店-桐君阁启航店,药店,2026-04-08,17,家庭主妇,138,3
药店-桐君阁启航店,药店,2026-04-08,17,退休老人,146,0
药店-桐君阁启航店,药店,2026-04-08,17,中青年,142,0
药店-桐君阁启航店,药店,2026-04-08,17,上班族,150,5
药店-桐君阁启航店,药店,2026-04-08,17,学生,143,2
药店-桐君阁启航店,药店,2026-04-08,18,家庭主妇,128,2
药店-桐君阁启航店,药店,2026-04-08,18,退休老人,130,0
药店-桐君阁启航店,药店,2026-04-08,18,中青年,120,0
药店-桐君阁启航店,药店,2026-04-08,18,上班族,147,4
药店-桐君阁启航店,药店,2026-04-08,18,学生,118,0
药店-桐君阁启航店,药店,2026-04-08,19,家庭主妇,120,1
药店-桐君阁启航店,药店,2026-04-08,19,退休老人,96,0
药店-桐君阁启航店,药店,2026-04-08,19,中青年,123,1
药店-桐君阁启航店,药店,2026-04-08,19,上班族,126,1
药店-桐君阁启航店,药店,2026-04-08,19,学生,130,2
药店-桐君阁启航店,药店,2026-04-08,20,家庭主妇,135,6
药店-桐君阁启航店,药店,2026-04-08,20,退休老人,126,0
药店-桐君阁启航店,药店,2026-04-08,20,中青年,120,2
药店-桐君阁启航店,药店,2026-04-08,20,上班族,128,1
药店-桐君阁启航店,药店,2026-04-08,20,学生,111,0
药店-桐君阁启航店,药店,2026-04-08,21,家庭主妇,40,2
药店-桐君阁启航店,药店,2026-04-08,21,退休老人,56,0
药店-桐君阁启航店,药店,2026-04-08,21,中青年,44,2
药店-桐君阁启航店,药店,2026-04-08,21,上班族,43,2
药店-桐君阁启航店,药店,2026-04-08,21,学生,45,0
药店-桐君阁启航店,药店,2026-04-08,22,家庭主妇,18,1
药店-桐君阁启航店,药店,2026-04-08,22,退休老人,17,0
药店-桐君阁启航店,药店,2026-04-08,22,中青年,27,3
药店-桐君阁启航店,药店,2026-04-08,22,上班族,19,0
药店-桐君阁启航店,药店,2026-04-08,22,学生,12,0
药店-桐君阁启航店,药店,2026-04-08,23,家庭主妇,0,0
药店-桐君阁启航店,药店,2026-04-08,23,退休老人,0,0
药店-桐君阁启航店,药店,2026-04-08,23,中青年,0,0
药店-桐君阁启航店,药店,2026-04-08,23,上班族,0,0
药店-桐君阁启航店,药店,2026-04-08,23,学生,0,0
药店-桐君阁启航店,药店,2026-04-09,0,家庭主妇,2,0
药店-桐君阁启航店,药店,2026-04-09,0,退休老人,2,0
药店-桐君阁启航店,药店,2026-04-09,0,中青年,2,0
药店-桐君阁启航店,药店,2026-04-09,0,上班族,2,0
药店-桐君阁启航店,药店,2026-04-09,0,学生,1,0
药店-桐君阁启航店,药店,2026-04-09,1,家庭主妇,5,0
药店-桐君阁启航店,药店,2026-04-09,1,退休老人,4,0
药店-桐君阁启航店,药店,2026-04-09,1,中青年,5,0
药店-桐君阁启航店,药店,2026-04-09,1,上班族,2,0
药店-桐君阁启航店,药店,2026-04-09,1,学生,4,0
药店-桐君阁启航店,药店,2026-04-09,2,家庭主妇,1,0
药店-桐君阁启航店,药店,2026-04-09,2,退休老人,3,0
药店-桐君阁启航店,药店,2026-04-09,2,中青年,2,0
药店-桐君阁启航店,药店,2026-04-09,2,上班族,4,0
药店-桐君阁启航店,药店,2026-04-09,2,学生,2,0
药店-桐君阁启航店,药店,2026-04-09,3,家庭主妇,1,0
药店-桐君阁启航店,药店,2026-04-09,3,退休老人,0,0
药店-桐君阁启航店,药店,2026-04-09,3,中青年,2,0
药店-桐君阁启航店,药店,2026-04-09,3,上班族,1,0
药店-桐君阁启航店,药店,2026-04-09,3,学生,3,0
药店-桐君阁启航店,药店,2026-04-09,4,家庭主妇,0,0
药店-桐君阁启航店,药店,2026-04-09,4,退休老人,3,0
药店-桐君阁启航店,药店,2026-04-09,4,中青年,4,0
药店-桐君阁启航店,药店,2026-04-09,4,上班族,2,0
药店-桐君阁启航店,药店,2026-04-09,4,学生,3,0
药店-桐君阁启航店,药店,2026-04-09,5,家庭主妇,7,0
药店-桐君阁启航店,药店,2026-04-09,5,退休老人,7,0
药店-桐君阁启航店,药店,2026-04-09,5,中青年,10,0
药店-桐君阁启航店,药店,2026-04-09,5,上班族,8,0
药店-桐君阁启航店,药店,2026-04-09,5,学生,8,0
药店-桐君阁启航店,药店,2026-04-09,6,家庭主妇,44,0
药店-桐君阁启航店,药店,2026-04-09,6,退休老人,46,0
药店-桐君阁启航店,药店,2026-04-09,6,中青年,38,0
药店-桐君阁启航店,药店,2026-04-09,6,上班族,34,0
药店-桐君阁启航店,药店,2026-04-09,6,学生,27,0
药店-桐君阁启航店,药店,2026-04-09,7,家庭主妇,155,1
药店-桐君阁启航店,药店,2026-04-09,7,退休老人,146,0
药店-桐君阁启航店,药店,2026-04-09,7,中青年,153,0
药店-桐君阁启航店,药店,2026-04-09,7,上班族,157,3
药店-桐君阁启航店,药店,2026-04-09,7,学生,151,0
药店-桐君阁启航店,药店,2026-04-09,8,家庭主妇,127,0
药店-桐君阁启航店,药店,2026-04-09,8,退休老人,158,0
药店-桐君阁启航店,药店,2026-04-09,8,中青年,148,4
药店-桐君阁启航店,药店,2026-04-09,8,上班族,154,3
药店-桐君阁启航店,药店,2026-04-09,8,学生,131,0
药店-桐君阁启航店,药店,2026-04-09,9,家庭主妇,127,2
药店-桐君阁启航店,药店,2026-04-09,9,退休老人,115,1
药店-桐君阁启航店,药店,2026-04-09,9,中青年,114,4
药店-桐君阁启航店,药店,2026-04-09,9,上班族,134,2
药店-桐君阁启航店,药店,2026-04-09,9,学生,131,1
药店-桐君阁启航店,药店,2026-04-09,10,家庭主妇,75,1
药店-桐君阁启航店,药店,2026-04-09,10,退休老人,79,0
药店-桐君阁启航店,药店,2026-04-09,10,中青年,98,3
药店-桐君阁启航店,药店,2026-04-09,10,上班族,80,1
药店-桐君阁启航店,药店,2026-04-09,10,学生,91,0
药店-桐君阁启航店,药店,2026-04-09,11,家庭主妇,64,1
药店-桐君阁启航店,药店,2026-04-09,11,退休老人,61,1
药店-桐君阁启航店,药店,2026-04-09,11,中青年,55,0
药店-桐君阁启航店,药店,2026-04-09,11,上班族,47,2
药店-桐君阁启航店,药店,2026-04-09,11,学生,60,1
药店-桐君阁启航店,药店,2026-04-09,12,家庭主妇,55,0
药店-桐君阁启航店,药店,2026-04-09,12,退休老人,54,0
药店-桐君阁启航店,药店,2026-04-09,12,中青年,33,0
药店-桐君阁启航店,药店,2026-04-09,12,上班族,48,3
药店-桐君阁启航店,药店,2026-04-09,12,学生,42,0
药店-桐君阁启航店,药店,2026-04-09,13,家庭主妇,43,3
药店-桐君阁启航店,药店,2026-04-09,13,退休老人,43,0
药店-桐君阁启航店,药店,2026-04-09,13,中青年,29,4
药店-桐君阁启航店,药店,2026-04-09,13,上班族,38,0
药店-桐君阁启航店,药店,2026-04-09,13,学生,30,0
药店-桐君阁启航店,药店,2026-04-09,14,家庭主妇,55,2
药店-桐君阁启航店,药店,2026-04-09,14,退休老人,46,0
药店-桐君阁启航店,药店,2026-04-09,14,中青年,45,0
药店-桐君阁启航店,药店,2026-04-09,14,上班族,42,2
药店-桐君阁启航店,药店,2026-04-09,14,学生,41,0
药店-桐君阁启航店,药店,2026-04-09,15,家庭主妇,58,4
药店-桐君阁启航店,药店,2026-04-09,15,退休老人,45,0
药店-桐君阁启航店,药店,2026-04-09,15,中青年,61,0
药店-桐君阁启航店,药店,2026-04-09,15,上班族,63,1
药店-桐君阁启航店,药店,2026-04-09,15,学生,60,0
药店-桐君阁启航店,药店,2026-04-09,16,家庭主妇,120,2
药店-桐君阁启航店,药店,2026-04-09,16,退休老人,114,0
药店-桐君阁启航店,药店,2026-04-09,16,中青年,127,0
药店-桐君阁启航店,药店,2026-04-09,16,上班族,118,1
药店-桐君阁启航店,药店,2026-04-09,16,学生,112,1
药店-桐君阁启航店,药店,2026-04-09,17,家庭主妇,129,2
药店-桐君阁启航店,药店,2026-04-09,17,退休老人,150,1
药店-桐君阁启航店,药店,2026-04-09,17,中青年,139,1
药店-桐君阁启航店,药店,2026-04-09,17,上班族,132,4
药店-桐君阁启航店,药店,2026-04-09,17,学生,128,0
药店-桐君阁启航店,药店,2026-04-09,18,家庭主妇,148,2
药店-桐君阁启航店,药店,2026-04-09,18,退休老人,109,0
药店-桐君阁启航店,药店,2026-04-09,18,中青年,116,2
药店-桐君阁启航店,药店,2026-04-09,18,上班族,130,4
药店-桐君阁启航店,药店,2026-04-09,18,学生,118,0
药店-桐君阁启航店,药店,2026-04-09,19,家庭主妇,112,1
药店-桐君阁启航店,药店,2026-04-09,19,退休老人,106,1
药店-桐君阁启航店,药店,2026-04-09,19,中青年,120,0
药店-桐君阁启航店,药店,2026-04-09,19,上班族,125,0
药店-桐君阁启航店,药店,2026-04-09,19,学生,113,0
药店-桐君阁启航店,药店,2026-04-09,20,家庭主妇,102,3
药店-桐君阁启航店,药店,2026-04-09,20,退休老人,121,0
药店-桐君阁启航店,药店,2026-04-09,20,中青年,114,3
药店-桐君阁启航店,药店,2026-04-09,20,上班族,110,2
药店-桐君阁启航店,药店,2026-04-09,20,学生,139,1
药店-桐君阁启航店,药店,2026-04-09,21,家庭主妇,57,5
药店-桐君阁启航店,药店,2026-04-09,21,退休老人,50,0
药店-桐君阁启航店,药店,2026-04-09,21,中青年,54,1
药店-桐君阁启航店,药店,2026-04-09,21,上班族,57,0
药店-桐君阁启航店,药店,2026-04-09,21,学生,57,0
药店-桐君阁启航店,药店,2026-04-09,22,家庭主妇,21,0
药店-桐君阁启航店,药店,2026-04-09,22,退休老人,26,0
药店-桐君阁启航店,药店,2026-04-09,22,中青年,25,0
药店-桐君阁启航店,药店,2026-04-09,22,上班族,23,0
药店-桐君阁启航店,药店,2026-04-09,22,学生,23,0
药店-桐君阁启航店,药店,2026-04-09,23,家庭主妇,0,0
药店-桐君阁启航店,药店,2026-04-09,23,退休老人,0,0
药店-桐君阁启航店,药店,2026-04-09,23,中青年,0,0
药店-桐君阁启航店,药店,2026-04-09,23,上班族,0,0
药店-桐君阁启航店,药店,2026-04-09,23,学生,0,0
药店-桐君阁启航店,药店,2026-04-10,0,家庭主妇,8,0
药店-桐君阁启航店,药店,2026-04-10,0,退休老人,2,0
药店-桐君阁启航店,药店,2026-04-10,0,中青年,3,0
药店-桐君阁启航店,药店,2026-04-10,0,上班族,2,0
药店-桐君阁启航店,药店,2026-04-10,0,学生,5,0
药店-桐君阁启航店,药店,2026-04-10,1,家庭主妇,2,0
药店-桐君阁启航店,药店,2026-04-10,1,退休老人,5,0
药店-桐君阁启航店,药店,2026-04-10,1,中青年,3,0
药店-桐君阁启航店,药店,2026-04-10,1,上班族,3,0
药店-桐君阁启航店,药店,2026-04-10,1,学生,4,0
药店-桐君阁启航店,药店,2026-04-10,2,家庭主妇,4,0
药店-桐君阁启航店,药店,2026-04-10,2,退休老人,4,0
药店-桐君阁启航店,药店,2026-04-10,2,中青年,5,0
药店-桐君阁启航店,药店,2026-04-10,2,上班族,4,0
药店-桐君阁启航店,药店,2026-04-10,2,学生,5,0
药店-桐君阁启航店,药店,2026-04-10,3,家庭主妇,0,0
药店-桐君阁启航店,药店,2026-04-10,3,退休老人,2,0
药店-桐君阁启航店,药店,2026-04-10,3,中青年,1,0
药店-桐君阁启航店,药店,2026-04-10,3,上班族,2,0
药店-桐君阁启航店,药店,2026-04-10,3,学生,1,0
药店-桐君阁启航店,药店,2026-04-10,4,家庭主妇,2,0
药店-桐君阁启航店,药店,2026-04-10,4,退休老人,2,0
药店-桐君阁启航店,药店,2026-04-10,4,中青年,1,0
药店-桐君阁启航店,药店,2026-04-10,4,上班族,1,0
药店-桐君阁启航店,药店,2026-04-10,4,学生,0,0
药店-桐君阁启航店,药店,2026-04-10,5,家庭主妇,8,0
药店-桐君阁启航店,药店,2026-04-10,5,退休老人,4,0
药店-桐君阁启航店,药店,2026-04-10,5,中青年,8,0
药店-桐君阁启航店,药店,2026-04-10,5,上班族,8,0
药店-桐君阁启航店,药店,2026-04-10,5,学生,7,0
药店-桐君阁启航店,药店,2026-04-10,6,家庭主妇,34,0
药店-桐君阁启航店,药店,2026-04-10,6,退休老人,52,0
药店-桐君阁启航店,药店,2026-04-10,6,中青年,32,0
药店-桐君阁启航店,药店,2026-04-10,6,上班族,29,0
药店-桐君阁启航店,药店,2026-04-10,6,学生,31,0
药店-桐君阁启航店,药店,2026-04-10,7,家庭主妇,164,0
药店-桐君阁启航店,药店,2026-04-10,7,退休老人,169,0
药店-桐君阁启航店,药店,2026-04-10,7,中青年,152,0
药店-桐君阁启航店,药店,2026-04-10,7,上班族,134,1
药店-桐君阁启航店,药店,2026-04-10,7,学生,161,0
药店-桐君阁启航店,药店,2026-04-10,8,家庭主妇,139,0
药店-桐君阁启航店,药店,2026-04-10,8,退休老人,163,1
药店-桐君阁启航店,药店,2026-04-10,8,中青年,133,1
药店-桐君阁启航店,药店,2026-04-10,8,上班族,156,4
药店-桐君阁启航店,药店,2026-04-10,8,学生,133,1
药店-桐君阁启航店,药店,2026-04-10,9,家庭主妇,115,2
药店-桐君阁启航店,药店,2026-04-10,9,退休老人,147,0
药店-桐君阁启航店,药店,2026-04-10,9,中青年,123,2
药店-桐君阁启航店,药店,2026-04-10,9,上班族,127,1
药店-桐君阁启航店,药店,2026-04-10,9,学生,119,0
药店-桐君阁启航店,药店,2026-04-10,10,家庭主妇,68,4
药店-桐君阁启航店,药店,2026-04-10,10,退休老人,79,0
药店-桐君阁启航店,药店,2026-04-10,10,中青年,74,2
药店-桐君阁启航店,药店,2026-04-10,10,上班族,85,1
药店-桐君阁启航店,药店,2026-04-10,10,学生,88,0
药店-桐君阁启航店,药店,2026-04-10,11,家庭主妇,62,0
药店-桐君阁启航店,药店,2026-04-10,11,退休老人,57,0
药店-桐君阁启航店,药店,2026-04-10,11,中青年,61,1
药店-桐君阁启航店,药店,2026-04-10,11,上班族,74,2
药店-桐君阁启航店,药店,2026-04-10,11,学生,62,0
药店-桐君阁启航店,药店,2026-04-10,12,家庭主妇,53,0
药店-桐君阁启航店,药店,2026-04-10,12,退休老人,58,0
药店-桐君阁启航店,药店,2026-04-10,12,中青年,45,1
药店-桐君阁启航店,药店,2026-04-10,12,上班族,42,3
药店-桐君阁启航店,药店,2026-04-10,12,学生,34,0
药店-桐君阁启航店,药店,2026-04-10,13,家庭主妇,44,1
药店-桐君阁启航店,药店,2026-04-10,13,退休老人,33,0
药店-桐君阁启航店,药店,2026-04-10,13,中青年,39,1
药店-桐君阁启航店,药店,2026-04-10,13,上班族,33,0
药店-桐君阁启航店,药店,2026-04-10,13,学生,36,0
药店-桐君阁启航店,药店,2026-04-10,14,家庭主妇,48,0
药店-桐君阁启航店,药店,2026-04-10,14,退休老人,36,0
药店-桐君阁启航店,药店,2026-04-10,14,中青年,45,0
药店-桐君阁启航店,药店,2026-04-10,14,上班族,39,0
药店-桐君阁启航店,药店,2026-04-10,14,学生,50,1
药店-桐君阁启航店,药店,2026-04-10,15,家庭主妇,312,3
药店-桐君阁启航店,药店,2026-04-10,15,退休老人,259,1
药店-桐君阁启航店,药店,2026-04-10,15,中青年,319,1
药店-桐君阁启航店,药店,2026-04-10,15,上班族,321,1
药店-桐君阁启航店,药店,2026-04-10,15,学生,359,0
药店-桐君阁启航店,药店,2026-04-10,16,家庭主妇,226,0
药店-桐君阁启航店,药店,2026-04-10,16,退休老人,217,0
药店-桐君阁启航店,药店,2026-04-10,16,中青年,240,0
药店-桐君阁启航店,药店,2026-04-10,16,上班族,222,1
药店-桐君阁启航店,药店,2026-04-10,16,学生,214,0
药店-桐君阁启航店,药店,2026-04-10,17,家庭主妇,161,2
药店-桐君阁启航店,药店,2026-04-10,17,退休老人,130,0
药店-桐君阁启航店,药店,2026-04-10,17,中青年,165,1
药店-桐君阁启航店,药店,2026-04-10,17,上班族,157,2
药店-桐君阁启航店,药店,2026-04-10,17,学生,143,0
药店-桐君阁启航店,药店,2026-04-10,18,家庭主妇,91,0
药店-桐君阁启航店,药店,2026-04-10,18,退休老人,105,0
药店-桐君阁启航店,药店,2026-04-10,18,中青年,88,0
药店-桐君阁启航店,药店,2026-04-10,18,上班族,124,4
药店-桐君阁启航店,药店,2026-04-10,18,学生,102,2
药店-桐君阁启航店,药店,2026-04-10,19,家庭主妇,70,2
药店-桐君阁启航店,药店,2026-04-10,19,退休老人,58,0
药店-桐君阁启航店,药店,2026-04-10,19,中青年,60,2
药店-桐君阁启航店,药店,2026-04-10,19,上班族,54,1
药店-桐君阁启航店,药店,2026-04-10,19,学生,58,1
药店-桐君阁启航店,药店,2026-04-10,20,家庭主妇,70,3
药店-桐君阁启航店,药店,2026-04-10,20,退休老人,53,1
药店-桐君阁启航店,药店,2026-04-10,20,中青年,65,1
药店-桐君阁启航店,药店,2026-04-10,20,上班族,64,0
药店-桐君阁启航店,药店,2026-04-10,20,学生,63,2
药店-桐君阁启航店,药店,2026-04-10,21,家庭主妇,42,2
药店-桐君阁启航店,药店,2026-04-10,21,退休老人,39,0
药店-桐君阁启航店,药店,2026-04-10,21,中青年,45,0
药店-桐君阁启航店,药店,2026-04-10,21,上班族,48,1
药店-桐君阁启航店,药店,2026-04-10,21,学生,42,1
药店-桐君阁启航店,药店,2026-04-10,22,家庭主妇,26,0
药店-桐君阁启航店,药店,2026-04-10,22,退休老人,20,0
药店-桐君阁启航店,药店,2026-04-10,22,中青年,22,0
药店-桐君阁启航店,药店,2026-04-10,22,上班族,19,0
药店-桐君阁启航店,药店,2026-04-10,22,学生,30,0
药店-桐君阁启航店,药店,2026-04-10,23,家庭主妇,0,0
药店-桐君阁启航店,药店,2026-04-10,23,退休老人,0,0
药店-桐君阁启航店,药店,2026-04-10,23,中青年,0,0
药店-桐君阁启航店,药店,2026-04-10,23,上班族,0,0
药店-桐君阁启航店,药店,2026-04-10,23,学生,0,0
药店-桐君阁启航店,药店,2026-04-11,0,家庭主妇,7,0
药店-桐君阁启航店,药店,2026-04-11,0,退休老人,7,0
药店-桐君阁启航店,药店,2026-04-11,0,中青年,7,0
药店-桐君阁启航店,药店,2026-04-11,0,上班族,8,0
药店-桐君阁启航店,药店,2026-04-11,0,学生,6,0
药店-桐君阁启航店,药店,2026-04-11,1,家庭主妇,5,0
药店-桐君阁启航店,药店,2026-04-11,1,退休老人,5,0
药店-桐君阁启航店,药店,2026-04-11,1,中青年,4,0
药店-桐君阁启航店,药店,2026-04-11,1,上班族,6,0
药店-桐君阁启航店,药店,2026-04-11,1,学生,6,0
药店-桐君阁启航店,药店,2026-04-11,2,家庭主妇,2,0
药店-桐君阁启航店,药店,2026-04-11,2,退休老人,2,0
药店-桐君阁启航店,药店,2026-04-11,2,中青年,3,0
药店-桐君阁启航店,药店,2026-04-11,2,上班族,5,0
药店-桐君阁启航店,药店,2026-04-11,2,学生,1,0
药店-桐君阁启航店,药店,2026-04-11,3,家庭主妇,2,0
药店-桐君阁启航店,药店,2026-04-11,3,退休老人,1,0
药店-桐君阁启航店,药店,2026-04-11,3,中青年,3,0
药店-桐君阁启航店,药店,2026-04-11,3,上班族,1,0
药店-桐君阁启航店,药店,2026-04-11,3,学生,1,0
药店-桐君阁启航店,药店,2026-04-11,4,家庭主妇,0,0
药店-桐君阁启航店,药店,2026-04-11,4,退休老人,2,0
药店-桐君阁启航店,药店,2026-04-11,4,中青年,1,0
药店-桐君阁启航店,药店,2026-04-11,4,上班族,2,0
药店-桐君阁启航店,药店,2026-04-11,4,学生,1,0
药店-桐君阁启航店,药店,2026-04-11,5,家庭主妇,2,0
药店-桐君阁启航店,药店,2026-04-11,5,退休老人,5,0
药店-桐君阁启航店,药店,2026-04-11,5,中青年,5,0
药店-桐君阁启航店,药店,2026-04-11,5,上班族,5,0
药店-桐君阁启航店,药店,2026-04-11,5,学生,1,0
药店-桐君阁启航店,药店,2026-04-11,6,家庭主妇,20,0
药店-桐君阁启航店,药店,2026-04-11,6,退休老人,19,0
药店-桐君阁启航店,药店,2026-04-11,6,中青年,13,0
药店-桐君阁启航店,药店,2026-04-11,6,上班族,20,0
药店-桐君阁启航店,药店,2026-04-11,6,学生,21,0
药店-桐君阁启航店,药店,2026-04-11,7,家庭主妇,63,0
药店-桐君阁启航店,药店,2026-04-11,7,退休老人,69,0
药店-桐君阁启航店,药店,2026-04-11,7,中青年,71,0
药店-桐君阁启航店,药店,2026-04-11,7,上班族,69,0
药店-桐君阁启航店,药店,2026-04-11,7,学生,71,0
药店-桐君阁启航店,药店,2026-04-11,8,家庭主妇,188,1
药店-桐君阁启航店,药店,2026-04-11,8,退休老人,152,0
药店-桐君阁启航店,药店,2026-04-11,8,中青年,146,0
药店-桐君阁启航店,药店,2026-04-11,8,上班族,166,1
药店-桐君阁启航店,药店,2026-04-11,8,学生,156,0
药店-桐君阁启航店,药店,2026-04-11,9,家庭主妇,152,2
药店-桐君阁启航店,药店,2026-04-11,9,退休老人,135,2
药店-桐君阁启航店,药店,2026-04-11,9,中青年,161,0
药店-桐君阁启航店,药店,2026-04-11,9,上班族,149,1
药店-桐君阁启航店,药店,2026-04-11,9,学生,167,1
药店-桐君阁启航店,药店,2026-04-11,10,家庭主妇,152,7
药店-桐君阁启航店,药店,2026-04-11,10,退休老人,141,3
药店-桐君阁启航店,药店,2026-04-11,10,中青年,129,3
药店-桐君阁启航店,药店,2026-04-11,10,上班族,140,4
药店-桐君阁启航店,药店,2026-04-11,10,学生,146,2
药店-桐君阁启航店,药店,2026-04-11,11,家庭主妇,213,4
药店-桐君阁启航店,药店,2026-04-11,11,退休老人,208,0
药店-桐君阁启航店,药店,2026-04-11,11,中青年,186,1
药店-桐君阁启航店,药店,2026-04-11,11,上班族,208,5
药店-桐君阁启航店,药店,2026-04-11,11,学生,209,0
药店-桐君阁启航店,药店,2026-04-11,12,家庭主妇,99,0
药店-桐君阁启航店,药店,2026-04-11,12,退休老人,117,0
药店-桐君阁启航店,药店,2026-04-11,12,中青年,118,0
药店-桐君阁启航店,药店,2026-04-11,12,上班族,141,4
药店-桐君阁启航店,药店,2026-04-11,12,学生,124,0
药店-桐君阁启航店,药店,2026-04-11,13,家庭主妇,156,0
药店-桐君阁启航店,药店,2026-04-11,13,退休老人,138,0
药店-桐君阁启航店,药店,2026-04-11,13,中青年,130,0
药店-桐君阁启航店,药店,2026-04-11,13,上班族,125,0
药店-桐君阁启航店,药店,2026-04-11,13,学生,135,0
药店-桐君阁启航店,药店,2026-04-11,14,家庭主妇,100,0
药店-桐君阁启航店,药店,2026-04-11,14,退休老人,99,0
药店-桐君阁启航店,药店,2026-04-11,14,中青年,98,0
药店-桐君阁启航店,药店,2026-04-11,14,上班族,100,0
药店-桐君阁启航店,药店,2026-04-11,14,学生,112,0
药店-桐君阁启航店,药店,2026-04-11,15,家庭主妇,94,2
药店-桐君阁启航店,药店,2026-04-11,15,退休老人,100,0
药店-桐君阁启航店,药店,2026-04-11,15,中青年,94,3
药店-桐君阁启航店,药店,2026-04-11,15,上班族,115,1
药店-桐君阁启航店,药店,2026-04-11,15,学生,102,1
药店-桐君阁启航店,药店,2026-04-11,16,家庭主妇,171,2
药店-桐君阁启航店,药店,2026-04-11,16,退休老人,159,0
药店-桐君阁启航店,药店,2026-04-11,16,中青年,183,3
药店-桐君阁启航店,药店,2026-04-11,16,上班族,169,1
药店-桐君阁启航店,药店,2026-04-11,16,学生,172,0
药店-桐君阁启航店,药店,2026-04-11,17,家庭主妇,143,1
药店-桐君阁启航店,药店,2026-04-11,17,退休老人,138,0
药店-桐君阁启航店,药店,2026-04-11,17,中青年,132,5
药店-桐君阁启航店,药店,2026-04-11,17,上班族,152,1
药店-桐君阁启航店,药店,2026-04-11,17,学生,129,0
药店-桐君阁启航店,药店,2026-04-11,18,家庭主妇,107,2
药店-桐君阁启航店,药店,2026-04-11,18,退休老人,116,1
药店-桐君阁启航店,药店,2026-04-11,18,中青年,103,0
药店-桐君阁启航店,药店,2026-04-11,18,上班族,125,4
药店-桐君阁启航店,药店,2026-04-11,18,学生,109,0
药店-桐君阁启航店,药店,2026-04-11,19,家庭主妇,112,4
药店-桐君阁启航店,药店,2026-04-11,19,退休老人,104,1
药店-桐君阁启航店,药店,2026-04-11,19,中青年,132,2
药店-桐君阁启航店,药店,2026-04-11,19,上班族,105,2
药店-桐君阁启航店,药店,2026-04-11,19,学生,107,4
药店-桐君阁启航店,药店,2026-04-11,20,家庭主妇,83,0
药店-桐君阁启航店,药店,2026-04-11,20,退休老人,63,0
药店-桐君阁启航店,药店,2026-04-11,20,中青年,77,1
药店-桐君阁启航店,药店,2026-04-11,20,上班族,75,2
药店-桐君阁启航店,药店,2026-04-11,20,学生,84,0
药店-桐君阁启航店,药店,2026-04-11,21,家庭主妇,43,2
药店-桐君阁启航店,药店,2026-04-11,21,退休老人,43,0
药店-桐君阁启航店,药店,2026-04-11,21,中青年,48,2
药店-桐君阁启航店,药店,2026-04-11,21,上班族,43,1
药店-桐君阁启航店,药店,2026-04-11,21,学生,43,0
药店-桐君阁启航店,药店,2026-04-11,22,家庭主妇,27,1
药店-桐君阁启航店,药店,2026-04-11,22,退休老人,22,0
药店-桐君阁启航店,药店,2026-04-11,22,中青年,28,0
药店-桐君阁启航店,药店,2026-04-11,22,上班族,29,1
药店-桐君阁启航店,药店,2026-04-11,22,学生,35,0
药店-桐君阁启航店,药店,2026-04-11,23,家庭主妇,0,0
药店-桐君阁启航店,药店,2026-04-11,23,退休老人,0,0
药店-桐君阁启航店,药店,2026-04-11,23,中青年,0,0
药店-桐君阁启航店,药店,2026-04-11,23,上班族,0,0
药店-桐君阁启航店,药店,2026-04-11,23,学生,0,0
药店-桐君阁启航店,药店,2026-04-12,0,家庭主妇,11,0
药店-桐君阁启航店,药店,2026-04-12,0,退休老人,17,0
药店-桐君阁启航店,药店,2026-04-12,0,中青年,10,0
药店-桐君阁启航店,药店,2026-04-12,0,上班族,8,0
药店-桐君阁启航店,药店,2026-04-12,0,学生,5,0
药店-桐君阁启航店,药店,2026-04-12,1,家庭主妇,4,0
药店-桐君阁启航店,药店,2026-04-12,1,退休老人,4,0
药店-桐君阁启航店,药店,2026-04-12,1,中青年,9,0
药店-桐君阁启航店,药店,2026-04-12,1,上班族,3,0
药店-桐君阁启航店,药店,2026-04-12,1,学生,7,0
药店-桐君阁启航店,药店,2026-04-12,2,家庭主妇,4,0
药店-桐君阁启航店,药店,2026-04-12,2,退休老人,4,0
药店-桐君阁启航店,药店,2026-04-12,2,中青年,5,0
药店-桐君阁启航店,药店,2026-04-12,2,上班族,4,0
药店-桐君阁启航店,药店,2026-04-12,2,学生,5,0
药店-桐君阁启航店,药店,2026-04-12,3,家庭主妇,3,0
药店-桐君阁启航店,药店,2026-04-12,3,退休老人,1,0
药店-桐君阁启航店,药店,2026-04-12,3,中青年,3,0
药店-桐君阁启航店,药店,2026-04-12,3,上班族,2,0
药店-桐君阁启航店,药店,2026-04-12,3,学生,3,0
药店-桐君阁启航店,药店,2026-04-12,4,家庭主妇,0,0
药店-桐君阁启航店,药店,2026-04-12,4,退休老人,1,0
药店-桐君阁启航店,药店,2026-04-12,4,中青年,1,0
药店-桐君阁启航店,药店,2026-04-12,4,上班族,1,0
药店-桐君阁启航店,药店,2026-04-12,4,学生,0,0
药店-桐君阁启航店,药店,2026-04-12,5,家庭主妇,5,0
药店-桐君阁启航店,药店,2026-04-12,5,退休老人,5,0
药店-桐君阁启航店,药店,2026-04-12,5,中青年,10,0
药店-桐君阁启航店,药店,2026-04-12,5,上班族,6,0
药店-桐君阁启航店,药店,2026-04-12,5,学生,7,0
药店-桐君阁启航店,药店,2026-04-12,6,家庭主妇,17,0
药店-桐君阁启航店,药店,2026-04-12,6,退休老人,17,0
药店-桐君阁启航店,药店,2026-04-12,6,中青年,38,0
药店-桐君阁启航店,药店,2026-04-12,6,上班族,18,0
药店-桐君阁启航店,药店,2026-04-12,6,学生,16,0
药店-桐君阁启航店,药店,2026-04-12,7,家庭主妇,63,0
药店-桐君阁启航店,药店,2026-04-12,7,退休老人,58,0
药店-桐君阁启航店,药店,2026-04-12,7,中青年,82,0
药店-桐君阁启航店,药店,2026-04-12,7,上班族,66,1
药店-桐君阁启航店,药店,2026-04-12,7,学生,63,0
药店-桐君阁启航店,药店,2026-04-12,8,家庭主妇,149,2
药店-桐君阁启航店,药店,2026-04-12,8,退休老人,144,0
药店-桐君阁启航店,药店,2026-04-12,8,中青年,150,1
药店-桐君阁启航店,药店,2026-04-12,8,上班族,126,1
药店-桐君阁启航店,药店,2026-04-12,8,学生,170,1
药店-桐君阁启航店,药店,2026-04-12,9,家庭主妇,149,3
药店-桐君阁启航店,药店,2026-04-12,9,退休老人,173,0
药店-桐君阁启航店,药店,2026-04-12,9,中青年,146,3
药店-桐君阁启航店,药店,2026-04-12,9,上班族,160,1
药店-桐君阁启航店,药店,2026-04-12,9,学生,171,0
药店-桐君阁启航店,药店,2026-04-12,10,家庭主妇,150,0
药店-桐君阁启航店,药店,2026-04-12,10,退休老人,137,0
药店-桐君阁启航店,药店,2026-04-12,10,中青年,158,1
药店-桐君阁启航店,药店,2026-04-12,10,上班族,149,3
药店-桐君阁启航店,药店,2026-04-12,10,学生,148,1
药店-桐君阁启航店,药店,2026-04-12,11,家庭主妇,135,2
药店-桐君阁启航店,药店,2026-04-12,11,退休老人,164,0
药店-桐君阁启航店,药店,2026-04-12,11,中青年,144,2
药店-桐君阁启航店,药店,2026-04-12,11,上班族,157,1
药店-桐君阁启航店,药店,2026-04-12,11,学生,145,0
药店-桐君阁启航店,药店,2026-04-12,12,家庭主妇,85,0
药店-桐君阁启航店,药店,2026-04-12,12,退休老人,82,0
药店-桐君阁启航店,药店,2026-04-12,12,中青年,102,0
药店-桐君阁启航店,药店,2026-04-12,12,上班族,71,3
药店-桐君阁启航店,药店,2026-04-12,12,学生,85,0
药店-桐君阁启航店,药店,2026-04-12,13,家庭主妇,99,0
药店-桐君阁启航店,药店,2026-04-12,13,退休老人,116,0
药店-桐君阁启航店,药店,2026-04-12,13,中青年,101,0
药店-桐君阁启航店,药店,2026-04-12,13,上班族,104,0
药店-桐君阁启航店,药店,2026-04-12,13,学生,104,1
药店-桐君阁启航店,药店,2026-04-12,14,家庭主妇,115,4
药店-桐君阁启航店,药店,2026-04-12,14,退休老人,88,0
药店-桐君阁启航店,药店,2026-04-12,14,中青年,109,3
药店-桐君阁启航店,药店,2026-04-12,14,上班族,94,1
药店-桐君阁启航店,药店,2026-04-12,14,学生,94,0
药店-桐君阁启航店,药店,2026-04-12,15,家庭主妇,121,2
药店-桐君阁启航店,药店,2026-04-12,15,退休老人,115,0
药店-桐君阁启航店,药店,2026-04-12,15,中青年,102,1
药店-桐君阁启航店,药店,2026-04-12,15,上班族,133,0
药店-桐君阁启航店,药店,2026-04-12,15,学生,109,0
药店-桐君阁启航店,药店,2026-04-12,16,家庭主妇,187,2
药店-桐君阁启航店,药店,2026-04-12,16,退休老人,233,1
药店-桐君阁启航店,药店,2026-04-12,16,中青年,216,2
药店-桐君阁启航店,药店,2026-04-12,16,上班族,244,2
药店-桐君阁启航店,药店,2026-04-12,16,学生,188,0
药店-桐君阁启航店,药店,2026-04-12,17,家庭主妇,260,1
药店-桐君阁启航店,药店,2026-04-12,17,退休老人,249,0
药店-桐君阁启航店,药店,2026-04-12,17,中青年,245,0
药店-桐君阁启航店,药店,2026-04-12,17,上班族,265,3
药店-桐君阁启航店,药店,2026-04-12,17,学生,267,2
药店-桐君阁启航店,药店,2026-04-12,18,家庭主妇,128,0
药店-桐君阁启航店,药店,2026-04-12,18,退休老人,133,0
药店-桐君阁启航店,药店,2026-04-12,18,中青年,137,1
药店-桐君阁启航店,药店,2026-04-12,18,上班族,127,5
药店-桐君阁启航店,药店,2026-04-12,18,学生,126,0
药店-桐君阁启航店,药店,2026-04-12,19,家庭主妇,142,7
药店-桐君阁启航店,药店,2026-04-12,19,退休老人,120,0
药店-桐君阁启航店,药店,2026-04-12,19,中青年,131,2
药店-桐君阁启航店,药店,2026-04-12,19,上班族,122,4
药店-桐君阁启航店,药店,2026-04-12,19,学生,128,0
药店-桐君阁启航店,药店,2026-04-12,20,家庭主妇,131,5
药店-桐君阁启航店,药店,2026-04-12,20,退休老人,119,0
药店-桐君阁启航店,药店,2026-04-12,20,中青年,119,0
药店-桐君阁启航店,药店,2026-04-12,20,上班族,125,2
药店-桐君阁启航店,药店,2026-04-12,20,学生,135,0
药店-桐君阁启航店,药店,2026-04-12,21,家庭主妇,44,2
药店-桐君阁启航店,药店,2026-04-12,21,退休老人,41,0
药店-桐君阁启航店,药店,2026-04-12,21,中青年,54,1
药店-桐君阁启航店,药店,2026-04-12,21,上班族,45,3
药店-桐君阁启航店,药店,2026-04-12,21,学生,45,0
药店-桐君阁启航店,药店,2026-04-12,22,家庭主妇,26,0
药店-桐君阁启航店,药店,2026-04-12,22,退休老人,24,0
药店-桐君阁启航店,药店,2026-04-12,22,中青年,15,0
药店-桐君阁启航店,药店,2026-04-12,22,上班族,19,0
药店-桐君阁启航店,药店,2026-04-12,22,学生,15,0
药店-桐君阁启航店,药店,2026-04-12,23,家庭主妇,0,0
药店-桐君阁启航店,药店,2026-04-12,23,退休老人,0,0
药店-桐君阁启航店,药店,2026-04-12,23,中青年,0,0
药店-桐君阁启航店,药店,2026-04-12,23,上班族,0,0
药店-桐君阁启航店,药店,2026-04-12,23,学生,0,0
药店-桐君阁启航店,药店,2026-04-13,0,家庭主妇,10,0
药店-桐君阁启航店,药店,2026-04-13,0,退休老人,7,0
药店-桐君阁启航店,药店,2026-04-13,0,中青年,6,0
药店-桐君阁启航店,药店,2026-04-13,0,上班族,2,0
药店-桐君阁启航店,药店,2026-04-13,0,学生,6,0
药店-桐君阁启航店,药店,2026-04-13,1,家庭主妇,1,0
药店-桐君阁启航店,药店,2026-04-13,1,退休老人,3,0
药店-桐君阁启航店,药店,2026-04-13,1,中青年,2,0
药店-桐君阁启航店,药店,2026-04-13,1,上班族,3,0
药店-桐君阁启航店,药店,2026-04-13,1,学生,2,0
药店-桐君阁启航店,药店,2026-04-13,2,家庭主妇,2,0
药店-桐君阁启航店,药店,2026-04-13,2,退休老人,4,0
药店-桐君阁启航店,药店,2026-04-13,2,中青年,3,0
药店-桐君阁启航店,药店,2026-04-13,2,上班族,4,0
药店-桐君阁启航店,药店,2026-04-13,2,学生,2,0
药店-桐君阁启航店,药店,2026-04-13,3,家庭主妇,1,0
药店-桐君阁启航店,药店,2026-04-13,3,退休老人,0,0
药店-桐君阁启航店,药店,2026-04-13,3,中青年,0,0
药店-桐君阁启航店,药店,2026-04-13,3,上班族,1,0
药店-桐君阁启航店,药店,2026-04-13,3,学生,0,0
药店-桐君阁启航店,药店,2026-04-13,4,家庭主妇,3,0
药店-桐君阁启航店,药店,2026-04-13,4,退休老人,1,0
药店-桐君阁启航店,药店,2026-04-13,4,中青年,1,0
药店-桐君阁启航店,药店,2026-04-13,4,上班族,0,0
药店-桐君阁启航店,药店,2026-04-13,4,学生,1,0
药店-桐君阁启航店,药店,2026-04-13,5,家庭主妇,12,0
药店-桐君阁启航店,药店,2026-04-13,5,退休老人,6,0
药店-桐君阁启航店,药店,2026-04-13,5,中青年,8,0
药店-桐君阁启航店,药店,2026-04-13,5,上班族,9,0
药店-桐君阁启航店,药店,2026-04-13,5,学生,5,0
药店-桐君阁启航店,药店,2026-04-13,6,家庭主妇,28,0
药店-桐君阁启航店,药店,2026-04-13,6,退休老人,30,0
药店-桐君阁启航店,药店,2026-04-13,6,中青年,34,0
药店-桐君阁启航店,药店,2026-04-13,6,上班族,30,0
药店-桐君阁启航店,药店,2026-04-13,6,学生,32,0
药店-桐君阁启航店,药店,2026-04-13,7,家庭主妇,118,0
药店-桐君阁启航店,药店,2026-04-13,7,退休老人,105,0
药店-桐君阁启航店,药店,2026-04-13,7,中青年,134,0
药店-桐君阁启航店,药店,2026-04-13,7,上班族,125,1
药店-桐君阁启航店,药店,2026-04-13,7,学生,130,0
药店-桐君阁启航店,药店,2026-04-13,8,家庭主妇,100,1
药店-桐君阁启航店,药店,2026-04-13,8,退休老人,114,0
药店-桐君阁启航店,药店,2026-04-13,8,中青年,118,0
药店-桐君阁启航店,药店,2026-04-13,8,上班族,103,4
药店-桐君阁启航店,药店,2026-04-13,8,学生,112,0
药店-桐君阁启航店,药店,2026-04-13,9,家庭主妇,88,6
药店-桐君阁启航店,药店,2026-04-13,9,退休老人,70,2
药店-桐君阁启航店,药店,2026-04-13,9,中青年,81,1
药店-桐君阁启航店,药店,2026-04-13,9,上班族,87,0
药店-桐君阁启航店,药店,2026-04-13,9,学生,89,0
药店-桐君阁启航店,药店,2026-04-13,10,家庭主妇,75,0
药店-桐君阁启航店,药店,2026-04-13,10,退休老人,64,0
药店-桐君阁启航店,药店,2026-04-13,10,中青年,67,1
药店-桐君阁启航店,药店,2026-04-13,10,上班族,56,0
药店-桐君阁启航店,药店,2026-04-13,10,学生,65,0
药店-桐君阁启航店,药店,2026-04-13,11,家庭主妇,52,1
药店-桐君阁启航店,药店,2026-04-13,11,退休老人,61,0
药店-桐君阁启航店,药店,2026-04-13,11,中青年,65,0
药店-桐君阁启航店,药店,2026-04-13,11,上班族,67,3
药店-桐君阁启航店,药店,2026-04-13,11,学生,53,0
药店-桐君阁启航店,药店,2026-04-13,12,家庭主妇,29,1
药店-桐君阁启航店,药店,2026-04-13,12,退休老人,37,0
药店-桐君阁启航店,药店,2026-04-13,12,中青年,53,0
药店-桐君阁启航店,药店,2026-04-13,12,上班族,34,2
药店-桐君阁启航店,药店,2026-04-13,12,学生,35,0
药店-桐君阁启航店,药店,2026-04-13,13,家庭主妇,41,2
药店-桐君阁启航店,药店,2026-04-13,13,退休老人,49,0
药店-桐君阁启航店,药店,2026-04-13,13,中青年,51,0
药店-桐君阁启航店,药店,2026-04-13,13,上班族,37,2
药店-桐君阁启航店,药店,2026-04-13,13,学生,36,0
药店-桐君阁启航店,药店,2026-04-13,14,家庭主妇,47,1
药店-桐君阁启航店,药店,2026-04-13,14,退休老人,60,0
药店-桐君阁启航店,药店,2026-04-13,14,中青年,47,1
药店-桐君阁启航店,药店,2026-04-13,14,上班族,56,1
药店-桐君阁启航店,药店,2026-04-13,14,学生,46,0
药店-桐君阁启航店,药店,2026-04-13,15,家庭主妇,78,1
药店-桐君阁启航店,药店,2026-04-13,15,退休老人,77,0
药店-桐君阁启航店,药店,2026-04-13,15,中青年,78,1
药店-桐君阁启航店,药店,2026-04-13,15,上班族,57,1
药店-桐君阁启航店,药店,2026-04-13,15,学生,87,0
药店-桐君阁启航店,药店,2026-04-13,16,家庭主妇,116,2
药店-桐君阁启航店,药店,2026-04-13,16,退休老人,117,0
药店-桐君阁启航店,药店,2026-04-13,16,中青年,97,3
药店-桐君阁启航店,药店,2026-04-13,16,上班族,114,2
药店-桐君阁启航店,药店,2026-04-13,16,学生,115,0
药店-桐君阁启航店,药店,2026-04-13,17,家庭主妇,148,0
药店-桐君阁启航店,药店,2026-04-13,17,退休老人,134,0
药店-桐君阁启航店,药店,2026-04-13,17,中青年,125,0
药店-桐君阁启航店,药店,2026-04-13,17,上班族,130,1
药店-桐君阁启航店,药店,2026-04-13,17,学生,128,0
药店-桐君阁启航店,药店,2026-04-13,18,家庭主妇,139,1
药店-桐君阁启航店,药店,2026-04-13,18,退休老人,120,1
药店-桐君阁启航店,药店,2026-04-13,18,中青年,125,0
药店-桐君阁启航店,药店,2026-04-13,18,上班族,135,9
药店-桐君阁启航店,药店,2026-04-13,18,学生,122,1
药店-桐君阁启航店,药店,2026-04-13,19,家庭主妇,121,8
药店-桐君阁启航店,药店,2026-04-13,19,退休老人,117,1
药店-桐君阁启航店,药店,2026-04-13,19,中青年,116,0
药店-桐君阁启航店,药店,2026-04-13,19,上班族,109,0
药店-桐君阁启航店,药店,2026-04-13,19,学生,111,0
药店-桐君阁启航店,药店,2026-04-13,20,家庭主妇,118,0
药店-桐君阁启航店,药店,2026-04-13,20,退休老人,129,0
药店-桐君阁启航店,药店,2026-04-13,20,中青年,108,0
药店-桐君阁启航店,药店,2026-04-13,20,上班族,109,1
药店-桐君阁启航店,药店,2026-04-13,20,学生,112,0
药店-桐君阁启航店,药店,2026-04-13,21,家庭主妇,38,0
药店-桐君阁启航店,药店,2026-04-13,21,退休老人,30,0
药店-桐君阁启航店,药店,2026-04-13,21,中青年,40,1
药店-桐君阁启航店,药店,2026-04-13,21,上班族,37,1
药店-桐君阁启航店,药店,2026-04-13,21,学生,38,0
药店-桐君阁启航店,药店,2026-04-13,22,家庭主妇,18,1
药店-桐君阁启航店,药店,2026-04-13,22,退休老人,28,0
药店-桐君阁启航店,药店,2026-04-13,22,中青年,18,2
药店-桐君阁启航店,药店,2026-04-13,22,上班族,26,0
药店-桐君阁启航店,药店,2026-04-13,22,学生,26,0
药店-桐君阁启航店,药店,2026-04-13,23,家庭主妇,0,0
药店-桐君阁启航店,药店,2026-04-13,23,退休老人,0,0
药店-桐君阁启航店,药店,2026-04-13,23,中青年,0,0
药店-桐君阁启航店,药店,2026-04-13,23,上班族,0,0
药店-桐君阁启航店,药店,2026-04-13,23,学生,0,0
药店-桐君阁启航店,药店,2026-04-14,0,家庭主妇,6,0
药店-桐君阁启航店,药店,2026-04-14,0,退休老人,1,0
药店-桐君阁启航店,药店,2026-04-14,0,中青年,5,0
药店-桐君阁启航店,药店,2026-04-14,0,上班族,6,0
药店-桐君阁启航店,药店,2026-04-14,0,学生,6,0
药店-桐君阁启航店,药店,2026-04-14,1,家庭主妇,2,0
药店-桐君阁启航店,药店,2026-04-14,1,退休老人,3,0
药店-桐君阁启航店,药店,2026-04-14,1,中青年,4,0
药店-桐君阁启航店,药店,2026-04-14,1,上班族,3,0
药店-桐君阁启航店,药店,2026-04-14,1,学生,3,0
药店-桐君阁启航店,药店,2026-04-14,2,家庭主妇,5,0
药店-桐君阁启航店,药店,2026-04-14,2,退休老人,4,0
药店-桐君阁启航店,药店,2026-04-14,2,中青年,1,0
药店-桐君阁启航店,药店,2026-04-14,2,上班族,3,0
药店-桐君阁启航店,药店,2026-04-14,2,学生,2,0
药店-桐君阁启航店,药店,2026-04-14,3,家庭主妇,2,0
药店-桐君阁启航店,药店,2026-04-14,3,退休老人,1,0
药店-桐君阁启航店,药店,2026-04-14,3,中青年,0,0
药店-桐君阁启航店,药店,2026-04-14,3,上班族,0,0
药店-桐君阁启航店,药店,2026-04-14,3,学生,0,0
药店-桐君阁启航店,药店,2026-04-14,4,家庭主妇,2,0
药店-桐君阁启航店,药店,2026-04-14,4,退休老人,2,0
药店-桐君阁启航店,药店,2026-04-14,4,中青年,1,0
药店-桐君阁启航店,药店,2026-04-14,4,上班族,0,0
药店-桐君阁启航店,药店,2026-04-14,4,学生,0,0
药店-桐君阁启航店,药店,2026-04-14,5,家庭主妇,0,0
药店-桐君阁启航店,药店,2026-04-14,5,退休老人,0,0
药店-桐君阁启航店,药店,2026-04-14,5,中青年,0,0
药店-桐君阁启航店,药店,2026-04-14,5,上班族,0,0
药店-桐君阁启航店,药店,2026-04-14,5,学生,0,0
药店-桐君阁启航店,药店,2026-04-14,6,家庭主妇,38,0
药店-桐君阁启航店,药店,2026-04-14,6,退休老人,27,0
药店-桐君阁启航店,药店,2026-04-14,6,中青年,30,0
药店-桐君阁启航店,药店,2026-04-14,6,上班族,35,0
药店-桐君阁启航店,药店,2026-04-14,6,学生,35,0
药店-桐君阁启航店,药店,2026-04-14,7,家庭主妇,123,0
药店-桐君阁启航店,药店,2026-04-14,7,退休老人,124,0
药店-桐君阁启航店,药店,2026-04-14,7,中青年,129,0
药店-桐君阁启航店,药店,2026-04-14,7,上班族,109,1
药店-桐君阁启航店,药店,2026-04-14,7,学生,116,0
药店-桐君阁启航店,药店,2026-04-14,8,家庭主妇,119,1
药店-桐君阁启航店,药店,2026-04-14,8,退休老人,85,0
药店-桐君阁启航店,药店,2026-04-14,8,中青年,98,0
药店-桐君阁启航店,药店,2026-04-14,8,上班族,94,0
药店-桐君阁启航店,药店,2026-04-14,8,学生,109,0
药店-桐君阁启航店,药店,2026-04-14,9,家庭主妇,72,3
药店-桐君阁启航店,药店,2026-04-14,9,退休老人,82,1
药店-桐君阁启航店,药店,2026-04-14,9,中青年,82,1
药店-桐君阁启航店,药店,2026-04-14,9,上班族,68,2
药店-桐君阁启航店,药店,2026-04-14,9,学生,85,0
药店-桐君阁启航店,药店,2026-04-14,10,家庭主妇,68,3
药店-桐君阁启航店,药店,2026-04-14,10,退休老人,80,2
药店-桐君阁启航店,药店,2026-04-14,10,中青年,90,5
药店-桐君阁启航店,药店,2026-04-14,10,上班族,95,2
药店-桐君阁启航店,药店,2026-04-14,10,学生,77,0
药店-桐君阁启航店,药店,2026-04-14,11,家庭主妇,55,3
药店-桐君阁启航店,药店,2026-04-14,11,退休老人,55,0
药店-桐君阁启航店,药店,2026-04-14,11,中青年,53,0
药店-桐君阁启航店,药店,2026-04-14,11,上班族,49,3
药店-桐君阁启航店,药店,2026-04-14,11,学生,59,0
药店-桐君阁启航店,药店,2026-04-14,12,家庭主妇,44,0
药店-桐君阁启航店,药店,2026-04-14,12,退休老人,43,0
药店-桐君阁启航店,药店,2026-04-14,12,中青年,45,0
药店-桐君阁启航店,药店,2026-04-14,12,上班族,42,2
药店-桐君阁启航店,药店,2026-04-14,12,学生,44,0
药店-桐君阁启航店,药店,2026-04-14,13,家庭主妇,44,2
药店-桐君阁启航店,药店,2026-04-14,13,退休老人,38,0
药店-桐君阁启航店,药店,2026-04-14,13,中青年,45,4
药店-桐君阁启航店,药店,2026-04-14,13,上班族,60,1
药店-桐君阁启航店,药店,2026-04-14,13,学生,50,0
药店-桐君阁启航店,药店,2026-04-14,14,家庭主妇,50,4
药店-桐君阁启航店,药店,2026-04-14,14,退休老人,50,0
药店-桐君阁启航店,药店,2026-04-14,14,中青年,57,0
药店-桐君阁启航店,药店,2026-04-14,14,上班族,55,1
药店-桐君阁启航店,药店,2026-04-14,14,学生,53,0
药店-桐君阁启航店,药店,2026-04-14,15,家庭主妇,68,3
药店-桐君阁启航店,药店,2026-04-14,15,退休老人,92,0
药店-桐君阁启航店,药店,2026-04-14,15,中青年,66,7
药店-桐君阁启航店,药店,2026-04-14,15,上班族,70,2
药店-桐君阁启航店,药店,2026-04-14,15,学生,78,0
药店-桐君阁启航店,药店,2026-04-14,16,家庭主妇,130,4
药店-桐君阁启航店,药店,2026-04-14,16,退休老人,128,0
药店-桐君阁启航店,药店,2026-04-14,16,中青年,126,1
药店-桐君阁启航店,药店,2026-04-14,16,上班族,139,0
药店-桐君阁启航店,药店,2026-04-14,16,学生,126,0
药店-桐君阁启航店,药店,2026-04-14,17,家庭主妇,111,1
药店-桐君阁启航店,药店,2026-04-14,17,退休老人,116,0
药店-桐君阁启航店,药店,2026-04-14,17,中青年,127,1
药店-桐君阁启航店,药店,2026-04-14,17,上班族,126,1
药店-桐君阁启航店,药店,2026-04-14,17,学生,112,0
药店-桐君阁启航店,药店,2026-04-14,18,家庭主妇,134,0
药店-桐君阁启航店,药店,2026-04-14,18,退休老人,118,0
药店-桐君阁启航店,药店,2026-04-14,18,中青年,118,0
药店-桐君阁启航店,药店,2026-04-14,18,上班族,127,4
药店-桐君阁启航店,药店,2026-04-14,18,学生,126,0
药店-桐君阁启航店,药店,2026-04-14,19,家庭主妇,131,4
药店-桐君阁启航店,药店,2026-04-14,19,退休老人,99,0
药店-桐君阁启航店,药店,2026-04-14,19,中青年,103,4
药店-桐君阁启航店,药店,2026-04-14,19,上班族,111,2
药店-桐君阁启航店,药店,2026-04-14,19,学生,129,0
药店-桐君阁启航店,药店,2026-04-14,20,家庭主妇,118,5
药店-桐君阁启航店,药店,2026-04-14,20,退休老人,125,0
药店-桐君阁启航店,药店,2026-04-14,20,中青年,93,1
药店-桐君阁启航店,药店,2026-04-14,20,上班族,122,2
药店-桐君阁启航店,药店,2026-04-14,20,学生,110,0
药店-桐君阁启航店,药店,2026-04-14,21,家庭主妇,37,3
药店-桐君阁启航店,药店,2026-04-14,21,退休老人,55,0
药店-桐君阁启航店,药店,2026-04-14,21,中青年,47,2
药店-桐君阁启航店,药店,2026-04-14,21,上班族,43,1
药店-桐君阁启航店,药店,2026-04-14,21,学生,34,0
药店-桐君阁启航店,药店,2026-04-14,22,家庭主妇,20,0
药店-桐君阁启航店,药店,2026-04-14,22,退休老人,13,0
药店-桐君阁启航店,药店,2026-04-14,22,中青年,14,0
药店-桐君阁启航店,药店,2026-04-14,22,上班族,16,0
药店-桐君阁启航店,药店,2026-04-14,22,学生,11,0
药店-桐君阁启航店,药店,2026-04-14,23,家庭主妇,0,0
药店-桐君阁启航店,药店,2026-04-14,23,退休老人,0,0
药店-桐君阁启航店,药店,2026-04-14,23,中青年,0,0
药店-桐君阁启航店,药店,2026-04-14,23,上班族,0,0
药店-桐君阁启航店,药店,2026-04-14,23,学生,0,0
药店-桐君阁启航店,药店,2026-04-15,0,家庭主妇,5,0
药店-桐君阁启航店,药店,2026-04-15,0,退休老人,1,0
药店-桐君阁启航店,药店,2026-04-15,0,中青年,4,0
药店-桐君阁启航店,药店,2026-04-15,0,上班族,10,0
药店-桐君阁启航店,药店,2026-04-15,0,学生,3,0
药店-桐君阁启航店,药店,2026-04-15,1,家庭主妇,2,0
药店-桐君阁启航店,药店,2026-04-15,1,退休老人,3,0
药店-桐君阁启航店,药店,2026-04-15,1,中青年,2,0
药店-桐君阁启航店,药店,2026-04-15,1,上班族,5,0
药店-桐君阁启航店,药店,2026-04-15,1,学生,6,0
药店-桐君阁启航店,药店,2026-04-15,2,家庭主妇,4,0
药店-桐君阁启航店,药店,2026-04-15,2,退休老人,2,0
药店-桐君阁启航店,药店,2026-04-15,2,中青年,2,0
药店-桐君阁启航店,药店,2026-04-15,2,上班族,1,0
药店-桐君阁启航店,药店,2026-04-15,2,学生,2,0
药店-桐君阁启航店,药店,2026-04-15,3,家庭主妇,1,0
药店-桐君阁启航店,药店,2026-04-15,3,退休老人,2,0
药店-桐君阁启航店,药店,2026-04-15,3,中青年,0,0
药店-桐君阁启航店,药店,2026-04-15,3,上班族,2,0
药店-桐君阁启航店,药店,2026-04-15,3,学生,2,0
药店-桐君阁启航店,药店,2026-04-15,4,家庭主妇,2,0
药店-桐君阁启航店,药店,2026-04-15,4,退休老人,1,0
药店-桐君阁启航店,药店,2026-04-15,4,中青年,1,0
药店-桐君阁启航店,药店,2026-04-15,4,上班族,1,0
药店-桐君阁启航店,药店,2026-04-15,4,学生,2,0
药店-桐君阁启航店,药店,2026-04-15,5,家庭主妇,2,0
药店-桐君阁启航店,药店,2026-04-15,5,退休老人,8,0
药店-桐君阁启航店,药店,2026-04-15,5,中青年,6,0
药店-桐君阁启航店,药店,2026-04-15,5,上班族,6,0
药店-桐君阁启航店,药店,2026-04-15,5,学生,8,0
药店-桐君阁启航店,药店,2026-04-15,6,家庭主妇,28,0
药店-桐君阁启航店,药店,2026-04-15,6,退休老人,26,0
药店-桐君阁启航店,药店,2026-04-15,6,中青年,28,0
药店-桐君阁启航店,药店,2026-04-15,6,上班族,34,0
药店-桐君阁启航店,药店,2026-04-15,6,学生,28,0
药店-桐君阁启航店,药店,2026-04-15,7,家庭主妇,124,0
药店-桐君阁启航店,药店,2026-04-15,7,退休老人,161,0
药店-桐君阁启航店,药店,2026-04-15,7,中青年,153,0
药店-桐君阁启航店,药店,2026-04-15,7,上班族,138,0
药店-桐君阁启航店,药店,2026-04-15,7,学生,136,0
药店-桐君阁启航店,药店,2026-04-15,8,家庭主妇,145,3
药店-桐君阁启航店,药店,2026-04-15,8,退休老人,125,0
药店-桐君阁启航店,药店,2026-04-15,8,中青年,141,0
药店-桐君阁启航店,药店,2026-04-15,8,上班族,161,2
药店-桐君阁启航店,药店,2026-04-15,8,学生,163,0
药店-桐君阁启航店,药店,2026-04-15,9,家庭主妇,104,1
药店-桐君阁启航店,药店,2026-04-15,9,退休老人,96,3
药店-桐君阁启航店,药店,2026-04-15,9,中青年,126,1
药店-桐君阁启航店,药店,2026-04-15,9,上班族,98,2
药店-桐君阁启航店,药店,2026-04-15,9,学生,109,0
药店-桐君阁启航店,药店,2026-04-15,10,家庭主妇,86,1
药店-桐君阁启航店,药店,2026-04-15,10,退休老人,89,1
药店-桐君阁启航店,药店,2026-04-15,10,中青年,85,0
药店-桐君阁启航店,药店,2026-04-15,10,上班族,93,0
药店-桐君阁启航店,药店,2026-04-15,10,学生,75,1
药店-桐君阁启航店,药店,2026-04-15,11,家庭主妇,49,4
药店-桐君阁启航店,药店,2026-04-15,11,退休老人,60,0
药店-桐君阁启航店,药店,2026-04-15,11,中青年,56,1
药店-桐君阁启航店,药店,2026-04-15,11,上班族,56,2
药店-桐君阁启航店,药店,2026-04-15,11,学生,53,0
药店-桐君阁启航店,药店,2026-04-15,12,家庭主妇,60,0
药店-桐君阁启航店,药店,2026-04-15,12,退休老人,40,0
药店-桐君阁启航店,药店,2026-04-15,12,中青年,49,0
药店-桐君阁启航店,药店,2026-04-15,12,上班族,64,2
药店-桐君阁启航店,药店,2026-04-15,12,学生,50,0
药店-桐君阁启航店,药店,2026-04-15,13,家庭主妇,46,2
药店-桐君阁启航店,药店,2026-04-15,13,退休老人,52,0
药店-桐君阁启航店,药店,2026-04-15,13,中青年,42,3
药店-桐君阁启航店,药店,2026-04-15,13,上班族,49,1
药店-桐君阁启航店,药店,2026-04-15,13,学生,53,0
药店-桐君阁启航店,药店,2026-04-15,14,家庭主妇,56,4
药店-桐君阁启航店,药店,2026-04-15,14,退休老人,51,0
药店-桐君阁启航店,药店,2026-04-15,14,中青年,52,2
药店-桐君阁启航店,药店,2026-04-15,14,上班族,56,0
药店-桐君阁启航店,药店,2026-04-15,14,学生,57,0
药店-桐君阁启航店,药店,2026-04-15,15,家庭主妇,58,1
药店-桐君阁启航店,药店,2026-04-15,15,退休老人,70,0
药店-桐君阁启航店,药店,2026-04-15,15,中青年,67,3
药店-桐君阁启航店,药店,2026-04-15,15,上班族,73,0
药店-桐君阁启航店,药店,2026-04-15,15,学生,61,0
药店-桐君阁启航店,药店,2026-04-15,16,家庭主妇,112,4
药店-桐君阁启航店,药店,2026-04-15,16,退休老人,123,1
药店-桐君阁启航店,药店,2026-04-15,16,中青年,116,1
药店-桐君阁启航店,药店,2026-04-15,16,上班族,109,2
药店-桐君阁启航店,药店,2026-04-15,16,学生,129,0
药店-桐君阁启航店,药店,2026-04-15,17,家庭主妇,120,0
药店-桐君阁启航店,药店,2026-04-15,17,退休老人,119,0
药店-桐君阁启航店,药店,2026-04-15,17,中青年,136,0
药店-桐君阁启航店,药店,2026-04-15,17,上班族,129,2
药店-桐君阁启航店,药店,2026-04-15,17,学生,124,0
药店-桐君阁启航店,药店,2026-04-15,18,家庭主妇,146,1
药店-桐君阁启航店,药店,2026-04-15,18,退休老人,144,1
药店-桐君阁启航店,药店,2026-04-15,18,中青年,141,0
药店-桐君阁启航店,药店,2026-04-15,18,上班族,143,8
药店-桐君阁启航店,药店,2026-04-15,18,学生,123,2
药店-桐君阁启航店,药店,2026-04-15,19,家庭主妇,128,7
药店-桐君阁启航店,药店,2026-04-15,19,退休老人,116,1
药店-桐君阁启航店,药店,2026-04-15,19,中青年,144,2
药店-桐君阁启航店,药店,2026-04-15,19,上班族,129,2
药店-桐君阁启航店,药店,2026-04-15,19,学生,124,0
药店-桐君阁启航店,药店,2026-04-15,20,家庭主妇,101,9
药店-桐君阁启航店,药店,2026-04-15,20,退休老人,99,0
药店-桐君阁启航店,药店,2026-04-15,20,中青年,116,0
药店-桐君阁启航店,药店,2026-04-15,20,上班族,111,1
药店-桐君阁启航店,药店,2026-04-15,20,学生,131,0
药店-桐君阁启航店,药店,2026-04-15,21,家庭主妇,47,2
药店-桐君阁启航店,药店,2026-04-15,21,退休老人,53,0
药店-桐君阁启航店,药店,2026-04-15,21,中青年,47,0
药店-桐君阁启航店,药店,2026-04-15,21,上班族,38,1
药店-桐君阁启航店,药店,2026-04-15,21,学生,45,0
药店-桐君阁启航店,药店,2026-04-15,22,家庭主妇,15,1
药店-桐君阁启航店,药店,2026-04-15,22,退休老人,15,0
药店-桐君阁启航店,药店,2026-04-15,22,中青年,19,0
药店-桐君阁启航店,药店,2026-04-15,22,上班族,25,0
药店-桐君阁启航店,药店,2026-04-15,22,学生,17,0
药店-桐君阁启航店,药店,2026-04-15,23,家庭主妇,0,0
药店-桐君阁启航店,药店,2026-04-15,23,退休老人,0,0
药店-桐君阁启航店,药店,2026-04-15,23,中青年,0,0
药店-桐君阁启航店,药店,2026-04-15,23,上班族,0,0
药店-桐君阁启航店,药店,2026-04-15,23,学生,0,0
药店-桐君阁启航店,药店,2026-04-16,0,家庭主妇,12,0
药店-桐君阁启航店,药店,2026-04-16,0,退休老人,8,0
药店-桐君阁启航店,药店,2026-04-16,0,中青年,10,0
药店-桐君阁启航店,药店,2026-04-16,0,上班族,17,0
药店-桐君阁启航店,药店,2026-04-16,0,学生,5,0
药店-桐君阁启航店,药店,2026-04-16,1,家庭主妇,2,0
药店-桐君阁启航店,药店,2026-04-16,1,退休老人,5,0
药店-桐君阁启航店,药店,2026-04-16,1,中青年,0,0
药店-桐君阁启航店,药店,2026-04-16,1,上班族,3,0
药店-桐君阁启航店,药店,2026-04-16,1,学生,3,0
药店-桐君阁启航店,药店,2026-04-16,2,家庭主妇,5,0
药店-桐君阁启航店,药店,2026-04-16,2,退休老人,4,0
药店-桐君阁启航店,药店,2026-04-16,2,中青年,3,0
药店-桐君阁启航店,药店,2026-04-16,2,上班族,4,0
药店-桐君阁启航店,药店,2026-04-16,2,学生,5,0
药店-桐君阁启航店,药店,2026-04-16,3,家庭主妇,3,0
药店-桐君阁启航店,药店,2026-04-16,3,退休老人,4,0
药店-桐君阁启航店,药店,2026-04-16,3,中青年,2,0
药店-桐君阁启航店,药店,2026-04-16,3,上班族,3,0
药店-桐君阁启航店,药店,2026-04-16,3,学生,1,0
药店-桐君阁启航店,药店,2026-04-16,4,家庭主妇,8,0
药店-桐君阁启航店,药店,2026-04-16,4,退休老人,8,0
药店-桐君阁启航店,药店,2026-04-16,4,中青年,3,0
药店-桐君阁启航店,药店,2026-04-16,4,上班族,4,0
药店-桐君阁启航店,药店,2026-04-16,4,学生,5,0
药店-桐君阁启航店,药店,2026-04-16,5,家庭主妇,11,0
药店-桐君阁启航店,药店,2026-04-16,5,退休老人,7,0
药店-桐君阁启航店,药店,2026-04-16,5,中青年,9,0
药店-桐君阁启航店,药店,2026-04-16,5,上班族,7,0
药店-桐君阁启航店,药店,2026-04-16,5,学生,8,0
药店-桐君阁启航店,药店,2026-04-16,6,家庭主妇,39,0
药店-桐君阁启航店,药店,2026-04-16,6,退休老人,39,0
药店-桐君阁启航店,药店,2026-04-16,6,中青年,30,0
药店-桐君阁启航店,药店,2026-04-16,6,上班族,41,0
药店-桐君阁启航店,药店,2026-04-16,6,学生,31,0
药店-桐君阁启航店,药店,2026-04-16,7,家庭主妇,154,0
药店-桐君阁启航店,药店,2026-04-16,7,退休老人,163,0
药店-桐君阁启航店,药店,2026-04-16,7,中青年,168,0
药店-桐君阁启航店,药店,2026-04-16,7,上班族,149,0
药店-桐君阁启航店,药店,2026-04-16,7,学生,147,0
药店-桐君阁启航店,药店,2026-04-16,8,家庭主妇,158,3
药店-桐君阁启航店,药店,2026-04-16,8,退休老人,152,0
药店-桐君阁启航店,药店,2026-04-16,8,中青年,152,0
药店-桐君阁启航店,药店,2026-04-16,8,上班族,143,2
药店-桐君阁启航店,药店,2026-04-16,8,学生,172,0
药店-桐君阁启航店,药店,2026-04-16,9,家庭主妇,138,4
药店-桐君阁启航店,药店,2026-04-16,9,退休老人,136,4
药店-桐君阁启航店,药店,2026-04-16,9,中青年,147,1
药店-桐君阁启航店,药店,2026-04-16,9,上班族,132,1
药店-桐君阁启航店,药店,2026-04-16,9,学生,120,0
药店-桐君阁启航店,药店,2026-04-16,10,家庭主妇,73,2
药店-桐君阁启航店,药店,2026-04-16,10,退休老人,103,0
药店-桐君阁启航店,药店,2026-04-16,10,中青年,97,1
药店-桐君阁启航店,药店,2026-04-16,10,上班族,75,1
药店-桐君阁启航店,药店,2026-04-16,10,学生,72,0
药店-桐君阁启航店,药店,2026-04-16,11,家庭主妇,74,1
药店-桐君阁启航店,药店,2026-04-16,11,退休老人,64,0
药店-桐君阁启航店,药店,2026-04-16,11,中青年,80,0
药店-桐君阁启航店,药店,2026-04-16,11,上班族,75,1
药店-桐君阁启航店,药店,2026-04-16,11,学生,65,0
药店-桐君阁启航店,药店,2026-04-16,12,家庭主妇,48,1
药店-桐君阁启航店,药店,2026-04-16,12,退休老人,47,0
药店-桐君阁启航店,药店,2026-04-16,12,中青年,53,0
药店-桐君阁启航店,药店,2026-04-16,12,上班族,70,1
药店-桐君阁启航店,药店,2026-04-16,12,学生,67,0
药店-桐君阁启航店,药店,2026-04-16,13,家庭主妇,29,1
药店-桐君阁启航店,药店,2026-04-16,13,退休老人,45,0
药店-桐君阁启航店,药店,2026-04-16,13,中青年,35,0
药店-桐君阁启航店,药店,2026-04-16,13,上班族,44,0
药店-桐君阁启航店,药店,2026-04-16,13,学生,40,0
药店-桐君阁启航店,药店,2026-04-16,14,家庭主妇,34,1
药店-桐君阁启航店,药店,2026-04-16,14,退休老人,31,0
药店-桐君阁启航店,药店,2026-04-16,14,中青年,47,0
药店-桐君阁启航店,药店,2026-04-16,14,上班族,35,0
药店-桐君阁启航店,药店,2026-04-16,14,学生,34,0
药店-桐君阁启航店,药店,2026-04-16,15,家庭主妇,86,2
药店-桐君阁启航店,药店,2026-04-16,15,退休老人,52,2
药店-桐君阁启航店,药店,2026-04-16,15,中青年,72,1
药店-桐君阁启航店,药店,2026-04-16,15,上班族,62,0
药店-桐君阁启航店,药店,2026-04-16,15,学生,67,0
药店-桐君阁启航店,药店,2026-04-16,16,家庭主妇,91,0
药店-桐君阁启航店,药店,2026-04-16,16,退休老人,105,0
药店-桐君阁启航店,药店,2026-04-16,16,中青年,91,2
药店-桐君阁启航店,药店,2026-04-16,16,上班族,92,0
药店-桐君阁启航店,药店,2026-04-16,16,学生,82,0
药店-桐君阁启航店,药店,2026-04-16,17,家庭主妇,140,3
药店-桐君阁启航店,药店,2026-04-16,17,退休老人,136,1
药店-桐君阁启航店,药店,2026-04-16,17,中青年,145,3
药店-桐君阁启航店,药店,2026-04-16,17,上班族,158,3
药店-桐君阁启航店,药店,2026-04-16,17,学生,130,0
药店-桐君阁启航店,药店,2026-04-16,18,家庭主妇,150,1
药店-桐君阁启航店,药店,2026-04-16,18,退休老人,127,0
药店-桐君阁启航店,药店,2026-04-16,18,中青年,152,0
药店-桐君阁启航店,药店,2026-04-16,18,上班族,136,5
药店-桐君阁启航店,药店,2026-04-16,18,学生,147,0
药店-桐君阁启航店,药店,2026-04-16,19,家庭主妇,118,1
药店-桐君阁启航店,药店,2026-04-16,19,退休老人,114,0
药店-桐君阁启航店,药店,2026-04-16,19,中青年,102,2
药店-桐君阁启航店,药店,2026-04-16,19,上班族,111,1
药店-桐君阁启航店,药店,2026-04-16,19,学生,101,0
药店-桐君阁启航店,药店,2026-04-16,20,家庭主妇,146,2
药店-桐君阁启航店,药店,2026-04-16,20,退休老人,161,0
药店-桐君阁启航店,药店,2026-04-16,20,中青年,130,1
药店-桐君阁启航店,药店,2026-04-16,20,上班族,170,1
药店-桐君阁启航店,药店,2026-04-16,20,学生,158,0
药店-桐君阁启航店,药店,2026-04-16,21,家庭主妇,52,1
药店-桐君阁启航店,药店,2026-04-16,21,退休老人,46,1
药店-桐君阁启航店,药店,2026-04-16,21,中青年,53,1
药店-桐君阁启航店,药店,2026-04-16,21,上班族,50,1
药店-桐君阁启航店,药店,2026-04-16,21,学生,64,0
药店-桐君阁启航店,药店,2026-04-16,22,家庭主妇,32,0
药店-桐君阁启航店,药店,2026-04-16,22,退休老人,39,0
药店-桐君阁启航店,药店,2026-04-16,22,中青年,33,0
药店-桐君阁启航店,药店,2026-04-16,22,上班族,39,0
药店-桐君阁启航店,药店,2026-04-16,22,学生,38,0
药店-桐君阁启航店,药店,2026-04-16,23,家庭主妇,0,0
药店-桐君阁启航店,药店,2026-04-16,23,退休老人,0,0
药店-桐君阁启航店,药店,2026-04-16,23,中青年,0,0
药店-桐君阁启航店,药店,2026-04-16,23,上班族,0,0
药店-桐君阁启航店,药店,2026-04-16,23,学生,0,0
药店-桐君阁启航店,药店,2026-04-17,0,家庭主妇,2,0
药店-桐君阁启航店,药店,2026-04-17,0,退休老人,4,0
药店-桐君阁启航店,药店,2026-04-17,0,中青年,7,0
药店-桐君阁启航店,药店,2026-04-17,0,上班族,4,0
药店-桐君阁启航店,药店,2026-04-17,0,学生,1,0
药店-桐君阁启航店,药店,2026-04-17,1,家庭主妇,6,0
药店-桐君阁启航店,药店,2026-04-17,1,退休老人,5,0
药店-桐君阁启航店,药店,2026-04-17,1,中青年,0,0
药店-桐君阁启航店,药店,2026-04-17,1,上班族,4,0
药店-桐君阁启航店,药店,2026-04-17,1,学生,6,0
药店-桐君阁启航店,药店,2026-04-17,2,家庭主妇,2,0
药店-桐君阁启航店,药店,2026-04-17,2,退休老人,7,0
药店-桐君阁启航店,药店,2026-04-17,2,中青年,3,0
药店-桐君阁启航店,药店,2026-04-17,2,上班族,4,0
药店-桐君阁启航店,药店,2026-04-17,2,学生,5,0
药店-桐君阁启航店,药店,2026-04-17,3,家庭主妇,3,0
药店-桐君阁启航店,药店,2026-04-17,3,退休老人,1,0
药店-桐君阁启航店,药店,2026-04-17,3,中青年,1,0
药店-桐君阁启航店,药店,2026-04-17,3,上班族,1,0
药店-桐君阁启航店,药店,2026-04-17,3,学生,2,0
药店-桐君阁启航店,药店,2026-04-17,4,家庭主妇,3,0
药店-桐君阁启航店,药店,2026-04-17,4,退休老人,1,0
药店-桐君阁启航店,药店,2026-04-17,4,中青年,1,0
药店-桐君阁启航店,药店,2026-04-17,4,上班族,1,0
药店-桐君阁启航店,药店,2026-04-17,4,学生,3,0
药店-桐君阁启航店,药店,2026-04-17,5,家庭主妇,7,0
药店-桐君阁启航店,药店,2026-04-17,5,退休老人,7,0
药店-桐君阁启航店,药店,2026-04-17,5,中青年,6,0
药店-桐君阁启航店,药店,2026-04-17,5,上班族,6,0
药店-桐君阁启航店,药店,2026-04-17,5,学生,4,0
药店-桐君阁启航店,药店,2026-04-17,6,家庭主妇,39,0
药店-桐君阁启航店,药店,2026-04-17,6,退休老人,34,0
药店-桐君阁启航店,药店,2026-04-17,6,中青年,40,0
药店-桐君阁启航店,药店,2026-04-17,6,上班族,38,0
药店-桐君阁启航店,药店,2026-04-17,6,学生,31,0
药店-桐君阁启航店,药店,2026-04-17,7,家庭主妇,150,1
药店-桐君阁启航店,药店,2026-04-17,7,退休老人,133,0
药店-桐君阁启航店,药店,2026-04-17,7,中青年,182,0
药店-桐君阁启航店,药店,2026-04-17,7,上班族,152,1
药店-桐君阁启航店,药店,2026-04-17,7,学生,171,0
药店-桐君阁启航店,药店,2026-04-17,8,家庭主妇,149,3
药店-桐君阁启航店,药店,2026-04-17,8,退休老人,150,1
药店-桐君阁启航店,药店,2026-04-17,8,中青年,159,0
药店-桐君阁启航店,药店,2026-04-17,8,上班族,136,4
药店-桐君阁启航店,药店,2026-04-17,8,学生,148,0
药店-桐君阁启航店,药店,2026-04-17,9,家庭主妇,122,3
药店-桐君阁启航店,药店,2026-04-17,9,退休老人,135,0
药店-桐君阁启航店,药店,2026-04-17,9,中青年,108,1
药店-桐君阁启航店,药店,2026-04-17,9,上班族,123,1
药店-桐君阁启航店,药店,2026-04-17,9,学生,114,0
药店-桐君阁启航店,药店,2026-04-17,10,家庭主妇,89,1
药店-桐君阁启航店,药店,2026-04-17,10,退休老人,85,3
药店-桐君阁启航店,药店,2026-04-17,10,中青年,97,2
药店-桐君阁启航店,药店,2026-04-17,10,上班族,84,3
药店-桐君阁启航店,药店,2026-04-17,10,学生,70,0
药店-桐君阁启航店,药店,2026-04-17,11,家庭主妇,70,2
药店-桐君阁启航店,药店,2026-04-17,11,退休老人,69,0
药店-桐君阁启航店,药店,2026-04-17,11,中青年,60,1
药店-桐君阁启航店,药店,2026-04-17,11,上班族,48,1
药店-桐君阁启航店,药店,2026-04-17,11,学生,69,0
药店-桐君阁启航店,药店,2026-04-17,12,家庭主妇,41,1
药店-桐君阁启航店,药店,2026-04-17,12,退休老人,50,0
药店-桐君阁启航店,药店,2026-04-17,12,中青年,47,0
药店-桐君阁启航店,药店,2026-04-17,12,上班族,53,1
药店-桐君阁启航店,药店,2026-04-17,12,学生,43,0
药店-桐君阁启航店,药店,2026-04-17,13,家庭主妇,35,2
药店-桐君阁启航店,药店,2026-04-17,13,退休老人,48,0
药店-桐君阁启航店,药店,2026-04-17,13,中青年,57,1
药店-桐君阁启航店,药店,2026-04-17,13,上班族,52,0
药店-桐君阁启航店,药店,2026-04-17,13,学生,47,0
药店-桐君阁启航店,药店,2026-04-17,14,家庭主妇,46,0
药店-桐君阁启航店,药店,2026-04-17,14,退休老人,44,0
药店-桐君阁启航店,药店,2026-04-17,14,中青年,49,0
药店-桐君阁启航店,药店,2026-04-17,14,上班族,50,1
药店-桐君阁启航店,药店,2026-04-17,14,学生,39,0
药店-桐君阁启航店,药店,2026-04-17,15,家庭主妇,366,1
药店-桐君阁启航店,药店,2026-04-17,15,退休老人,327,1
药店-桐君阁启航店,药店,2026-04-17,15,中青年,341,0
药店-桐君阁启航店,药店,2026-04-17,15,上班族,336,0
药店-桐君阁启航店,药店,2026-04-17,15,学生,365,0
药店-桐君阁启航店,药店,2026-04-17,16,家庭主妇,171,2
药店-桐君阁启航店,药店,2026-04-17,16,退休老人,161,0
药店-桐君阁启航店,药店,2026-04-17,16,中青年,171,1
药店-桐君阁启航店,药店,2026-04-17,16,上班族,177,1
药店-桐君阁启航店,药店,2026-04-17,16,学生,180,0
药店-桐君阁启航店,药店,2026-04-17,17,家庭主妇,165,1
药店-桐君阁启航店,药店,2026-04-17,17,退休老人,110,1
药店-桐君阁启航店,药店,2026-04-17,17,中青年,148,4
药店-桐君阁启航店,药店,2026-04-17,17,上班族,139,1
药店-桐君阁启航店,药店,2026-04-17,17,学生,119,0
药店-桐君阁启航店,药店,2026-04-17,18,家庭主妇,123,1
药店-桐君阁启航店,药店,2026-04-17,18,退休老人,145,0
药店-桐君阁启航店,药店,2026-04-17,18,中青年,115,1
药店-桐君阁启航店,药店,2026-04-17,18,上班族,145,8
药店-桐君阁启航店,药店,2026-04-17,18,学生,129,0
药店-桐君阁启航店,药店,2026-04-17,19,家庭主妇,110,4
药店-桐君阁启航店,药店,2026-04-17,19,退休老人,120,0
药店-桐君阁启航店,药店,2026-04-17,19,中青年,128,0
药店-桐君阁启航店,药店,2026-04-17,19,上班族,126,1
药店-桐君阁启航店,药店,2026-04-17,19,学生,103,0
药店-桐君阁启航店,药店,2026-04-17,20,家庭主妇,91,5
药店-桐君阁启航店,药店,2026-04-17,20,退休老人,86,0
药店-桐君阁启航店,药店,2026-04-17,20,中青年,91,3
药店-桐君阁启航店,药店,2026-04-17,20,上班族,83,1
药店-桐君阁启航店,药店,2026-04-17,20,学生,82,1
药店-桐君阁启航店,药店,2026-04-17,21,家庭主妇,43,2
药店-桐君阁启航店,药店,2026-04-17,21,退休老人,61,0
药店-桐君阁启航店,药店,2026-04-17,21,中青年,51,0
药店-桐君阁启航店,药店,2026-04-17,21,上班族,53,1
药店-桐君阁启航店,药店,2026-04-17,21,学生,39,0
药店-桐君阁启航店,药店,2026-04-17,22,家庭主妇,28,0
药店-桐君阁启航店,药店,2026-04-17,22,退休老人,28,0
药店-桐君阁启航店,药店,2026-04-17,22,中青年,33,0
药店-桐君阁启航店,药店,2026-04-17,22,上班族,31,0
药店-桐君阁启航店,药店,2026-04-17,22,学生,30,0
药店-桐君阁启航店,药店,2026-04-17,23,家庭主妇,0,0
药店-桐君阁启航店,药店,2026-04-17,23,退休老人,0,0
药店-桐君阁启航店,药店,2026-04-17,23,中青年,0,0
药店-桐君阁启航店,药店,2026-04-17,23,上班族,0,0
药店-桐君阁启航店,药店,2026-04-17,23,学生,0,0
药店-桐君阁启航店,药店,2026-04-18,0,家庭主妇,6,0
药店-桐君阁启航店,药店,2026-04-18,0,退休老人,10,0
药店-桐君阁启航店,药店,2026-04-18,0,中青年,4,0
药店-桐君阁启航店,药店,2026-04-18,0,上班族,9,0
药店-桐君阁启航店,药店,2026-04-18,0,学生,5,0
药店-桐君阁启航店,药店,2026-04-18,1,家庭主妇,4,0
药店-桐君阁启航店,药店,2026-04-18,1,退休老人,5,0
药店-桐君阁启航店,药店,2026-04-18,1,中青年,8,0
药店-桐君阁启航店,药店,2026-04-18,1,上班族,3,0
药店-桐君阁启航店,药店,2026-04-18,1,学生,6,0
药店-桐君阁启航店,药店,2026-04-18,2,家庭主妇,2,0
药店-桐君阁启航店,药店,2026-04-18,2,退休老人,6,0
药店-桐君阁启航店,药店,2026-04-18,2,中青年,2,0
药店-桐君阁启航店,药店,2026-04-18,2,上班族,4,0
药店-桐君阁启航店,药店,2026-04-18,2,学生,4,0
药店-桐君阁启航店,药店,2026-04-18,3,家庭主妇,6,0
药店-桐君阁启航店,药店,2026-04-18,3,退休老人,4,0
药店-桐君阁启航店,药店,2026-04-18,3,中青年,4,0
药店-桐君阁启航店,药店,2026-04-18,3,上班族,3,0
药店-桐君阁启航店,药店,2026-04-18,3,学生,3,0
药店-桐君阁启航店,药店,2026-04-18,4,家庭主妇,3,0
药店-桐君阁启航店,药店,2026-04-18,4,退休老人,4,0
药店-桐君阁启航店,药店,2026-04-18,4,中青年,3,0
药店-桐君阁启航店,药店,2026-04-18,4,上班族,5,0
药店-桐君阁启航店,药店,2026-04-18,4,学生,2,0
药店-桐君阁启航店,药店,2026-04-18,5,家庭主妇,7,0
药店-桐君阁启航店,药店,2026-04-18,5,退休老人,8,0
药店-桐君阁启航店,药店,2026-04-18,5,中青年,9,0
药店-桐君阁启航店,药店,2026-04-18,5,上班族,4,0
药店-桐君阁启航店,药店,2026-04-18,5,学生,6,0
药店-桐君阁启航店,药店,2026-04-18,6,家庭主妇,27,0
药店-桐君阁启航店,药店,2026-04-18,6,退休老人,33,0
药店-桐君阁启航店,药店,2026-04-18,6,中青年,34,0
药店-桐君阁启航店,药店,2026-04-18,6,上班族,32,0
药店-桐君阁启航店,药店,2026-04-18,6,学生,42,0
药店-桐君阁启航店,药店,2026-04-18,7,家庭主妇,91,0
药店-桐君阁启航店,药店,2026-04-18,7,退休老人,88,0
药店-桐君阁启航店,药店,2026-04-18,7,中青年,84,0
药店-桐君阁启航店,药店,2026-04-18,7,上班族,92,2
药店-桐君阁启航店,药店,2026-04-18,7,学生,101,0
药店-桐君阁启航店,药店,2026-04-18,8,家庭主妇,149,3
药店-桐君阁启航店,药店,2026-04-18,8,退休老人,143,2
药店-桐君阁启航店,药店,2026-04-18,8,中青年,135,0
药店-桐君阁启航店,药店,2026-04-18,8,上班族,158,4
药店-桐君阁启航店,药店,2026-04-18,8,学生,145,0
药店-桐君阁启航店,药店,2026-04-18,9,家庭主妇,158,8
药店-桐君阁启航店,药店,2026-04-18,9,退休老人,149,2
药店-桐君阁启航店,药店,2026-04-18,9,中青年,125,3
药店-桐君阁启航店,药店,2026-04-18,9,上班族,152,2
药店-桐君阁启航店,药店,2026-04-18,9,学生,127,0
药店-桐君阁启航店,药店,2026-04-18,10,家庭主妇,136,2
药店-桐君阁启航店,药店,2026-04-18,10,退休老人,141,0
药店-桐君阁启航店,药店,2026-04-18,10,中青年,119,2
药店-桐君阁启航店,药店,2026-04-18,10,上班族,121,0
药店-桐君阁启航店,药店,2026-04-18,10,学生,108,0
药店-桐君阁启航店,药店,2026-04-18,11,家庭主妇,94,2
药店-桐君阁启航店,药店,2026-04-18,11,退休老人,107,0
药店-桐君阁启航店,药店,2026-04-18,11,中青年,79,1
药店-桐君阁启航店,药店,2026-04-18,11,上班族,99,2
药店-桐君阁启航店,药店,2026-04-18,11,学生,89,1
药店-桐君阁启航店,药店,2026-04-18,12,家庭主妇,88,0
药店-桐君阁启航店,药店,2026-04-18,12,退休老人,107,0
药店-桐君阁启航店,药店,2026-04-18,12,中青年,102,0
药店-桐君阁启航店,药店,2026-04-18,12,上班族,93,5
药店-桐君阁启航店,药店,2026-04-18,12,学生,104,0
药店-桐君阁启航店,药店,2026-04-18,13,家庭主妇,66,3
药店-桐君阁启航店,药店,2026-04-18,13,退休老人,77,0
药店-桐君阁启航店,药店,2026-04-18,13,中青年,87,1
药店-桐君阁启航店,药店,2026-04-18,13,上班族,75,0
药店-桐君阁启航店,药店,2026-04-18,13,学生,82,0
药店-桐君阁启航店,药店,2026-04-18,14,家庭主妇,68,1
药店-桐君阁启航店,药店,2026-04-18,14,退休老人,73,0
药店-桐君阁启航店,药店,2026-04-18,14,中青年,69,0
药店-桐君阁启航店,药店,2026-04-18,14,上班族,60,1
药店-桐君阁启航店,药店,2026-04-18,14,学生,72,0
药店-桐君阁启航店,药店,2026-04-18,15,家庭主妇,75,0
药店-桐君阁启航店,药店,2026-04-18,15,退休老人,70,0
药店-桐君阁启航店,药店,2026-04-18,15,中青年,84,0
药店-桐君阁启航店,药店,2026-04-18,15,上班族,61,2
药店-桐君阁启航店,药店,2026-04-18,15,学生,72,0
药店-桐君阁启航店,药店,2026-04-18,16,家庭主妇,102,1
药店-桐君阁启航店,药店,2026-04-18,16,退休老人,88,0
药店-桐君阁启航店,药店,2026-04-18,16,中青年,98,1
药店-桐君阁启航店,药店,2026-04-18,16,上班族,92,1
药店-桐君阁启航店,药店,2026-04-18,16,学生,104,0
药店-桐君阁启航店,药店,2026-04-18,17,家庭主妇,121,0
药店-桐君阁启航店,药店,2026-04-18,17,退休老人,126,0
药店-桐君阁启航店,药店,2026-04-18,17,中青年,143,1
药店-桐君阁启航店,药店,2026-04-18,17,上班族,117,1
药店-桐君阁启航店,药店,2026-04-18,17,学生,119,0
药店-桐君阁启航店,药店,2026-04-18,18,家庭主妇,109,0
药店-桐君阁启航店,药店,2026-04-18,18,退休老人,107,0
药店-桐君阁启航店,药店,2026-04-18,18,中青年,131,0
药店-桐君阁启航店,药店,2026-04-18,18,上班族,103,6
药店-桐君阁启航店,药店,2026-04-18,18,学生,128,0
药店-桐君阁启航店,药店,2026-04-18,19,家庭主妇,148,4
药店-桐君阁启航店,药店,2026-04-18,19,退休老人,140,0
药店-桐君阁启航店,药店,2026-04-18,19,中青年,148,5
药店-桐君阁启航店,药店,2026-04-18,19,上班族,122,2
药店-桐君阁启航店,药店,2026-04-18,19,学生,138,0
药店-桐君阁启航店,药店,2026-04-18,20,家庭主妇,108,6
药店-桐君阁启航店,药店,2026-04-18,20,退休老人,95,0
药店-桐君阁启航店,药店,2026-04-18,20,中青年,113,1
药店-桐君阁启航店,药店,2026-04-18,20,上班族,96,1
药店-桐君阁启航店,药店,2026-04-18,20,学生,88,0
药店-桐君阁启航店,药店,2026-04-18,21,家庭主妇,60,1
药店-桐君阁启航店,药店,2026-04-18,21,退休老人,55,0
药店-桐君阁启航店,药店,2026-04-18,21,中青年,65,1
药店-桐君阁启航店,药店,2026-04-18,21,上班族,48,0
药店-桐君阁启航店,药店,2026-04-18,21,学生,62,0
药店-桐君阁启航店,药店,2026-04-18,22,家庭主妇,35,1
药店-桐君阁启航店,药店,2026-04-18,22,退休老人,32,0
药店-桐君阁启航店,药店,2026-04-18,22,中青年,32,0
药店-桐君阁启航店,药店,2026-04-18,22,上班族,36,1
药店-桐君阁启航店,药店,2026-04-18,22,学生,38,0
药店-桐君阁启航店,药店,2026-04-18,23,家庭主妇,0,0
药店-桐君阁启航店,药店,2026-04-18,23,退休老人,0,0
药店-桐君阁启航店,药店,2026-04-18,23,中青年,0,0
药店-桐君阁启航店,药店,2026-04-18,23,上班族,0,0
药店-桐君阁启航店,药店,2026-04-18,23,学生,0,0
药店-桐君阁启航店,药店,2026-04-19,0,家庭主妇,2,0
药店-桐君阁启航店,药店,2026-04-19,0,退休老人,6,0
药店-桐君阁启航店,药店,2026-04-19,0,中青年,8,0
药店-桐君阁启航店,药店,2026-04-19,0,上班族,8,0
药店-桐君阁启航店,药店,2026-04-19,0,学生,6,0
药店-桐君阁启航店,药店,2026-04-19,1,家庭主妇,3,0
药店-桐君阁启航店,药店,2026-04-19,1,退休老人,5,0
药店-桐君阁启航店,药店,2026-04-19,1,中青年,6,0
药店-桐君阁启航店,药店,2026-04-19,1,上班族,4,0
药店-桐君阁启航店,药店,2026-04-19,1,学生,7,0
药店-桐君阁启航店,药店,2026-04-19,2,家庭主妇,5,0
药店-桐君阁启航店,药店,2026-04-19,2,退休老人,6,0
药店-桐君阁启航店,药店,2026-04-19,2,中青年,2,0
药店-桐君阁启航店,药店,2026-04-19,2,上班族,2,0
药店-桐君阁启航店,药店,2026-04-19,2,学生,4,0
药店-桐君阁启航店,药店,2026-04-19,3,家庭主妇,1,0
药店-桐君阁启航店,药店,2026-04-19,3,退休老人,2,0
药店-桐君阁启航店,药店,2026-04-19,3,中青年,3,0
药店-桐君阁启航店,药店,2026-04-19,3,上班族,0,0
药店-桐君阁启航店,药店,2026-04-19,3,学生,1,0
药店-桐君阁启航店,药店,2026-04-19,4,家庭主妇,3,0
药店-桐君阁启航店,药店,2026-04-19,4,退休老人,1,0
药店-桐君阁启航店,药店,2026-04-19,4,中青年,1,0
药店-桐君阁启航店,药店,2026-04-19,4,上班族,1,0
药店-桐君阁启航店,药店,2026-04-19,4,学生,3,0
药店-桐君阁启航店,药店,2026-04-19,5,家庭主妇,6,0
药店-桐君阁启航店,药店,2026-04-19,5,退休老人,6,0
药店-桐君阁启航店,药店,2026-04-19,5,中青年,3,0
药店-桐君阁启航店,药店,2026-04-19,5,上班族,8,0
药店-桐君阁启航店,药店,2026-04-19,5,学生,6,0
药店-桐君阁启航店,药店,2026-04-19,6,家庭主妇,30,0
药店-桐君阁启航店,药店,2026-04-19,6,退休老人,30,0
药店-桐君阁启航店,药店,2026-04-19,6,中青年,32,0
药店-桐君阁启航店,药店,2026-04-19,6,上班族,23,0
药店-桐君阁启航店,药店,2026-04-19,6,学生,23,0
药店-桐君阁启航店,药店,2026-04-19,7,家庭主妇,80,0
药店-桐君阁启航店,药店,2026-04-19,7,退休老人,71,0
药店-桐君阁启航店,药店,2026-04-19,7,中青年,62,0
药店-桐君阁启航店,药店,2026-04-19,7,上班族,54,0
药店-桐君阁启航店,药店,2026-04-19,7,学生,82,0
药店-桐君阁启航店,药店,2026-04-19,8,家庭主妇,164,2
药店-桐君阁启航店,药店,2026-04-19,8,退休老人,137,3
药店-桐君阁启航店,药店,2026-04-19,8,中青年,143,2
药店-桐君阁启航店,药店,2026-04-19,8,上班族,161,2
药店-桐君阁启航店,药店,2026-04-19,8,学生,146,0
药店-桐君阁启航店,药店,2026-04-19,9,家庭主妇,178,4
药店-桐君阁启航店,药店,2026-04-19,9,退休老人,169,3
药店-桐君阁启航店,药店,2026-04-19,9,中青年,176,3
药店-桐君阁启航店,药店,2026-04-19,9,上班族,176,1
药店-桐君阁启航店,药店,2026-04-19,9,学生,158,0
药店-桐君阁启航店,药店,2026-04-19,10,家庭主妇,122,2
药店-桐君阁启航店,药店,2026-04-19,10,退休老人,139,0
药店-桐君阁启航店,药店,2026-04-19,10,中青年,152,1
药店-桐君阁启航店,药店,2026-04-19,10,上班族,139,2
药店-桐君阁启航店,药店,2026-04-19,10,学生,152,0
药店-桐君阁启航店,药店,2026-04-19,11,家庭主妇,88,1
药店-桐君阁启航店,药店,2026-04-19,11,退休老人,95,0
药店-桐君阁启航店,药店,2026-04-19,11,中青年,91,1
药店-桐君阁启航店,药店,2026-04-19,11,上班族,66,2
药店-桐君阁启航店,药店,2026-04-19,11,学生,110,0
药店-桐君阁启航店,药店,2026-04-19,12,家庭主妇,78,1
药店-桐君阁启航店,药店,2026-04-19,12,退休老人,91,0
药店-桐君阁启航店,药店,2026-04-19,12,中青年,74,1
药店-桐君阁启航店,药店,2026-04-19,12,上班族,83,6
药店-桐君阁启航店,药店,2026-04-19,12,学生,81,0
药店-桐君阁启航店,药店,2026-04-19,13,家庭主妇,71,3
药店-桐君阁启航店,药店,2026-04-19,13,退休老人,72,0
药店-桐君阁启航店,药店,2026-04-19,13,中青年,70,0
药店-桐君阁启航店,药店,2026-04-19,13,上班族,72,1
药店-桐君阁启航店,药店,2026-04-19,13,学生,63,1
药店-桐君阁启航店,药店,2026-04-19,14,家庭主妇,77,0
药店-桐君阁启航店,药店,2026-04-19,14,退休老人,70,0
药店-桐君阁启航店,药店,2026-04-19,14,中青年,65,1
药店-桐君阁启航店,药店,2026-04-19,14,上班族,74,0
药店-桐君阁启航店,药店,2026-04-19,14,学生,73,0
药店-桐君阁启航店,药店,2026-04-19,15,家庭主妇,139,3
药店-桐君阁启航店,药店,2026-04-19,15,退休老人,144,0
药店-桐君阁启航店,药店,2026-04-19,15,中青年,138,2
药店-桐君阁启航店,药店,2026-04-19,15,上班族,136,4
药店-桐君阁启航店,药店,2026-04-19,15,学生,122,1
药店-桐君阁启航店,药店,2026-04-19,16,家庭主妇,177,2
药店-桐君阁启航店,药店,2026-04-19,16,退休老人,180,0
药店-桐君阁启航店,药店,2026-04-19,16,中青年,179,1
药店-桐君阁启航店,药店,2026-04-19,16,上班族,167,2
药店-桐君阁启航店,药店,2026-04-19,16,学生,151,0
药店-桐君阁启航店,药店,2026-04-19,17,家庭主妇,244,0
药店-桐君阁启航店,药店,2026-04-19,17,退休老人,240,0
药店-桐君阁启航店,药店,2026-04-19,17,中青年,259,0
药店-桐君阁启航店,药店,2026-04-19,17,上班族,259,1
药店-桐君阁启航店,药店,2026-04-19,17,学生,243,0
药店-桐君阁启航店,药店,2026-04-19,18,家庭主妇,113,0
药店-桐君阁启航店,药店,2026-04-19,18,退休老人,117,1
药店-桐君阁启航店,药店,2026-04-19,18,中青年,122,0
药店-桐君阁启航店,药店,2026-04-19,18,上班族,130,1
药店-桐君阁启航店,药店,2026-04-19,18,学生,134,0
药店-桐君阁启航店,药店,2026-04-19,19,家庭主妇,145,6
药店-桐君阁启航店,药店,2026-04-19,19,退休老人,121,0
药店-桐君阁启航店,药店,2026-04-19,19,中青年,127,1
药店-桐君阁启航店,药店,2026-04-19,19,上班族,142,1
药店-桐君阁启航店,药店,2026-04-19,19,学生,148,2
药店-桐君阁启航店,药店,2026-04-19,20,家庭主妇,117,8
药店-桐君阁启航店,药店,2026-04-19,20,退休老人,119,0
药店-桐君阁启航店,药店,2026-04-19,20,中青年,132,4
药店-桐君阁启航店,药店,2026-04-19,20,上班族,117,3
药店-桐君阁启航店,药店,2026-04-19,20,学生,127,0
药店-桐君阁启航店,药店,2026-04-19,21,家庭主妇,24,1
药店-桐君阁启航店,药店,2026-04-19,21,退休老人,26,0
药店-桐君阁启航店,药店,2026-04-19,21,中青年,24,0
药店-桐君阁启航店,药店,2026-04-19,21,上班族,25,0
药店-桐君阁启航店,药店,2026-04-19,21,学生,24,0
药店-桐君阁启航店,药店,2026-04-19,22,家庭主妇,4,0
药店-桐君阁启航店,药店,2026-04-19,22,退休老人,6,0
药店-桐君阁启航店,药店,2026-04-19,22,中青年,2,0
药店-桐君阁启航店,药店,2026-04-19,22,上班族,6,0
药店-桐君阁启航店,药店,2026-04-19,22,学生,3,0
药店-桐君阁启航店,药店,2026-04-19,23,家庭主妇,0,0
药店-桐君阁启航店,药店,2026-04-19,23,退休老人,0,0
药店-桐君阁启航店,药店,2026-04-19,23,中青年,0,0
药店-桐君阁启航店,药店,2026-04-19,23,上班族,0,0
药店-桐君阁启航店,药店,2026-04-19,23,学生,0,0
药店-桐君阁启航店,药店,2026-04-20,0,家庭主妇,1,0
药店-桐君阁启航店,药店,2026-04-20,0,退休老人,1,0
药店-桐君阁启航店,药店,2026-04-20,0,中青年,1,0
药店-桐君阁启航店,药店,2026-04-20,0,上班族,5,0
药店-桐君阁启航店,药店,2026-04-20,0,学生,1,0
药店-桐君阁启航店,药店,2026-04-20,1,家庭主妇,0,0
药店-桐君阁启航店,药店,2026-04-20,1,退休老人,0,0
药店-桐君阁启航店,药店,2026-04-20,1,中青年,2,0
药店-桐君阁启航店,药店,2026-04-20,1,上班族,2,0
药店-桐君阁启航店,药店,2026-04-20,1,学生,0,0
药店-桐君阁启航店,药店,2026-04-20,2,家庭主妇,2,0
药店-桐君阁启航店,药店,2026-04-20,2,退休老人,2,0
药店-桐君阁启航店,药店,2026-04-20,2,中青年,2,0
药店-桐君阁启航店,药店,2026-04-20,2,上班族,2,0
药店-桐君阁启航店,药店,2026-04-20,2,学生,1,0
药店-桐君阁启航店,药店,2026-04-20,3,家庭主妇,0,0
药店-桐君阁启航店,药店,2026-04-20,3,退休老人,0,0
药店-桐君阁启航店,药店,2026-04-20,3,中青年,1,0
药店-桐君阁启航店,药店,2026-04-20,3,上班族,0,0
药店-桐君阁启航店,药店,2026-04-20,3,学生,1,0
药店-桐君阁启航店,药店,2026-04-20,4,家庭主妇,2,0
药店-桐君阁启航店,药店,2026-04-20,4,退休老人,3,0
药店-桐君阁启航店,药店,2026-04-20,4,中青年,2,0
药店-桐君阁启航店,药店,2026-04-20,4,上班族,2,0
药店-桐君阁启航店,药店,2026-04-20,4,学生,2,0
药店-桐君阁启航店,药店,2026-04-20,5,家庭主妇,8,0
药店-桐君阁启航店,药店,2026-04-20,5,退休老人,12,0
药店-桐君阁启航店,药店,2026-04-20,5,中青年,7,0
药店-桐君阁启航店,药店,2026-04-20,5,上班族,12,0
药店-桐君阁启航店,药店,2026-04-20,5,学生,7,0
药店-桐君阁启航店,药店,2026-04-20,6,家庭主妇,26,0
药店-桐君阁启航店,药店,2026-04-20,6,退休老人,28,0
药店-桐君阁启航店,药店,2026-04-20,6,中青年,37,0
药店-桐君阁启航店,药店,2026-04-20,6,上班族,33,0
药店-桐君阁启航店,药店,2026-04-20,6,学生,37,0
药店-桐君阁启航店,药店,2026-04-20,7,家庭主妇,157,0
药店-桐君阁启航店,药店,2026-04-20,7,退休老人,149,0
药店-桐君阁启航店,药店,2026-04-20,7,中青年,151,0
药店-桐君阁启航店,药店,2026-04-20,7,上班族,147,0
药店-桐君阁启航店,药店,2026-04-20,7,学生,158,0
药店-桐君阁启航店,药店,2026-04-20,8,家庭主妇,155,1
药店-桐君阁启航店,药店,2026-04-20,8,退休老人,153,0
药店-桐君阁启航店,药店,2026-04-20,8,中青年,147,0
药店-桐君阁启航店,药店,2026-04-20,8,上班族,134,2
药店-桐君阁启航店,药店,2026-04-20,8,学生,139,0
药店-桐君阁启航店,药店,2026-04-20,9,家庭主妇,112,2
药店-桐君阁启航店,药店,2026-04-20,9,退休老人,93,3
药店-桐君阁启航店,药店,2026-04-20,9,中青年,113,1
药店-桐君阁启航店,药店,2026-04-20,9,上班族,112,1
药店-桐君阁启航店,药店,2026-04-20,9,学生,85,0
药店-桐君阁启航店,药店,2026-04-20,10,家庭主妇,95,4
药店-桐君阁启航店,药店,2026-04-20,10,退休老人,77,0
药店-桐君阁启航店,药店,2026-04-20,10,中青年,85,2
药店-桐君阁启航店,药店,2026-04-20,10,上班族,70,2
药店-桐君阁启航店,药店,2026-04-20,10,学生,85,0
药店-桐君阁启航店,药店,2026-04-20,11,家庭主妇,55,2
药店-桐君阁启航店,药店,2026-04-20,11,退休老人,59,0
药店-桐君阁启航店,药店,2026-04-20,11,中青年,69,2
药店-桐君阁启航店,药店,2026-04-20,11,上班族,57,2
药店-桐君阁启航店,药店,2026-04-20,11,学生,68,0
药店-桐君阁启航店,药店,2026-04-20,12,家庭主妇,56,0
药店-桐君阁启航店,药店,2026-04-20,12,退休老人,48,0
药店-桐君阁启航店,药店,2026-04-20,12,中青年,41,0
药店-桐君阁启航店,药店,2026-04-20,12,上班族,47,1
药店-桐君阁启航店,药店,2026-04-20,12,学生,46,0
药店-桐君阁启航店,药店,2026-04-20,13,家庭主妇,47,4
药店-桐君阁启航店,药店,2026-04-20,13,退休老人,43,0
药店-桐君阁启航店,药店,2026-04-20,13,中青年,41,3
药店-桐君阁启航店,药店,2026-04-20,13,上班族,60,0
药店-桐君阁启航店,药店,2026-04-20,13,学生,48,0
药店-桐君阁启航店,药店,2026-04-20,14,家庭主妇,53,2
药店-桐君阁启航店,药店,2026-04-20,14,退休老人,51,0
药店-桐君阁启航店,药店,2026-04-20,14,中青年,52,3
药店-桐君阁启航店,药店,2026-04-20,14,上班族,50,1
药店-桐君阁启航店,药店,2026-04-20,14,学生,42,0
药店-桐君阁启航店,药店,2026-04-20,15,家庭主妇,51,2
药店-桐君阁启航店,药店,2026-04-20,15,退休老人,63,0
药店-桐君阁启航店,药店,2026-04-20,15,中青年,63,3
药店-桐君阁启航店,药店,2026-04-20,15,上班族,56,2
药店-桐君阁启航店,药店,2026-04-20,15,学生,68,1
药店-桐君阁启航店,药店,2026-04-20,16,家庭主妇,127,2
药店-桐君阁启航店,药店,2026-04-20,16,退休老人,117,1
药店-桐君阁启航店,药店,2026-04-20,16,中青年,122,2
药店-桐君阁启航店,药店,2026-04-20,16,上班族,120,2
药店-桐君阁启航店,药店,2026-04-20,16,学生,133,0
药店-桐君阁启航店,药店,2026-04-20,17,家庭主妇,110,1
药店-桐君阁启航店,药店,2026-04-20,17,退休老人,128,0
药店-桐君阁启航店,药店,2026-04-20,17,中青年,118,1
药店-桐君阁启航店,药店,2026-04-20,17,上班族,126,5
药店-桐君阁启航店,药店,2026-04-20,17,学生,102,1
药店-桐君阁启航店,药店,2026-04-20,18,家庭主妇,100,0
药店-桐君阁启航店,药店,2026-04-20,18,退休老人,144,0
药店-桐君阁启航店,药店,2026-04-20,18,中青年,139,0
药店-桐君阁启航店,药店,2026-04-20,18,上班族,152,10
药店-桐君阁启航店,药店,2026-04-20,18,学生,154,1
药店-桐君阁启航店,药店,2026-04-20,19,家庭主妇,132,3
药店-桐君阁启航店,药店,2026-04-20,19,退休老人,128,0
药店-桐君阁启航店,药店,2026-04-20,19,中青年,128,0
药店-桐君阁启航店,药店,2026-04-20,19,上班族,110,1
药店-桐君阁启航店,药店,2026-04-20,19,学生,121,0
药店-桐君阁启航店,药店,2026-04-20,20,家庭主妇,83,6
药店-桐君阁启航店,药店,2026-04-20,20,退休老人,93,0
药店-桐君阁启航店,药店,2026-04-20,20,中青年,116,2
药店-桐君阁启航店,药店,2026-04-20,20,上班族,107,2
药店-桐君阁启航店,药店,2026-04-20,20,学生,124,0
药店-桐君阁启航店,药店,2026-04-20,21,家庭主妇,57,1
药店-桐君阁启航店,药店,2026-04-20,21,退休老人,38,1
药店-桐君阁启航店,药店,2026-04-20,21,中青年,41,0
药店-桐君阁启航店,药店,2026-04-20,21,上班族,47,0
药店-桐君阁启航店,药店,2026-04-20,21,学生,38,0
药店-桐君阁启航店,药店,2026-04-20,22,家庭主妇,16,0
药店-桐君阁启航店,药店,2026-04-20,22,退休老人,23,0
药店-桐君阁启航店,药店,2026-04-20,22,中青年,13,1
药店-桐君阁启航店,药店,2026-04-20,22,上班族,13,0
药店-桐君阁启航店,药店,2026-04-20,22,学生,19,0
药店-桐君阁启航店,药店,2026-04-20,23,家庭主妇,0,0
药店-桐君阁启航店,药店,2026-04-20,23,退休老人,0,0
药店-桐君阁启航店,药店,2026-04-20,23,中青年,0,0
药店-桐君阁启航店,药店,2026-04-20,23,上班族,0,0
药店-桐君阁启航店,药店,2026-04-20,23,学生,0,0
药店-桐君阁启航店,药店,2026-04-21,0,家庭主妇,3,0
药店-桐君阁启航店,药店,2026-04-21,0,退休老人,6,0
药店-桐君阁启航店,药店,2026-04-21,0,中青年,2,0
药店-桐君阁启航店,药店,2026-04-21,0,上班族,3,0
药店-桐君阁启航店,药店,2026-04-21,0,学生,3,0
药店-桐君阁启航店,药店,2026-04-21,1,家庭主妇,1,0
药店-桐君阁启航店,药店,2026-04-21,1,退休老人,1,0
药店-桐君阁启航店,药店,2026-04-21,1,中青年,1,0
药店-桐君阁启航店,药店,2026-04-21,1,上班族,1,0
药店-桐君阁启航店,药店,2026-04-21,1,学生,1,0
药店-桐君阁启航店,药店,2026-04-21,2,家庭主妇,5,0
药店-桐君阁启航店,药店,2026-04-21,2,退休老人,2,0
药店-桐君阁启航店,药店,2026-04-21,2,中青年,2,0
药店-桐君阁启航店,药店,2026-04-21,2,上班族,1,0
药店-桐君阁启航店,药店,2026-04-21,2,学生,0,0
药店-桐君阁启航店,药店,2026-04-21,3,家庭主妇,0,0
药店-桐君阁启航店,药店,2026-04-21,3,退休老人,4,0
药店-桐君阁启航店,药店,2026-04-21,3,中青年,1,0
药店-桐君阁启航店,药店,2026-04-21,3,上班族,2,0
药店-桐君阁启航店,药店,2026-04-21,3,学生,3,0
药店-桐君阁启航店,药店,2026-04-21,4,家庭主妇,0,0
药店-桐君阁启航店,药店,2026-04-21,4,退休老人,2,0
药店-桐君阁启航店,药店,2026-04-21,4,中青年,4,0
药店-桐君阁启航店,药店,2026-04-21,4,上班族,2,0
药店-桐君阁启航店,药店,2026-04-21,4,学生,0,0
药店-桐君阁启航店,药店,2026-04-21,5,家庭主妇,5,0
药店-桐君阁启航店,药店,2026-04-21,5,退休老人,5,0
药店-桐君阁启航店,药店,2026-04-21,5,中青年,9,0
药店-桐君阁启航店,药店,2026-04-21,5,上班族,7,0
药店-桐君阁启航店,药店,2026-04-21,5,学生,8,0
药店-桐君阁启航店,药店,2026-04-21,6,家庭主妇,30,0
药店-桐君阁启航店,药店,2026-04-21,6,退休老人,34,0
药店-桐君阁启航店,药店,2026-04-21,6,中青年,28,0
药店-桐君阁启航店,药店,2026-04-21,6,上班族,31,0
药店-桐君阁启航店,药店,2026-04-21,6,学生,35,0
药店-桐君阁启航店,药店,2026-04-21,7,家庭主妇,141,1
药店-桐君阁启航店,药店,2026-04-21,7,退休老人,140,0
药店-桐君阁启航店,药店,2026-04-21,7,中青年,138,0
药店-桐君阁启航店,药店,2026-04-21,7,上班族,123,0
药店-桐君阁启航店,药店,2026-04-21,7,学生,122,0
药店-桐君阁启航店,药店,2026-04-21,8,家庭主妇,80,2
药店-桐君阁启航店,药店,2026-04-21,8,退休老人,92,0
药店-桐君阁启航店,药店,2026-04-21,8,中青年,81,3
药店-桐君阁启航店,药店,2026-04-21,8,上班族,72,5
药店-桐君阁启航店,药店,2026-04-21,8,学生,79,0
药店-桐君阁启航店,药店,2026-04-21,9,家庭主妇,100,19
药店-桐君阁启航店,药店,2026-04-21,9,退休老人,94,1
药店-桐君阁启航店,药店,2026-04-21,9,中青年,114,3
药店-桐君阁启航店,药店,2026-04-21,9,上班族,88,3
药店-桐君阁启航店,药店,2026-04-21,9,学生,78,0
药店-桐君阁启航店,药店,2026-04-21,10,家庭主妇,102,11
药店-桐君阁启航店,药店,2026-04-21,10,退休老人,95,0
药店-桐君阁启航店,药店,2026-04-21,10,中青年,75,4
药店-桐君阁启航店,药店,2026-04-21,10,上班族,91,3
药店-桐君阁启航店,药店,2026-04-21,10,学生,65,2
药店-桐君阁启航店,药店,2026-04-21,11,家庭主妇,59,2
药店-桐君阁启航店,药店,2026-04-21,11,退休老人,62,0
药店-桐君阁启航店,药店,2026-04-21,11,中青年,63,1
药店-桐君阁启航店,药店,2026-04-21,11,上班族,56,1
药店-桐君阁启航店,药店,2026-04-21,11,学生,54,0
药店-桐君阁启航店,药店,2026-04-21,12,家庭主妇,41,1
药店-桐君阁启航店,药店,2026-04-21,12,退休老人,46,0
药店-桐君阁启航店,药店,2026-04-21,12,中青年,35,0
药店-桐君阁启航店,药店,2026-04-21,12,上班族,46,2
药店-桐君阁启航店,药店,2026-04-21,12,学生,46,0
药店-桐君阁启航店,药店,2026-04-21,13,家庭主妇,42,2
药店-桐君阁启航店,药店,2026-04-21,13,退休老人,57,0
药店-桐君阁启航店,药店,2026-04-21,13,中青年,43,2
药店-桐君阁启航店,药店,2026-04-21,13,上班族,49,2
药店-桐君阁启航店,药店,2026-04-21,13,学生,37,0
药店-桐君阁启航店,药店,2026-04-21,14,家庭主妇,53,5
药店-桐君阁启航店,药店,2026-04-21,14,退休老人,54,0
药店-桐君阁启航店,药店,2026-04-21,14,中青年,54,1
药店-桐君阁启航店,药店,2026-04-21,14,上班族,60,2
药店-桐君阁启航店,药店,2026-04-21,14,学生,52,0
药店-桐君阁启航店,药店,2026-04-21,15,家庭主妇,70,1
药店-桐君阁启航店,药店,2026-04-21,15,退休老人,64,0
药店-桐君阁启航店,药店,2026-04-21,15,中青年,65,1
药店-桐君阁启航店,药店,2026-04-21,15,上班族,65,2
药店-桐君阁启航店,药店,2026-04-21,15,学生,84,0
药店-桐君阁启航店,药店,2026-04-21,16,家庭主妇,123,6
药店-桐君阁启航店,药店,2026-04-21,16,退休老人,143,0
药店-桐君阁启航店,药店,2026-04-21,16,中青年,123,2
药店-桐君阁启航店,药店,2026-04-21,16,上班族,141,1
药店-桐君阁启航店,药店,2026-04-21,16,学生,135,0
药店-桐君阁启航店,药店,2026-04-21,17,家庭主妇,149,3
药店-桐君阁启航店,药店,2026-04-21,17,退休老人,148,0
药店-桐君阁启航店,药店,2026-04-21,17,中青年,130,0
药店-桐君阁启航店,药店,2026-04-21,17,上班族,147,2
药店-桐君阁启航店,药店,2026-04-21,17,学生,129,0
药店-桐君阁启航店,药店,2026-04-21,18,家庭主妇,141,1
药店-桐君阁启航店,药店,2026-04-21,18,退休老人,114,1
药店-桐君阁启航店,药店,2026-04-21,18,中青年,134,0
药店-桐君阁启航店,药店,2026-04-21,18,上班族,115,11
药店-桐君阁启航店,药店,2026-04-21,18,学生,122,0
药店-桐君阁启航店,药店,2026-04-21,19,家庭主妇,125,5
药店-桐君阁启航店,药店,2026-04-21,19,退休老人,125,0
药店-桐君阁启航店,药店,2026-04-21,19,中青年,129,1
药店-桐君阁启航店,药店,2026-04-21,19,上班族,132,0
药店-桐君阁启航店,药店,2026-04-21,19,学生,112,0
药店-桐君阁启航店,药店,2026-04-21,20,家庭主妇,105,3
药店-桐君阁启航店,药店,2026-04-21,20,退休老人,106,0
药店-桐君阁启航店,药店,2026-04-21,20,中青年,106,1
药店-桐君阁启航店,药店,2026-04-21,20,上班族,105,3
药店-桐君阁启航店,药店,2026-04-21,20,学生,100,0
药店-桐君阁启航店,药店,2026-04-21,21,家庭主妇,50,1
药店-桐君阁启航店,药店,2026-04-21,21,退休老人,46,0
药店-桐君阁启航店,药店,2026-04-21,21,中青年,43,1
药店-桐君阁启航店,药店,2026-04-21,21,上班族,48,0
药店-桐君阁启航店,药店,2026-04-21,21,学生,58,1
药店-桐君阁启航店,药店,2026-04-21,22,家庭主妇,16,2
药店-桐君阁启航店,药店,2026-04-21,22,退休老人,17,0
药店-桐君阁启航店,药店,2026-04-21,22,中青年,18,0
药店-桐君阁启航店,药店,2026-04-21,22,上班族,14,1
药店-桐君阁启航店,药店,2026-04-21,22,学生,14,0
药店-桐君阁启航店,药店,2026-04-21,23,家庭主妇,0,0
药店-桐君阁启航店,药店,2026-04-21,23,退休老人,0,0
药店-桐君阁启航店,药店,2026-04-21,23,中青年,0,0
药店-桐君阁启航店,药店,2026-04-21,23,上班族,0,0
药店-桐君阁启航店,药店,2026-04-21,23,学生,0,0
药店-桐君阁启航店,药店,2026-04-22,0,家庭主妇,5,0
药店-桐君阁启航店,药店,2026-04-22,0,退休老人,2,0
药店-桐君阁启航店,药店,2026-04-22,0,中青年,4,0
药店-桐君阁启航店,药店,2026-04-22,0,上班族,3,0
药店-桐君阁启航店,药店,2026-04-22,0,学生,3,0
药店-桐君阁启航店,药店,2026-04-22,1,家庭主妇,1,0
药店-桐君阁启航店,药店,2026-04-22,1,退休老人,2,0
药店-桐君阁启航店,药店,2026-04-22,1,中青年,3,0
药店-桐君阁启航店,药店,2026-04-22,1,上班族,1,0
药店-桐君阁启航店,药店,2026-04-22,1,学生,1,0
药店-桐君阁启航店,药店,2026-04-22,2,家庭主妇,0,0
药店-桐君阁启航店,药店,2026-04-22,2,退休老人,1,0
药店-桐君阁启航店,药店,2026-04-22,2,中青年,1,0
药店-桐君阁启航店,药店,2026-04-22,2,上班族,0,0
药店-桐君阁启航店,药店,2026-04-22,2,学生,0,0
药店-桐君阁启航店,药店,2026-04-22,3,家庭主妇,1,0
药店-桐君阁启航店,药店,2026-04-22,3,退休老人,1,0
药店-桐君阁启航店,药店,2026-04-22,3,中青年,0,0
药店-桐君阁启航店,药店,2026-04-22,3,上班族,1,0
药店-桐君阁启航店,药店,2026-04-22,3,学生,2,0
药店-桐君阁启航店,药店,2026-04-22,4,家庭主妇,4,0
药店-桐君阁启航店,药店,2026-04-22,4,退休老人,1,0
药店-桐君阁启航店,药店,2026-04-22,4,中青年,0,0
药店-桐君阁启航店,药店,2026-04-22,4,上班族,2,0
药店-桐君阁启航店,药店,2026-04-22,4,学生,0,0
药店-桐君阁启航店,药店,2026-04-22,5,家庭主妇,5,0
药店-桐君阁启航店,药店,2026-04-22,5,退休老人,6,0
药店-桐君阁启航店,药店,2026-04-22,5,中青年,6,0
药店-桐君阁启航店,药店,2026-04-22,5,上班族,7,0
药店-桐君阁启航店,药店,2026-04-22,5,学生,5,0
药店-桐君阁启航店,药店,2026-04-22,6,家庭主妇,37,0
药店-桐君阁启航店,药店,2026-04-22,6,退休老人,31,0
药店-桐君阁启航店,药店,2026-04-22,6,中青年,26,0
药店-桐君阁启航店,药店,2026-04-22,6,上班族,34,0
药店-桐君阁启航店,药店,2026-04-22,6,学生,36,0
药店-桐君阁启航店,药店,2026-04-22,7,家庭主妇,140,0
药店-桐君阁启航店,药店,2026-04-22,7,退休老人,164,0
药店-桐君阁启航店,药店,2026-04-22,7,中青年,149,0
药店-桐君阁启航店,药店,2026-04-22,7,上班族,181,0
药店-桐君阁启航店,药店,2026-04-22,7,学生,123,0
药店-桐君阁启航店,药店,2026-04-22,8,家庭主妇,157,1
药店-桐君阁启航店,药店,2026-04-22,8,退休老人,147,3
药店-桐君阁启航店,药店,2026-04-22,8,中青年,143,0
药店-桐君阁启航店,药店,2026-04-22,8,上班族,170,3
药店-桐君阁启航店,药店,2026-04-22,8,学生,142,0
药店-桐君阁启航店,药店,2026-04-22,9,家庭主妇,116,2
药店-桐君阁启航店,药店,2026-04-22,9,退休老人,115,3
药店-桐君阁启航店,药店,2026-04-22,9,中青年,114,1
药店-桐君阁启航店,药店,2026-04-22,9,上班族,131,2
药店-桐君阁启航店,药店,2026-04-22,9,学生,118,0
药店-桐君阁启航店,药店,2026-04-22,10,家庭主妇,98,4
药店-桐君阁启航店,药店,2026-04-22,10,退休老人,87,0
药店-桐君阁启航店,药店,2026-04-22,10,中青年,94,1
药店-桐君阁启航店,药店,2026-04-22,10,上班族,78,2
药店-桐君阁启航店,药店,2026-04-22,10,学生,87,0
药店-桐君阁启航店,药店,2026-04-22,11,家庭主妇,64,0
药店-桐君阁启航店,药店,2026-04-22,11,退休老人,65,1
药店-桐君阁启航店,药店,2026-04-22,11,中青年,67,2
药店-桐君阁启航店,药店,2026-04-22,11,上班族,67,3
药店-桐君阁启航店,药店,2026-04-22,11,学生,70,0
药店-桐君阁启航店,药店,2026-04-22,12,家庭主妇,60,0
药店-桐君阁启航店,药店,2026-04-22,12,退休老人,59,0
药店-桐君阁启航店,药店,2026-04-22,12,中青年,47,0
药店-桐君阁启航店,药店,2026-04-22,12,上班族,80,4
药店-桐君阁启航店,药店,2026-04-22,12,学生,62,0
药店-桐君阁启航店,药店,2026-04-22,13,家庭主妇,67,1
药店-桐君阁启航店,药店,2026-04-22,13,退休老人,50,1
药店-桐君阁启航店,药店,2026-04-22,13,中青年,60,0
药店-桐君阁启航店,药店,2026-04-22,13,上班族,41,0
药店-桐君阁启航店,药店,2026-04-22,13,学生,58,0
药店-桐君阁启航店,药店,2026-04-22,14,家庭主妇,56,2
药店-桐君阁启航店,药店,2026-04-22,14,退休老人,49,0
药店-桐君阁启航店,药店,2026-04-22,14,中青年,65,2
药店-桐君阁启航店,药店,2026-04-22,14,上班族,52,1
药店-桐君阁启航店,药店,2026-04-22,14,学生,43,1
药店-桐君阁启航店,药店,2026-04-22,15,家庭主妇,65,3
药店-桐君阁启航店,药店,2026-04-22,15,退休老人,68,0
药店-桐君阁启航店,药店,2026-04-22,15,中青年,58,2
药店-桐君阁启航店,药店,2026-04-22,15,上班族,66,1
药店-桐君阁启航店,药店,2026-04-22,15,学生,73,0
药店-桐君阁启航店,药店,2026-04-22,16,家庭主妇,137,2
药店-桐君阁启航店,药店,2026-04-22,16,退休老人,101,0
药店-桐君阁启航店,药店,2026-04-22,16,中青年,131,0
药店-桐君阁启航店,药店,2026-04-22,16,上班族,140,1
药店-桐君阁启航店,药店,2026-04-22,16,学生,106,0
药店-桐君阁启航店,药店,2026-04-22,17,家庭主妇,136,0
药店-桐君阁启航店,药店,2026-04-22,17,退休老人,154,1
药店-桐君阁启航店,药店,2026-04-22,17,中青年,127,3
药店-桐君阁启航店,药店,2026-04-22,17,上班族,136,3
药店-桐君阁启航店,药店,2026-04-22,17,学生,150,0
药店-桐君阁启航店,药店,2026-04-22,18,家庭主妇,142,0
药店-桐君阁启航店,药店,2026-04-22,18,退休老人,114,0
药店-桐君阁启航店,药店,2026-04-22,18,中青年,130,0
药店-桐君阁启航店,药店,2026-04-22,18,上班族,137,5
药店-桐君阁启航店,药店,2026-04-22,18,学生,138,0
药店-桐君阁启航店,药店,2026-04-22,19,家庭主妇,118,5
药店-桐君阁启航店,药店,2026-04-22,19,退休老人,112,1
药店-桐君阁启航店,药店,2026-04-22,19,中青年,140,0
药店-桐君阁启航店,药店,2026-04-22,19,上班族,123,1
药店-桐君阁启航店,药店,2026-04-22,19,学生,110,1
药店-桐君阁启航店,药店,2026-04-22,20,家庭主妇,113,2
药店-桐君阁启航店,药店,2026-04-22,20,退休老人,102,0
药店-桐君阁启航店,药店,2026-04-22,20,中青年,97,3
药店-桐君阁启航店,药店,2026-04-22,20,上班族,106,2
药店-桐君阁启航店,药店,2026-04-22,20,学生,118,0
药店-桐君阁启航店,药店,2026-04-22,21,家庭主妇,39,5
药店-桐君阁启航店,药店,2026-04-22,21,退休老人,52,0
药店-桐君阁启航店,药店,2026-04-22,21,中青年,41,1
药店-桐君阁启航店,药店,2026-04-22,21,上班族,52,2
药店-桐君阁启航店,药店,2026-04-22,21,学生,62,1
药店-桐君阁启航店,药店,2026-04-22,22,家庭主妇,20,0
药店-桐君阁启航店,药店,2026-04-22,22,退休老人,20,0
药店-桐君阁启航店,药店,2026-04-22,22,中青年,10,0
药店-桐君阁启航店,药店,2026-04-22,22,上班族,25,0
药店-桐君阁启航店,药店,2026-04-22,22,学生,23,0
药店-桐君阁启航店,药店,2026-04-22,23,家庭主妇,0,0
药店-桐君阁启航店,药店,2026-04-22,23,退休老人,0,0
药店-桐君阁启航店,药店,2026-04-22,23,中青年,0,0
药店-桐君阁启航店,药店,2026-04-22,23,上班族,0,0
药店-桐君阁启航店,药店,2026-04-22,23,学生,0,0
药店-桐君阁启航店,药店,2026-04-23,0,家庭主妇,4,0
药店-桐君阁启航店,药店,2026-04-23,0,退休老人,1,0
药店-桐君阁启航店,药店,2026-04-23,0,中青年,2,0
药店-桐君阁启航店,药店,2026-04-23,0,上班族,2,0
药店-桐君阁启航店,药店,2026-04-23,0,学生,2,0
药店-桐君阁启航店,药店,2026-04-23,1,家庭主妇,10,0
药店-桐君阁启航店,药店,2026-04-23,1,退休老人,8,0
药店-桐君阁启航店,药店,2026-04-23,1,中青年,8,0
药店-桐君阁启航店,药店,2026-04-23,1,上班族,8,0
药店-桐君阁启航店,药店,2026-04-23,1,学生,7,0
药店-桐君阁启航店,药店,2026-04-23,2,家庭主妇,4,0
药店-桐君阁启航店,药店,2026-04-23,2,退休老人,3,0
药店-桐君阁启航店,药店,2026-04-23,2,中青年,4,0
药店-桐君阁启航店,药店,2026-04-23,2,上班族,2,0
药店-桐君阁启航店,药店,2026-04-23,2,学生,4,0
药店-桐君阁启航店,药店,2026-04-23,3,家庭主妇,2,0
药店-桐君阁启航店,药店,2026-04-23,3,退休老人,2,0
药店-桐君阁启航店,药店,2026-04-23,3,中青年,2,0
药店-桐君阁启航店,药店,2026-04-23,3,上班族,3,0
药店-桐君阁启航店,药店,2026-04-23,3,学生,1,0
药店-桐君阁启航店,药店,2026-04-23,4,家庭主妇,1,0
药店-桐君阁启航店,药店,2026-04-23,4,退休老人,4,0
药店-桐君阁启航店,药店,2026-04-23,4,中青年,3,0
药店-桐君阁启航店,药店,2026-04-23,4,上班族,1,0
药店-桐君阁启航店,药店,2026-04-23,4,学生,0,0
药店-桐君阁启航店,药店,2026-04-23,5,家庭主妇,5,0
药店-桐君阁启航店,药店,2026-04-23,5,退休老人,6,0
药店-桐君阁启航店,药店,2026-04-23,5,中青年,9,0
药店-桐君阁启航店,药店,2026-04-23,5,上班族,13,0
药店-桐君阁启航店,药店,2026-04-23,5,学生,4,0
药店-桐君阁启航店,药店,2026-04-23,6,家庭主妇,35,0
药店-桐君阁启航店,药店,2026-04-23,6,退休老人,38,0
药店-桐君阁启航店,药店,2026-04-23,6,中青年,28,0
药店-桐君阁启航店,药店,2026-04-23,6,上班族,37,0
药店-桐君阁启航店,药店,2026-04-23,6,学生,46,0
药店-桐君阁启航店,药店,2026-04-23,7,家庭主妇,159,1
药店-桐君阁启航店,药店,2026-04-23,7,退休老人,174,0
药店-桐君阁启航店,药店,2026-04-23,7,中青年,164,0
药店-桐君阁启航店,药店,2026-04-23,7,上班族,189,2
药店-桐君阁启航店,药店,2026-04-23,7,学生,164,0
药店-桐君阁启航店,药店,2026-04-23,8,家庭主妇,171,1
药店-桐君阁启航店,药店,2026-04-23,8,退休老人,148,2
药店-桐君阁启航店,药店,2026-04-23,8,中青年,148,0
药店-桐君阁启航店,药店,2026-04-23,8,上班族,192,4
药店-桐君阁启航店,药店,2026-04-23,8,学生,141,0
药店-桐君阁启航店,药店,2026-04-23,9,家庭主妇,124,1
药店-桐君阁启航店,药店,2026-04-23,9,退休老人,128,2
药店-桐君阁启航店,药店,2026-04-23,9,中青年,139,3
药店-桐君阁启航店,药店,2026-04-23,9,上班族,113,0
药店-桐君阁启航店,药店,2026-04-23,9,学生,116,0
药店-桐君阁启航店,药店,2026-04-23,10,家庭主妇,86,6
药店-桐君阁启航店,药店,2026-04-23,10,退休老人,100,0
药店-桐君阁启航店,药店,2026-04-23,10,中青年,76,1
药店-桐君阁启航店,药店,2026-04-23,10,上班族,90,1
药店-桐君阁启航店,药店,2026-04-23,10,学生,89,0
药店-桐君阁启航店,药店,2026-04-23,11,家庭主妇,54,0
药店-桐君阁启航店,药店,2026-04-23,11,退休老人,69,0
药店-桐君阁启航店,药店,2026-04-23,11,中青年,67,0
药店-桐君阁启航店,药店,2026-04-23,11,上班族,69,4
药店-桐君阁启航店,药店,2026-04-23,11,学生,57,0
药店-桐君阁启航店,药店,2026-04-23,12,家庭主妇,65,2
药店-桐君阁启航店,药店,2026-04-23,12,退休老人,56,0
药店-桐君阁启航店,药店,2026-04-23,12,中青年,49,0
药店-桐君阁启航店,药店,2026-04-23,12,上班族,54,2
药店-桐君阁启航店,药店,2026-04-23,12,学生,49,0
药店-桐君阁启航店,药店,2026-04-23,13,家庭主妇,38,0
药店-桐君阁启航店,药店,2026-04-23,13,退休老人,34,0
药店-桐君阁启航店,药店,2026-04-23,13,中青年,46,0
药店-桐君阁启航店,药店,2026-04-23,13,上班族,38,0
药店-桐君阁启航店,药店,2026-04-23,13,学生,39,0
药店-桐君阁启航店,药店,2026-04-23,14,家庭主妇,51,1
药店-桐君阁启航店,药店,2026-04-23,14,退休老人,44,0
药店-桐君阁启航店,药店,2026-04-23,14,中青年,44,0
药店-桐君阁启航店,药店,2026-04-23,14,上班族,36,1
药店-桐君阁启航店,药店,2026-04-23,14,学生,40,0
药店-桐君阁启航店,药店,2026-04-23,15,家庭主妇,73,3
药店-桐君阁启航店,药店,2026-04-23,15,退休老人,52,0
药店-桐君阁启航店,药店,2026-04-23,15,中青年,60,2
药店-桐君阁启航店,药店,2026-04-23,15,上班族,67,0
药店-桐君阁启航店,药店,2026-04-23,15,学生,55,0
药店-桐君阁启航店,药店,2026-04-23,16,家庭主妇,118,4
药店-桐君阁启航店,药店,2026-04-23,16,退休老人,114,0
药店-桐君阁启航店,药店,2026-04-23,16,中青年,107,3
药店-桐君阁启航店,药店,2026-04-23,16,上班族,116,0
药店-桐君阁启航店,药店,2026-04-23,16,学生,97,0
药店-桐君阁启航店,药店,2026-04-23,17,家庭主妇,141,1
药店-桐君阁启航店,药店,2026-04-23,17,退休老人,160,1
药店-桐君阁启航店,药店,2026-04-23,17,中青年,137,2
药店-桐君阁启航店,药店,2026-04-23,17,上班族,128,3
药店-桐君阁启航店,药店,2026-04-23,17,学生,136,1
药店-桐君阁启航店,药店,2026-04-23,18,家庭主妇,127,1
药店-桐君阁启航店,药店,2026-04-23,18,退休老人,142,0
药店-桐君阁启航店,药店,2026-04-23,18,中青年,132,1
药店-桐君阁启航店,药店,2026-04-23,18,上班族,134,4
药店-桐君阁启航店,药店,2026-04-23,18,学生,130,0
药店-桐君阁启航店,药店,2026-04-23,19,家庭主妇,139,4
药店-桐君阁启航店,药店,2026-04-23,19,退休老人,138,0
药店-桐君阁启航店,药店,2026-04-23,19,中青年,133,1
药店-桐君阁启航店,药店,2026-04-23,19,上班族,127,1
药店-桐君阁启航店,药店,2026-04-23,19,学生,138,0
药店-桐君阁启航店,药店,2026-04-23,20,家庭主妇,128,5
药店-桐君阁启航店,药店,2026-04-23,20,退休老人,130,1
药店-桐君阁启航店,药店,2026-04-23,20,中青年,126,2
药店-桐君阁启航店,药店,2026-04-23,20,上班族,122,0
药店-桐君阁启航店,药店,2026-04-23,20,学生,126,0
药店-桐君阁启航店,药店,2026-04-23,21,家庭主妇,57,3
药店-桐君阁启航店,药店,2026-04-23,21,退休老人,50,0
药店-桐君阁启航店,药店,2026-04-23,21,中青年,45,0
药店-桐君阁启航店,药店,2026-04-23,21,上班族,41,0
药店-桐君阁启航店,药店,2026-04-23,21,学生,54,0
药店-桐君阁启航店,药店,2026-04-23,22,家庭主妇,26,0
药店-桐君阁启航店,药店,2026-04-23,22,退休老人,18,0
药店-桐君阁启航店,药店,2026-04-23,22,中青年,17,0
药店-桐君阁启航店,药店,2026-04-23,22,上班族,14,0
药店-桐君阁启航店,药店,2026-04-23,22,学生,23,0
药店-桐君阁启航店,药店,2026-04-23,23,家庭主妇,0,0
药店-桐君阁启航店,药店,2026-04-23,23,退休老人,0,0
药店-桐君阁启航店,药店,2026-04-23,23,中青年,0,0
药店-桐君阁启航店,药店,2026-04-23,23,上班族,0,0
药店-桐君阁启航店,药店,2026-04-23,23,学生,0,0
药店-桐君阁启航店,药店,2026-04-24,0,家庭主妇,0,0
药店-桐君阁启航店,药店,2026-04-24,0,退休老人,0,0
药店-桐君阁启航店,药店,2026-04-24,0,中青年,0,0
药店-桐君阁启航店,药店,2026-04-24,0,上班族,0,0
药店-桐君阁启航店,药店,2026-04-24,0,学生,0,0
药店-桐君阁启航店,药店,2026-04-24,1,家庭主妇,2,0
药店-桐君阁启航店,药店,2026-04-24,1,退休老人,2,0
药店-桐君阁启航店,药店,2026-04-24,1,中青年,2,0
药店-桐君阁启航店,药店,2026-04-24,1,上班族,5,0
药店-桐君阁启航店,药店,2026-04-24,1,学生,1,0
药店-桐君阁启航店,药店,2026-04-24,2,家庭主妇,5,0
药店-桐君阁启航店,药店,2026-04-24,2,退休老人,2,0
药店-桐君阁启航店,药店,2026-04-24,2,中青年,1,0
药店-桐君阁启航店,药店,2026-04-24,2,上班族,5,0
药店-桐君阁启航店,药店,2026-04-24,2,学生,5,0
药店-桐君阁启航店,药店,2026-04-24,3,家庭主妇,0,0
药店-桐君阁启航店,药店,2026-04-24,3,退休老人,1,0
药店-桐君阁启航店,药店,2026-04-24,3,中青年,4,0
药店-桐君阁启航店,药店,2026-04-24,3,上班族,5,0
药店-桐君阁启航店,药店,2026-04-24,3,学生,3,0
药店-桐君阁启航店,药店,2026-04-24,4,家庭主妇,5,0
药店-桐君阁启航店,药店,2026-04-24,4,退休老人,3,0
药店-桐君阁启航店,药店,2026-04-24,4,中青年,3,0
药店-桐君阁启航店,药店,2026-04-24,4,上班族,2,0
药店-桐君阁启航店,药店,2026-04-24,4,学生,1,0
药店-桐君阁启航店,药店,2026-04-24,5,家庭主妇,4,0
药店-桐君阁启航店,药店,2026-04-24,5,退休老人,5,0
药店-桐君阁启航店,药店,2026-04-24,5,中青年,8,0
药店-桐君阁启航店,药店,2026-04-24,5,上班族,7,0
药店-桐君阁启航店,药店,2026-04-24,5,学生,4,0
药店-桐君阁启航店,药店,2026-04-24,6,家庭主妇,38,0
药店-桐君阁启航店,药店,2026-04-24,6,退休老人,23,0
药店-桐君阁启航店,药店,2026-04-24,6,中青年,30,0
药店-桐君阁启航店,药店,2026-04-24,6,上班族,23,0
药店-桐君阁启航店,药店,2026-04-24,6,学生,30,0
药店-桐君阁启航店,药店,2026-04-24,7,家庭主妇,170,0
药店-桐君阁启航店,药店,2026-04-24,7,退休老人,155,0
药店-桐君阁启航店,药店,2026-04-24,7,中青年,133,0
药店-桐君阁启航店,药店,2026-04-24,7,上班族,138,0
药店-桐君阁启航店,药店,2026-04-24,7,学生,163,0
药店-桐君阁启航店,药店,2026-04-24,8,家庭主妇,137,1
药店-桐君阁启航店,药店,2026-04-24,8,退休老人,147,1
药店-桐君阁启航店,药店,2026-04-24,8,中青年,150,1
药店-桐君阁启航店,药店,2026-04-24,8,上班族,156,1
药店-桐君阁启航店,药店,2026-04-24,8,学生,136,0
药店-桐君阁启航店,药店,2026-04-24,9,家庭主妇,118,1
药店-桐君阁启航店,药店,2026-04-24,9,退休老人,122,1
药店-桐君阁启航店,药店,2026-04-24,9,中青年,110,0
药店-桐君阁启航店,药店,2026-04-24,9,上班族,131,1
药店-桐君阁启航店,药店,2026-04-24,9,学生,103,0
药店-桐君阁启航店,药店,2026-04-24,10,家庭主妇,80,2
药店-桐君阁启航店,药店,2026-04-24,10,退休老人,81,0
药店-桐君阁启航店,药店,2026-04-24,10,中青年,94,0
药店-桐君阁启航店,药店,2026-04-24,10,上班族,78,1
药店-桐君阁启航店,药店,2026-04-24,10,学生,78,0
药店-桐君阁启航店,药店,2026-04-24,11,家庭主妇,66,1
药店-桐君阁启航店,药店,2026-04-24,11,退休老人,61,0
药店-桐君阁启航店,药店,2026-04-24,11,中青年,69,1
药店-桐君阁启航店,药店,2026-04-24,11,上班族,49,2
药店-桐君阁启航店,药店,2026-04-24,11,学生,56,0
药店-桐君阁启航店,药店,2026-04-24,12,家庭主妇,37,1
药店-桐君阁启航店,药店,2026-04-24,12,退休老人,42,0
药店-桐君阁启航店,药店,2026-04-24,12,中青年,55,0
药店-桐君阁启航店,药店,2026-04-24,12,上班族,61,2
药店-桐君阁启航店,药店,2026-04-24,12,学生,55,0
药店-桐君阁启航店,药店,2026-04-24,13,家庭主妇,41,3
药店-桐君阁启航店,药店,2026-04-24,13,退休老人,45,0
药店-桐君阁启航店,药店,2026-04-24,13,中青年,45,1
药店-桐君阁启航店,药店,2026-04-24,13,上班族,49,2
药店-桐君阁启航店,药店,2026-04-24,13,学生,48,0
药店-桐君阁启航店,药店,2026-04-24,14,家庭主妇,35,1
药店-桐君阁启航店,药店,2026-04-24,14,退休老人,46,0
药店-桐君阁启航店,药店,2026-04-24,14,中青年,46,1
药店-桐君阁启航店,药店,2026-04-24,14,上班族,55,0
药店-桐君阁启航店,药店,2026-04-24,14,学生,44,1
药店-桐君阁启航店,药店,2026-04-24,15,家庭主妇,314,0
药店-桐君阁启航店,药店,2026-04-24,15,退休老人,363,1
药店-桐君阁启航店,药店,2026-04-24,15,中青年,317,0
药店-桐君阁启航店,药店,2026-04-24,15,上班族,319,0
药店-桐君阁启航店,药店,2026-04-24,15,学生,332,0
药店-桐君阁启航店,药店,2026-04-24,16,家庭主妇,215,3
药店-桐君阁启航店,药店,2026-04-24,16,退休老人,207,0
药店-桐君阁启航店,药店,2026-04-24,16,中青年,199,2
药店-桐君阁启航店,药店,2026-04-24,16,上班族,196,0
药店-桐君阁启航店,药店,2026-04-24,16,学生,209,0
药店-桐君阁启航店,药店,2026-04-24,17,家庭主妇,194,3
药店-桐君阁启航店,药店,2026-04-24,17,退休老人,168,1
药店-桐君阁启航店,药店,2026-04-24,17,中青年,180,1
药店-桐君阁启航店,药店,2026-04-24,17,上班族,166,6
药店-桐君阁启航店,药店,2026-04-24,17,学生,171,0
药店-桐君阁启航店,药店,2026-04-24,18,家庭主妇,141,0
药店-桐君阁启航店,药店,2026-04-24,18,退休老人,152,0
药店-桐君阁启航店,药店,2026-04-24,18,中青年,148,1
药店-桐君阁启航店,药店,2026-04-24,18,上班族,169,4
药店-桐君阁启航店,药店,2026-04-24,18,学生,153,1
药店-桐君阁启航店,药店,2026-04-24,19,家庭主妇,133,1
药店-桐君阁启航店,药店,2026-04-24,19,退休老人,126,0
药店-桐君阁启航店,药店,2026-04-24,19,中青年,133,1
药店-桐君阁启航店,药店,2026-04-24,19,上班族,108,0
药店-桐君阁启航店,药店,2026-04-24,19,学生,123,3
药店-桐君阁启航店,药店,2026-04-24,20,家庭主妇,87,4
药店-桐君阁启航店,药店,2026-04-24,20,退休老人,100,0
药店-桐君阁启航店,药店,2026-04-24,20,中青年,109,3
药店-桐君阁启航店,药店,2026-04-24,20,上班族,85,1
药店-桐君阁启航店,药店,2026-04-24,20,学生,107,2
药店-桐君阁启航店,药店,2026-04-24,21,家庭主妇,48,3
药店-桐君阁启航店,药店,2026-04-24,21,退休老人,66,0
药店-桐君阁启航店,药店,2026-04-24,21,中青年,49,2
药店-桐君阁启航店,药店,2026-04-24,21,上班族,57,1
药店-桐君阁启航店,药店,2026-04-24,21,学生,49,0
药店-桐君阁启航店,药店,2026-04-24,22,家庭主妇,23,1
药店-桐君阁启航店,药店,2026-04-24,22,退休老人,30,0
药店-桐君阁启航店,药店,2026-04-24,22,中青年,22,0
药店-桐君阁启航店,药店,2026-04-24,22,上班族,25,0
药店-桐君阁启航店,药店,2026-04-24,22,学生,24,0
药店-桐君阁启航店,药店,2026-04-24,23,家庭主妇,0,0
药店-桐君阁启航店,药店,2026-04-24,23,退休老人,0,0
药店-桐君阁启航店,药店,2026-04-24,23,中青年,0,0
药店-桐君阁启航店,药店,2026-04-24,23,上班族,0,0
药店-桐君阁启航店,药店,2026-04-24,23,学生,0,0
药店-桐君阁启航店,药店,2026-04-25,0,家庭主妇,7,0
药店-桐君阁启航店,药店,2026-04-25,0,退休老人,5,0
药店-桐君阁启航店,药店,2026-04-25,0,中青年,8,0
药店-桐君阁启航店,药店,2026-04-25,0,上班族,4,0
药店-桐君阁启航店,药店,2026-04-25,0,学生,11,0
药店-桐君阁启航店,药店,2026-04-25,1,家庭主妇,8,0
药店-桐君阁启航店,药店,2026-04-25,1,退休老人,7,0
药店-桐君阁启航店,药店,2026-04-25,1,中青年,7,0
药店-桐君阁启航店,药店,2026-04-25,1,上班族,7,0
药店-桐君阁启航店,药店,2026-04-25,1,学生,5,0
药店-桐君阁启航店,药店,2026-04-25,2,家庭主妇,0,0
药店-桐君阁启航店,药店,2026-04-25,2,退休老人,4,0
药店-桐君阁启航店,药店,2026-04-25,2,中青年,3,0
药店-桐君阁启航店,药店,2026-04-25,2,上班族,1,0
药店-桐君阁启航店,药店,2026-04-25,2,学生,2,0
药店-桐君阁启航店,药店,2026-04-25,3,家庭主妇,1,0
药店-桐君阁启航店,药店,2026-04-25,3,退休老人,2,0
药店-桐君阁启航店,药店,2026-04-25,3,中青年,5,0
药店-桐君阁启航店,药店,2026-04-25,3,上班族,5,0
药店-桐君阁启航店,药店,2026-04-25,3,学生,1,0
药店-桐君阁启航店,药店,2026-04-25,4,家庭主妇,1,0
药店-桐君阁启航店,药店,2026-04-25,4,退休老人,3,0
药店-桐君阁启航店,药店,2026-04-25,4,中青年,2,0
药店-桐君阁启航店,药店,2026-04-25,4,上班族,2,0
药店-桐君阁启航店,药店,2026-04-25,4,学生,3,0
药店-桐君阁启航店,药店,2026-04-25,5,家庭主妇,9,0
药店-桐君阁启航店,药店,2026-04-25,5,退休老人,4,0
药店-桐君阁启航店,药店,2026-04-25,5,中青年,5,0
药店-桐君阁启航店,药店,2026-04-25,5,上班族,5,0
药店-桐君阁启航店,药店,2026-04-25,5,学生,5,0
药店-桐君阁启航店,药店,2026-04-25,6,家庭主妇,23,0
药店-桐君阁启航店,药店,2026-04-25,6,退休老人,33,0
药店-桐君阁启航店,药店,2026-04-25,6,中青年,21,0
药店-桐君阁启航店,药店,2026-04-25,6,上班族,29,0
药店-桐君阁启航店,药店,2026-04-25,6,学生,32,0
药店-桐君阁启航店,药店,2026-04-25,7,家庭主妇,84,0
药店-桐君阁启航店,药店,2026-04-25,7,退休老人,88,0
药店-桐君阁启航店,药店,2026-04-25,7,中青年,86,0
药店-桐君阁启航店,药店,2026-04-25,7,上班族,86,1
药店-桐君阁启航店,药店,2026-04-25,7,学生,89,0
药店-桐君阁启航店,药店,2026-04-25,8,家庭主妇,157,2
药店-桐君阁启航店,药店,2026-04-25,8,退休老人,153,2
药店-桐君阁启航店,药店,2026-04-25,8,中青年,135,2
药店-桐君阁启航店,药店,2026-04-25,8,上班族,180,6
药店-桐君阁启航店,药店,2026-04-25,8,学生,158,0
药店-桐君阁启航店,药店,2026-04-25,9,家庭主妇,140,4
药店-桐君阁启航店,药店,2026-04-25,9,退休老人,126,1
药店-桐君阁启航店,药店,2026-04-25,9,中青年,153,2
药店-桐君阁启航店,药店,2026-04-25,9,上班族,137,2
药店-桐君阁启航店,药店,2026-04-25,9,学生,158,0
药店-桐君阁启航店,药店,2026-04-25,10,家庭主妇,138,2
药店-桐君阁启航店,药店,2026-04-25,10,退休老人,116,1
药店-桐君阁启航店,药店,2026-04-25,10,中青年,133,1
药店-桐君阁启航店,药店,2026-04-25,10,上班族,114,2
药店-桐君阁启航店,药店,2026-04-25,10,学生,131,0
药店-桐君阁启航店,药店,2026-04-25,11,家庭主妇,79,2
药店-桐君阁启航店,药店,2026-04-25,11,退休老人,78,1
药店-桐君阁启航店,药店,2026-04-25,11,中青年,96,0
药店-桐君阁启航店,药店,2026-04-25,11,上班族,85,5
药店-桐君阁启航店,药店,2026-04-25,11,学生,94,1
药店-桐君阁启航店,药店,2026-04-25,12,家庭主妇,92,1
药店-桐君阁启航店,药店,2026-04-25,12,退休老人,97,0
药店-桐君阁启航店,药店,2026-04-25,12,中青年,93,0
药店-桐君阁启航店,药店,2026-04-25,12,上班族,107,2
药店-桐君阁启航店,药店,2026-04-25,12,学生,90,0
药店-桐君阁启航店,药店,2026-04-25,13,家庭主妇,76,4
药店-桐君阁启航店,药店,2026-04-25,13,退休老人,65,0
药店-桐君阁启航店,药店,2026-04-25,13,中青年,64,0
药店-桐君阁启航店,药店,2026-04-25,13,上班族,79,0
药店-桐君阁启航店,药店,2026-04-25,13,学生,57,0
药店-桐君阁启航店,药店,2026-04-25,14,家庭主妇,73,3
药店-桐君阁启航店,药店,2026-04-25,14,退休老人,77,0
药店-桐君阁启航店,药店,2026-04-25,14,中青年,75,1
药店-桐君阁启航店,药店,2026-04-25,14,上班族,73,1
药店-桐君阁启航店,药店,2026-04-25,14,学生,62,0
药店-桐君阁启航店,药店,2026-04-25,15,家庭主妇,85,4
药店-桐君阁启航店,药店,2026-04-25,15,退休老人,78,0
药店-桐君阁启航店,药店,2026-04-25,15,中青年,91,2
药店-桐君阁启航店,药店,2026-04-25,15,上班族,86,1
药店-桐君阁启航店,药店,2026-04-25,15,学生,89,0
药店-桐君阁启航店,药店,2026-04-25,16,家庭主妇,94,3
药店-桐君阁启航店,药店,2026-04-25,16,退休老人,95,0
药店-桐君阁启航店,药店,2026-04-25,16,中青年,103,3
药店-桐君阁启航店,药店,2026-04-25,16,上班族,95,1
药店-桐君阁启航店,药店,2026-04-25,16,学生,96,0
药店-桐君阁启航店,药店,2026-04-25,17,家庭主妇,128,1
药店-桐君阁启航店,药店,2026-04-25,17,退休老人,134,0
药店-桐君阁启航店,药店,2026-04-25,17,中青年,136,0
药店-桐君阁启航店,药店,2026-04-25,17,上班族,103,3
药店-桐君阁启航店,药店,2026-04-25,17,学生,111,0
药店-桐君阁启航店,药店,2026-04-25,18,家庭主妇,162,2
药店-桐君阁启航店,药店,2026-04-25,18,退休老人,133,0
药店-桐君阁启航店,药店,2026-04-25,18,中青年,128,0
药店-桐君阁启航店,药店,2026-04-25,18,上班族,148,8
药店-桐君阁启航店,药店,2026-04-25,18,学生,119,0
药店-桐君阁启航店,药店,2026-04-25,19,家庭主妇,128,2
药店-桐君阁启航店,药店,2026-04-25,19,退休老人,114,0
药店-桐君阁启航店,药店,2026-04-25,19,中青年,108,0
药店-桐君阁启航店,药店,2026-04-25,19,上班族,111,1
药店-桐君阁启航店,药店,2026-04-25,19,学生,116,0
药店-桐君阁启航店,药店,2026-04-25,20,家庭主妇,88,1
药店-桐君阁启航店,药店,2026-04-25,20,退休老人,105,1
药店-桐君阁启航店,药店,2026-04-25,20,中青年,97,0
药店-桐君阁启航店,药店,2026-04-25,20,上班族,94,2
药店-桐君阁启航店,药店,2026-04-25,20,学生,86,4
药店-桐君阁启航店,药店,2026-04-25,21,家庭主妇,44,3
药店-桐君阁启航店,药店,2026-04-25,21,退休老人,60,0
药店-桐君阁启航店,药店,2026-04-25,21,中青年,62,0
药店-桐君阁启航店,药店,2026-04-25,21,上班族,61,1
药店-桐君阁启航店,药店,2026-04-25,21,学生,44,0
药店-桐君阁启航店,药店,2026-04-25,22,家庭主妇,29,0
药店-桐君阁启航店,药店,2026-04-25,22,退休老人,32,0
药店-桐君阁启航店,药店,2026-04-25,22,中青年,35,0
药店-桐君阁启航店,药店,2026-04-25,22,上班族,35,0
药店-桐君阁启航店,药店,2026-04-25,22,学生,23,0
药店-桐君阁启航店,药店,2026-04-25,23,家庭主妇,0,0
药店-桐君阁启航店,药店,2026-04-25,23,退休老人,0,0
药店-桐君阁启航店,药店,2026-04-25,23,中青年,0,0
药店-桐君阁启航店,药店,2026-04-25,23,上班族,0,0
药店-桐君阁启航店,药店,2026-04-25,23,学生,0,0
药店-桐君阁启航店,药店,2026-04-27,0,家庭主妇,4,0
药店-桐君阁启航店,药店,2026-04-27,0,退休老人,7,0
药店-桐君阁启航店,药店,2026-04-27,0,中青年,7,0
药店-桐君阁启航店,药店,2026-04-27,0,上班族,16,0
药店-桐君阁启航店,药店,2026-04-27,0,学生,4,0
药店-桐君阁启航店,药店,2026-04-27,1,家庭主妇,2,0
药店-桐君阁启航店,药店,2026-04-27,1,退休老人,2,0
药店-桐君阁启航店,药店,2026-04-27,1,中青年,5,0
药店-桐君阁启航店,药店,2026-04-27,1,上班族,1,0
药店-桐君阁启航店,药店,2026-04-27,1,学生,2,0
药店-桐君阁启航店,药店,2026-04-27,2,家庭主妇,3,0
药店-桐君阁启航店,药店,2026-04-27,2,退休老人,4,0
药店-桐君阁启航店,药店,2026-04-27,2,中青年,4,0
药店-桐君阁启航店,药店,2026-04-27,2,上班族,4,0
药店-桐君阁启航店,药店,2026-04-27,2,学生,2,0
药店-桐君阁启航店,药店,2026-04-27,3,家庭主妇,1,0
药店-桐君阁启航店,药店,2026-04-27,3,退休老人,0,0
药店-桐君阁启航店,药店,2026-04-27,3,中青年,1,0
药店-桐君阁启航店,药店,2026-04-27,3,上班族,1,0
药店-桐君阁启航店,药店,2026-04-27,3,学生,3,0
药店-桐君阁启航店,药店,2026-04-27,4,家庭主妇,2,0
药店-桐君阁启航店,药店,2026-04-27,4,退休老人,2,0
药店-桐君阁启航店,药店,2026-04-27,4,中青年,1,0
药店-桐君阁启航店,药店,2026-04-27,4,上班族,3,0
药店-桐君阁启航店,药店,2026-04-27,4,学生,4,0
药店-桐君阁启航店,药店,2026-04-27,5,家庭主妇,5,0
药店-桐君阁启航店,药店,2026-04-27,5,退休老人,7,0
药店-桐君阁启航店,药店,2026-04-27,5,中青年,6,0
药店-桐君阁启航店,药店,2026-04-27,5,上班族,5,0
药店-桐君阁启航店,药店,2026-04-27,5,学生,10,0
药店-桐君阁启航店,药店,2026-04-27,6,家庭主妇,30,0
药店-桐君阁启航店,药店,2026-04-27,6,退休老人,25,0
药店-桐君阁启航店,药店,2026-04-27,6,中青年,24,0
药店-桐君阁启航店,药店,2026-04-27,6,上班族,24,0
药店-桐君阁启航店,药店,2026-04-27,6,学生,25,0
药店-桐君阁启航店,药店,2026-04-27,7,家庭主妇,117,0
药店-桐君阁启航店,药店,2026-04-27,7,退休老人,143,0
药店-桐君阁启航店,药店,2026-04-27,7,中青年,129,0
药店-桐君阁启航店,药店,2026-04-27,7,上班族,140,1
药店-桐君阁启航店,药店,2026-04-27,7,学生,110,0
药店-桐君阁启航店,药店,2026-04-27,8,家庭主妇,119,3
药店-桐君阁启航店,药店,2026-04-27,8,退休老人,114,1
药店-桐君阁启航店,药店,2026-04-27,8,中青年,117,1
药店-桐君阁启航店,药店,2026-04-27,8,上班族,125,1
药店-桐君阁启航店,药店,2026-04-27,8,学生,121,1
药店-桐君阁启航店,药店,2026-04-27,9,家庭主妇,87,3
药店-桐君阁启航店,药店,2026-04-27,9,退休老人,65,0
药店-桐君阁启航店,药店,2026-04-27,9,中青年,80,1
药店-桐君阁启航店,药店,2026-04-27,9,上班族,85,1
药店-桐君阁启航店,药店,2026-04-27,9,学生,91,0
药店-桐君阁启航店,药店,2026-04-27,10,家庭主妇,62,0
药店-桐君阁启航店,药店,2026-04-27,10,退休老人,57,0
药店-桐君阁启航店,药店,2026-04-27,10,中青年,54,0
药店-桐君阁启航店,药店,2026-04-27,10,上班族,51,1
药店-桐君阁启航店,药店,2026-04-27,10,学生,61,0
药店-桐君阁启航店,药店,2026-04-27,11,家庭主妇,51,0
药店-桐君阁启航店,药店,2026-04-27,11,退休老人,59,0
药店-桐君阁启航店,药店,2026-04-27,11,中青年,44,2
药店-桐君阁启航店,药店,2026-04-27,11,上班族,60,0
药店-桐君阁启航店,药店,2026-04-27,11,学生,52,0
药店-桐君阁启航店,药店,2026-04-27,12,家庭主妇,40,0
药店-桐君阁启航店,药店,2026-04-27,12,退休老人,38,0
药店-桐君阁启航店,药店,2026-04-27,12,中青年,28,0
药店-桐君阁启航店,药店,2026-04-27,12,上班族,36,3
药店-桐君阁启航店,药店,2026-04-27,12,学生,34,0
药店-桐君阁启航店,药店,2026-04-27,13,家庭主妇,31,1
药店-桐君阁启航店,药店,2026-04-27,13,退休老人,37,0
药店-桐君阁启航店,药店,2026-04-27,13,中青年,35,0
药店-桐君阁启航店,药店,2026-04-27,13,上班族,32,0
药店-桐君阁启航店,药店,2026-04-27,13,学生,24,0
药店-桐君阁启航店,药店,2026-04-27,14,家庭主妇,36,1
药店-桐君阁启航店,药店,2026-04-27,14,退休老人,29,0
药店-桐君阁启航店,药店,2026-04-27,14,中青年,36,0
药店-桐君阁启航店,药店,2026-04-27,14,上班族,39,0
药店-桐君阁启航店,药店,2026-04-27,14,学生,34,0
药店-桐君阁启航店,药店,2026-04-27,15,家庭主妇,38,2
药店-桐君阁启航店,药店,2026-04-27,15,退休老人,47,0
药店-桐君阁启航店,药店,2026-04-27,15,中青年,37,1
药店-桐君阁启航店,药店,2026-04-27,15,上班族,37,0
药店-桐君阁启航店,药店,2026-04-27,15,学生,43,0
药店-桐君阁启航店,药店,2026-04-27,16,家庭主妇,96,2
药店-桐君阁启航店,药店,2026-04-27,16,退休老人,87,0
药店-桐君阁启航店,药店,2026-04-27,16,中青年,91,2
药店-桐君阁启航店,药店,2026-04-27,16,上班族,106,3
药店-桐君阁启航店,药店,2026-04-27,16,学生,88,0
药店-桐君阁启航店,药店,2026-04-27,17,家庭主妇,98,3
药店-桐君阁启航店,药店,2026-04-27,17,退休老人,82,1
药店-桐君阁启航店,药店,2026-04-27,17,中青年,118,0
药店-桐君阁启航店,药店,2026-04-27,17,上班族,101,1
药店-桐君阁启航店,药店,2026-04-27,17,学生,96,0
药店-桐君阁启航店,药店,2026-04-27,18,家庭主妇,96,2
药店-桐君阁启航店,药店,2026-04-27,18,退休老人,81,0
药店-桐君阁启航店,药店,2026-04-27,18,中青年,82,0
药店-桐君阁启航店,药店,2026-04-27,18,上班族,75,3
药店-桐君阁启航店,药店,2026-04-27,18,学生,76,0
药店-桐君阁启航店,药店,2026-04-27,19,家庭主妇,71,1
药店-桐君阁启航店,药店,2026-04-27,19,退休老人,81,0
药店-桐君阁启航店,药店,2026-04-27,19,中青年,79,0
药店-桐君阁启航店,药店,2026-04-27,19,上班族,81,0
药店-桐君阁启航店,药店,2026-04-27,19,学生,69,0
药店-桐君阁启航店,药店,2026-04-27,20,家庭主妇,71,3
药店-桐君阁启航店,药店,2026-04-27,20,退休老人,65,0
药店-桐君阁启航店,药店,2026-04-27,20,中青年,86,1
药店-桐君阁启航店,药店,2026-04-27,20,上班族,69,4
药店-桐君阁启航店,药店,2026-04-27,20,学生,60,0
药店-桐君阁启航店,药店,2026-04-27,21,家庭主妇,38,0
药店-桐君阁启航店,药店,2026-04-27,21,退休老人,33,0
药店-桐君阁启航店,药店,2026-04-27,21,中青年,31,0
药店-桐君阁启航店,药店,2026-04-27,21,上班族,37,0
药店-桐君阁启航店,药店,2026-04-27,21,学生,43,0
药店-桐君阁启航店,药店,2026-04-27,22,家庭主妇,12,0
药店-桐君阁启航店,药店,2026-04-27,22,退休老人,16,0
药店-桐君阁启航店,药店,2026-04-27,22,中青年,10,0
药店-桐君阁启航店,药店,2026-04-27,22,上班族,15,0
药店-桐君阁启航店,药店,2026-04-27,22,学生,19,0
药店-桐君阁启航店,药店,2026-04-27,23,家庭主妇,0,0
药店-桐君阁启航店,药店,2026-04-27,23,退休老人,0,0
药店-桐君阁启航店,药店,2026-04-27,23,中青年,0,0
药店-桐君阁启航店,药店,2026-04-27,23,上班族,0,0
药店-桐君阁启航店,药店,2026-04-27,23,学生,0,0
药店-桐君阁启航店,药店,2026-04-28,0,家庭主妇,7,0
药店-桐君阁启航店,药店,2026-04-28,0,退休老人,2,0
药店-桐君阁启航店,药店,2026-04-28,0,中青年,4,0
药店-桐君阁启航店,药店,2026-04-28,0,上班族,2,0
药店-桐君阁启航店,药店,2026-04-28,0,学生,2,0
药店-桐君阁启航店,药店,2026-04-28,1,家庭主妇,4,0
药店-桐君阁启航店,药店,2026-04-28,1,退休老人,2,0
药店-桐君阁启航店,药店,2026-04-28,1,中青年,5,0
药店-桐君阁启航店,药店,2026-04-28,1,上班族,4,0
药店-桐君阁启航店,药店,2026-04-28,1,学生,3,0
药店-桐君阁启航店,药店,2026-04-28,2,家庭主妇,3,0
药店-桐君阁启航店,药店,2026-04-28,2,退休老人,3,0
药店-桐君阁启航店,药店,2026-04-28,2,中青年,2,0
药店-桐君阁启航店,药店,2026-04-28,2,上班族,4,0
药店-桐君阁启航店,药店,2026-04-28,2,学生,4,0
药店-桐君阁启航店,药店,2026-04-28,3,家庭主妇,2,0
药店-桐君阁启航店,药店,2026-04-28,3,退休老人,2,0
药店-桐君阁启航店,药店,2026-04-28,3,中青年,2,0
药店-桐君阁启航店,药店,2026-04-28,3,上班族,1,0
药店-桐君阁启航店,药店,2026-04-28,3,学生,2,0
药店-桐君阁启航店,药店,2026-04-28,4,家庭主妇,2,0
药店-桐君阁启航店,药店,2026-04-28,4,退休老人,2,0
药店-桐君阁启航店,药店,2026-04-28,4,中青年,2,0
药店-桐君阁启航店,药店,2026-04-28,4,上班族,2,0
药店-桐君阁启航店,药店,2026-04-28,4,学生,2,0
药店-桐君阁启航店,药店,2026-04-28,5,家庭主妇,3,0
药店-桐君阁启航店,药店,2026-04-28,5,退休老人,4,0
药店-桐君阁启航店,药店,2026-04-28,5,中青年,7,0
药店-桐君阁启航店,药店,2026-04-28,5,上班族,7,0
药店-桐君阁启航店,药店,2026-04-28,5,学生,8,0
药店-桐君阁启航店,药店,2026-04-28,6,家庭主妇,24,0
药店-桐君阁启航店,药店,2026-04-28,6,退休老人,24,0
药店-桐君阁启航店,药店,2026-04-28,6,中青年,24,0
药店-桐君阁启航店,药店,2026-04-28,6,上班族,24,0
药店-桐君阁启航店,药店,2026-04-28,6,学生,31,0
药店-桐君阁启航店,药店,2026-04-28,7,家庭主妇,141,1
药店-桐君阁启航店,药店,2026-04-28,7,退休老人,154,0
药店-桐君阁启航店,药店,2026-04-28,7,中青年,150,0
药店-桐君阁启航店,药店,2026-04-28,7,上班族,133,2
药店-桐君阁启航店,药店,2026-04-28,7,学生,131,0
药店-桐君阁启航店,药店,2026-04-28,8,家庭主妇,117,2
药店-桐君阁启航店,药店,2026-04-28,8,退休老人,126,0
药店-桐君阁启航店,药店,2026-04-28,8,中青年,120,1
药店-桐君阁启航店,药店,2026-04-28,8,上班族,118,0
药店-桐君阁启航店,药店,2026-04-28,8,学生,127,0
药店-桐君阁启航店,药店,2026-04-28,9,家庭主妇,72,2
药店-桐君阁启航店,药店,2026-04-28,9,退休老人,71,1
药店-桐君阁启航店,药店,2026-04-28,9,中青年,74,1
药店-桐君阁启航店,药店,2026-04-28,9,上班族,68,1
药店-桐君阁启航店,药店,2026-04-28,9,学生,68,1
药店-桐君阁启航店,药店,2026-04-28,10,家庭主妇,50,1
药店-桐君阁启航店,药店,2026-04-28,10,退休老人,50,0
药店-桐君阁启航店,药店,2026-04-28,10,中青年,39,1
药店-桐君阁启航店,药店,2026-04-28,10,上班族,58,2
药店-桐君阁启航店,药店,2026-04-28,10,学生,44,0
药店-桐君阁启航店,药店,2026-04-28,11,家庭主妇,33,0
药店-桐君阁启航店,药店,2026-04-28,11,退休老人,44,0
药店-桐君阁启航店,药店,2026-04-28,11,中青年,27,0
药店-桐君阁启航店,药店,2026-04-28,11,上班族,45,2
药店-桐君阁启航店,药店,2026-04-28,11,学生,20,1
药店-桐君阁启航店,药店,2026-04-28,12,家庭主妇,39,0
药店-桐君阁启航店,药店,2026-04-28,12,退休老人,35,0
药店-桐君阁启航店,药店,2026-04-28,12,中青年,32,0
药店-桐君阁启航店,药店,2026-04-28,12,上班族,21,1
药店-桐君阁启航店,药店,2026-04-28,12,学生,27,0
药店-桐君阁启航店,药店,2026-04-28,13,家庭主妇,26,1
药店-桐君阁启航店,药店,2026-04-28,13,退休老人,16,1
药店-桐君阁启航店,药店,2026-04-28,13,中青年,33,1
药店-桐君阁启航店,药店,2026-04-28,13,上班族,30,0
药店-桐君阁启航店,药店,2026-04-28,13,学生,29,0
药店-桐君阁启航店,药店,2026-04-28,14,家庭主妇,21,2
药店-桐君阁启航店,药店,2026-04-28,14,退休老人,30,0
药店-桐君阁启航店,药店,2026-04-28,14,中青年,25,2
药店-桐君阁启航店,药店,2026-04-28,14,上班族,29,0
药店-桐君阁启航店,药店,2026-04-28,14,学生,30,0
药店-桐君阁启航店,药店,2026-04-28,15,家庭主妇,31,1
药店-桐君阁启航店,药店,2026-04-28,15,退休老人,42,0
药店-桐君阁启航店,药店,2026-04-28,15,中青年,33,1
药店-桐君阁启航店,药店,2026-04-28,15,上班族,31,1
药店-桐君阁启航店,药店,2026-04-28,15,学生,35,0
药店-桐君阁启航店,药店,2026-04-28,16,家庭主妇,76,1
药店-桐君阁启航店,药店,2026-04-28,16,退休老人,65,0
药店-桐君阁启航店,药店,2026-04-28,16,中青年,74,0
药店-桐君阁启航店,药店,2026-04-28,16,上班族,85,0
药店-桐君阁启航店,药店,2026-04-28,16,学生,57,1
药店-桐君阁启航店,药店,2026-04-28,17,家庭主妇,79,0
药店-桐君阁启航店,药店,2026-04-28,17,退休老人,67,0
药店-桐君阁启航店,药店,2026-04-28,17,中青年,80,0
药店-桐君阁启航店,药店,2026-04-28,17,上班族,69,2
药店-桐君阁启航店,药店,2026-04-28,17,学生,88,0
药店-桐君阁启航店,药店,2026-04-28,18,家庭主妇,85,2
药店-桐君阁启航店,药店,2026-04-28,18,退休老人,98,0
药店-桐君阁启航店,药店,2026-04-28,18,中青年,88,0
药店-桐君阁启航店,药店,2026-04-28,18,上班族,78,6
药店-桐君阁启航店,药店,2026-04-28,18,学生,77,0
药店-桐君阁启航店,药店,2026-04-28,19,家庭主妇,51,3
药店-桐君阁启航店,药店,2026-04-28,19,退休老人,47,0
药店-桐君阁启航店,药店,2026-04-28,19,中青年,53,1
药店-桐君阁启航店,药店,2026-04-28,19,上班族,49,1
药店-桐君阁启航店,药店,2026-04-28,19,学生,40,0
药店-桐君阁启航店,药店,2026-04-28,20,家庭主妇,54,2
药店-桐君阁启航店,药店,2026-04-28,20,退休老人,44,0
药店-桐君阁启航店,药店,2026-04-28,20,中青年,36,0
药店-桐君阁启航店,药店,2026-04-28,20,上班族,60,0
药店-桐君阁启航店,药店,2026-04-28,20,学生,59,0
药店-桐君阁启航店,药店,2026-04-28,21,家庭主妇,31,1
药店-桐君阁启航店,药店,2026-04-28,21,退休老人,27,0
药店-桐君阁启航店,药店,2026-04-28,21,中青年,28,1
药店-桐君阁启航店,药店,2026-04-28,21,上班族,12,0
药店-桐君阁启航店,药店,2026-04-28,21,学生,22,0
药店-桐君阁启航店,药店,2026-04-28,22,家庭主妇,11,1
药店-桐君阁启航店,药店,2026-04-28,22,退休老人,9,0
药店-桐君阁启航店,药店,2026-04-28,22,中青年,4,0
药店-桐君阁启航店,药店,2026-04-28,22,上班族,7,0
药店-桐君阁启航店,药店,2026-04-28,22,学生,5,0
药店-桐君阁启航店,药店,2026-04-28,23,家庭主妇,0,0
药店-桐君阁启航店,药店,2026-04-28,23,退休老人,0,0
药店-桐君阁启航店,药店,2026-04-28,23,中青年,0,0
药店-桐君阁启航店,药店,2026-04-28,23,上班族,0,0
药店-桐君阁启航店,药店,2026-04-28,23,学生,0,0
药店-桐君阁启航店,药店,2026-04-29,0,家庭主妇,3,0
药店-桐君阁启航店,药店,2026-04-29,0,退休老人,4,0
药店-桐君阁启航店,药店,2026-04-29,0,中青年,1,0
药店-桐君阁启航店,药店,2026-04-29,0,上班族,3,0
药店-桐君阁启航店,药店,2026-04-29,0,学生,2,0
药店-桐君阁启航店,药店,2026-04-29,1,家庭主妇,1,0
药店-桐君阁启航店,药店,2026-04-29,1,退休老人,0,0
药店-桐君阁启航店,药店,2026-04-29,1,中青年,1,0
药店-桐君阁启航店,药店,2026-04-29,1,上班族,2,0
药店-桐君阁启航店,药店,2026-04-29,1,学生,1,0
药店-桐君阁启航店,药店,2026-04-29,2,家庭主妇,0,0
药店-桐君阁启航店,药店,2026-04-29,2,退休老人,0,0
药店-桐君阁启航店,药店,2026-04-29,2,中青年,0,0
药店-桐君阁启航店,药店,2026-04-29,2,上班族,1,0
药店-桐君阁启航店,药店,2026-04-29,2,学生,1,0
药店-桐君阁启航店,药店,2026-04-29,3,家庭主妇,2,0
药店-桐君阁启航店,药店,2026-04-29,3,退休老人,2,0
药店-桐君阁启航店,药店,2026-04-29,3,中青年,2,0
药店-桐君阁启航店,药店,2026-04-29,3,上班族,0,0
药店-桐君阁启航店,药店,2026-04-29,3,学生,0,0
药店-桐君阁启航店,药店,2026-04-29,4,家庭主妇,2,0
药店-桐君阁启航店,药店,2026-04-29,4,退休老人,3,0
药店-桐君阁启航店,药店,2026-04-29,4,中青年,2,0
药店-桐君阁启航店,药店,2026-04-29,4,上班族,2,0
药店-桐君阁启航店,药店,2026-04-29,4,学生,0,0
药店-桐君阁启航店,药店,2026-04-29,5,家庭主妇,7,0
药店-桐君阁启航店,药店,2026-04-29,5,退休老人,10,0
药店-桐君阁启航店,药店,2026-04-29,5,中青年,6,0
药店-桐君阁启航店,药店,2026-04-29,5,上班族,6,0
药店-桐君阁启航店,药店,2026-04-29,5,学生,8,0
药店-桐君阁启航店,药店,2026-04-29,6,家庭主妇,37,0
药店-桐君阁启航店,药店,2026-04-29,6,退休老人,28,0
药店-桐君阁启航店,药店,2026-04-29,6,中青年,30,0
药店-桐君阁启航店,药店,2026-04-29,6,上班族,33,0
药店-桐君阁启航店,药店,2026-04-29,6,学生,27,0
药店-桐君阁启航店,药店,2026-04-29,7,家庭主妇,138,0
药店-桐君阁启航店,药店,2026-04-29,7,退休老人,153,0
药店-桐君阁启航店,药店,2026-04-29,7,中青年,125,0
药店-桐君阁启航店,药店,2026-04-29,7,上班族,180,1
药店-桐君阁启航店,药店,2026-04-29,7,学生,132,1
药店-桐君阁启航店,药店,2026-04-29,8,家庭主妇,115,1
药店-桐君阁启航店,药店,2026-04-29,8,退休老人,124,3
药店-桐君阁启航店,药店,2026-04-29,8,中青年,134,0
药店-桐君阁启航店,药店,2026-04-29,8,上班族,100,5
药店-桐君阁启航店,药店,2026-04-29,8,学生,124,0
药店-桐君阁启航店,药店,2026-04-29,9,家庭主妇,130,3
药店-桐君阁启航店,药店,2026-04-29,9,退休老人,119,2
药店-桐君阁启航店,药店,2026-04-29,9,中青年,110,2
药店-桐君阁启航店,药店,2026-04-29,9,上班族,114,1
药店-桐君阁启航店,药店,2026-04-29,9,学生,116,0
药店-桐君阁启航店,药店,2026-04-29,10,家庭主妇,102,2
药店-桐君阁启航店,药店,2026-04-29,10,退休老人,87,1
药店-桐君阁启航店,药店,2026-04-29,10,中青年,103,2
药店-桐君阁启航店,药店,2026-04-29,10,上班族,93,1
药店-桐君阁启航店,药店,2026-04-29,10,学生,104,0
药店-桐君阁启航店,药店,2026-04-29,11,家庭主妇,95,2
药店-桐君阁启航店,药店,2026-04-29,11,退休老人,70,0
药店-桐君阁启航店,药店,2026-04-29,11,中青年,72,1
药店-桐君阁启航店,药店,2026-04-29,11,上班族,78,6
药店-桐君阁启航店,药店,2026-04-29,11,学生,78,1
药店-桐君阁启航店,药店,2026-04-29,12,家庭主妇,62,1
药店-桐君阁启航店,药店,2026-04-29,12,退休老人,57,0
药店-桐君阁启航店,药店,2026-04-29,12,中青年,64,0
药店-桐君阁启航店,药店,2026-04-29,12,上班族,43,3
药店-桐君阁启航店,药店,2026-04-29,12,学生,61,0
药店-桐君阁启航店,药店,2026-04-29,13,家庭主妇,49,2
药店-桐君阁启航店,药店,2026-04-29,13,退休老人,43,0
药店-桐君阁启航店,药店,2026-04-29,13,中青年,53,0
药店-桐君阁启航店,药店,2026-04-29,13,上班族,44,1
药店-桐君阁启航店,药店,2026-04-29,13,学生,52,0
药店-桐君阁启航店,药店,2026-04-29,14,家庭主妇,43,2
药店-桐君阁启航店,药店,2026-04-29,14,退休老人,48,0
药店-桐君阁启航店,药店,2026-04-29,14,中青年,41,4
药店-桐君阁启航店,药店,2026-04-29,14,上班族,52,1
药店-桐君阁启航店,药店,2026-04-29,14,学生,46,0
药店-桐君阁启航店,药店,2026-04-29,15,家庭主妇,69,2
药店-桐君阁启航店,药店,2026-04-29,15,退休老人,58,0
药店-桐君阁启航店,药店,2026-04-29,15,中青年,64,0
药店-桐君阁启航店,药店,2026-04-29,15,上班族,45,0
药店-桐君阁启航店,药店,2026-04-29,15,学生,66,1
药店-桐君阁启航店,药店,2026-04-29,16,家庭主妇,155,3
药店-桐君阁启航店,药店,2026-04-29,16,退休老人,125,1
药店-桐君阁启航店,药店,2026-04-29,16,中青年,145,2
药店-桐君阁启航店,药店,2026-04-29,16,上班族,124,1
药店-桐君阁启航店,药店,2026-04-29,16,学生,125,0
药店-桐君阁启航店,药店,2026-04-29,17,家庭主妇,165,1
药店-桐君阁启航店,药店,2026-04-29,17,退休老人,123,0
药店-桐君阁启航店,药店,2026-04-29,17,中青年,142,0
药店-桐君阁启航店,药店,2026-04-29,17,上班族,130,2
药店-桐君阁启航店,药店,2026-04-29,17,学生,127,1
药店-桐君阁启航店,药店,2026-04-29,18,家庭主妇,154,1
药店-桐君阁启航店,药店,2026-04-29,18,退休老人,126,0
药店-桐君阁启航店,药店,2026-04-29,18,中青年,129,0
药店-桐君阁启航店,药店,2026-04-29,18,上班族,125,5
药店-桐君阁启航店,药店,2026-04-29,18,学生,125,0
药店-桐君阁启航店,药店,2026-04-29,19,家庭主妇,110,2
药店-桐君阁启航店,药店,2026-04-29,19,退休老人,103,0
药店-桐君阁启航店,药店,2026-04-29,19,中青年,129,5
药店-桐君阁启航店,药店,2026-04-29,19,上班族,108,2
药店-桐君阁启航店,药店,2026-04-29,19,学生,117,0
药店-桐君阁启航店,药店,2026-04-29,20,家庭主妇,123,4
药店-桐君阁启航店,药店,2026-04-29,20,退休老人,118,1
药店-桐君阁启航店,药店,2026-04-29,20,中青年,110,1
药店-桐君阁启航店,药店,2026-04-29,20,上班族,111,1
药店-桐君阁启航店,药店,2026-04-29,20,学生,114,0
药店-桐君阁启航店,药店,2026-04-29,21,家庭主妇,49,5
药店-桐君阁启航店,药店,2026-04-29,21,退休老人,51,0
药店-桐君阁启航店,药店,2026-04-29,21,中青年,41,0
药店-桐君阁启航店,药店,2026-04-29,21,上班族,51,1
药店-桐君阁启航店,药店,2026-04-29,21,学生,54,1
药店-桐君阁启航店,药店,2026-04-29,22,家庭主妇,32,1
药店-桐君阁启航店,药店,2026-04-29,22,退休老人,27,0
药店-桐君阁启航店,药店,2026-04-29,22,中青年,19,0
药店-桐君阁启航店,药店,2026-04-29,22,上班族,24,0
药店-桐君阁启航店,药店,2026-04-29,22,学生,20,0
药店-桐君阁启航店,药店,2026-04-29,23,家庭主妇,18,0
药店-桐君阁启航店,药店,2026-04-29,23,退休老人,21,0
药店-桐君阁启航店,药店,2026-04-29,23,中青年,18,0
药店-桐君阁启航店,药店,2026-04-29,23,上班族,18,0
药店-桐君阁启航店,药店,2026-04-29,23,学生,14,0
药店-桐君阁启航店,药店,2026-04-30,0,家庭主妇,4,0
药店-桐君阁启航店,药店,2026-04-30,0,退休老人,4,0
药店-桐君阁启航店,药店,2026-04-30,0,中青年,6,0
药店-桐君阁启航店,药店,2026-04-30,0,上班族,6,0
药店-桐君阁启航店,药店,2026-04-30,0,学生,6,0
药店-桐君阁启航店,药店,2026-04-30,1,家庭主妇,7,0
药店-桐君阁启航店,药店,2026-04-30,1,退休老人,6,0
药店-桐君阁启航店,药店,2026-04-30,1,中青年,1,0
药店-桐君阁启航店,药店,2026-04-30,1,上班族,7,0
药店-桐君阁启航店,药店,2026-04-30,1,学生,4,0
药店-桐君阁启航店,药店,2026-04-30,2,家庭主妇,3,0
药店-桐君阁启航店,药店,2026-04-30,2,退休老人,3,0
药店-桐君阁启航店,药店,2026-04-30,2,中青年,2,0
药店-桐君阁启航店,药店,2026-04-30,2,上班族,3,0
药店-桐君阁启航店,药店,2026-04-30,2,学生,4,0
药店-桐君阁启航店,药店,2026-04-30,3,家庭主妇,1,0
药店-桐君阁启航店,药店,2026-04-30,3,退休老人,0,0
药店-桐君阁启航店,药店,2026-04-30,3,中青年,4,0
药店-桐君阁启航店,药店,2026-04-30,3,上班族,3,0
药店-桐君阁启航店,药店,2026-04-30,3,学生,1,0
药店-桐君阁启航店,药店,2026-04-30,4,家庭主妇,1,0
药店-桐君阁启航店,药店,2026-04-30,4,退休老人,1,0
药店-桐君阁启航店,药店,2026-04-30,4,中青年,0,0
药店-桐君阁启航店,药店,2026-04-30,4,上班族,3,0
药店-桐君阁启航店,药店,2026-04-30,4,学生,6,0
药店-桐君阁启航店,药店,2026-04-30,5,家庭主妇,7,0
药店-桐君阁启航店,药店,2026-04-30,5,退休老人,9,0
药店-桐君阁启航店,药店,2026-04-30,5,中青年,8,0
药店-桐君阁启航店,药店,2026-04-30,5,上班族,7,0
药店-桐君阁启航店,药店,2026-04-30,5,学生,3,0
药店-桐君阁启航店,药店,2026-04-30,6,家庭主妇,48,0
药店-桐君阁启航店,药店,2026-04-30,6,退休老人,29,0
药店-桐君阁启航店,药店,2026-04-30,6,中青年,37,0
药店-桐君阁启航店,药店,2026-04-30,6,上班族,47,0
药店-桐君阁启航店,药店,2026-04-30,6,学生,35,0
药店-桐君阁启航店,药店,2026-04-30,7,家庭主妇,169,0
药店-桐君阁启航店,药店,2026-04-30,7,退休老人,165,0
药店-桐君阁启航店,药店,2026-04-30,7,中青年,168,0
药店-桐君阁启航店,药店,2026-04-30,7,上班族,182,0
药店-桐君阁启航店,药店,2026-04-30,7,学生,152,0
药店-桐君阁启航店,药店,2026-04-30,8,家庭主妇,134,2
药店-桐君阁启航店,药店,2026-04-30,8,退休老人,146,0
药店-桐君阁启航店,药店,2026-04-30,8,中青年,169,0
药店-桐君阁启航店,药店,2026-04-30,8,上班族,162,1
药店-桐君阁启航店,药店,2026-04-30,8,学生,143,0
药店-桐君阁启航店,药店,2026-04-30,9,家庭主妇,121,2
药店-桐君阁启航店,药店,2026-04-30,9,退休老人,136,3
药店-桐君阁启航店,药店,2026-04-30,9,中青年,134,0
药店-桐君阁启航店,药店,2026-04-30,9,上班族,121,2
药店-桐君阁启航店,药店,2026-04-30,9,学生,139,0
药店-桐君阁启航店,药店,2026-04-30,10,家庭主妇,90,3
药店-桐君阁启航店,药店,2026-04-30,10,退休老人,95,0
药店-桐君阁启航店,药店,2026-04-30,10,中青年,87,2
药店-桐君阁启航店,药店,2026-04-30,10,上班族,100,1
药店-桐君阁启航店,药店,2026-04-30,10,学生,96,0
药店-桐君阁启航店,药店,2026-04-30,11,家庭主妇,78,1
药店-桐君阁启航店,药店,2026-04-30,11,退休老人,64,0
药店-桐君阁启航店,药店,2026-04-30,11,中青年,66,2
药店-桐君阁启航店,药店,2026-04-30,11,上班族,72,0
药店-桐君阁启航店,药店,2026-04-30,11,学生,58,0
药店-桐君阁启航店,药店,2026-04-30,12,家庭主妇,56,1
药店-桐君阁启航店,药店,2026-04-30,12,退休老人,59,1
药店-桐君阁启航店,药店,2026-04-30,12,中青年,61,1
药店-桐君阁启航店,药店,2026-04-30,12,上班族,64,5
药店-桐君阁启航店,药店,2026-04-30,12,学生,58,0
药店-桐君阁启航店,药店,2026-04-30,13,家庭主妇,63,1
药店-桐君阁启航店,药店,2026-04-30,13,退休老人,60,2
药店-桐君阁启航店,药店,2026-04-30,13,中青年,53,1
药店-桐君阁启航店,药店,2026-04-30,13,上班族,57,1
药店-桐君阁启航店,药店,2026-04-30,13,学生,44,0
药店-桐君阁启航店,药店,2026-04-30,14,家庭主妇,54,2
药店-桐君阁启航店,药店,2026-04-30,14,退休老人,58,0
药店-桐君阁启航店,药店,2026-04-30,14,中青年,44,1
药店-桐君阁启航店,药店,2026-04-30,14,上班族,55,1
药店-桐君阁启航店,药店,2026-04-30,14,学生,45,0
药店-桐君阁启航店,药店,2026-04-30,15,家庭主妇,365,1
药店-桐君阁启航店,药店,2026-04-30,15,退休老人,345,0
药店-桐君阁启航店,药店,2026-04-30,15,中青年,319,3
药店-桐君阁启航店,药店,2026-04-30,15,上班族,368,2
药店-桐君阁启航店,药店,2026-04-30,15,学生,350,1
药店-桐君阁启航店,药店,2026-04-30,16,家庭主妇,177,2
药店-桐君阁启航店,药店,2026-04-30,16,退休老人,177,0
药店-桐君阁启航店,药店,2026-04-30,16,中青年,186,0
药店-桐君阁启航店,药店,2026-04-30,16,上班族,166,0
药店-桐君阁启航店,药店,2026-04-30,16,学生,190,1
药店-桐君阁启航店,药店,2026-04-30,17,家庭主妇,141,3
药店-桐君阁启航店,药店,2026-04-30,17,退休老人,139,1
药店-桐君阁启航店,药店,2026-04-30,17,中青年,160,1
药店-桐君阁启航店,药店,2026-04-30,17,上班族,156,1
药店-桐君阁启航店,药店,2026-04-30,17,学生,151,0
药店-桐君阁启航店,药店,2026-04-30,18,家庭主妇,167,1
药店-桐君阁启航店,药店,2026-04-30,18,退休老人,155,0
药店-桐君阁启航店,药店,2026-04-30,18,中青年,158,0
药店-桐君阁启航店,药店,2026-04-30,18,上班族,162,6
药店-桐君阁启航店,药店,2026-04-30,18,学生,153,1
药店-桐君阁启航店,药店,2026-04-30,19,家庭主妇,116,4
药店-桐君阁启航店,药店,2026-04-30,19,退休老人,122,0
药店-桐君阁启航店,药店,2026-04-30,19,中青年,128,4
药店-桐君阁启航店,药店,2026-04-30,19,上班族,135,1
药店-桐君阁启航店,药店,2026-04-30,19,学生,130,3
药店-桐君阁启航店,药店,2026-04-30,20,家庭主妇,103,4
药店-桐君阁启航店,药店,2026-04-30,20,退休老人,89,0
药店-桐君阁启航店,药店,2026-04-30,20,中青年,106,3
药店-桐君阁启航店,药店,2026-04-30,20,上班族,104,1
药店-桐君阁启航店,药店,2026-04-30,20,学生,98,1
药店-桐君阁启航店,药店,2026-04-30,21,家庭主妇,57,4
药店-桐君阁启航店,药店,2026-04-30,21,退休老人,49,0
药店-桐君阁启航店,药店,2026-04-30,21,中青年,65,1
药店-桐君阁启航店,药店,2026-04-30,21,上班族,53,2
药店-桐君阁启航店,药店,2026-04-30,21,学生,55,0
药店-桐君阁启航店,药店,2026-04-30,22,家庭主妇,40,0
药店-桐君阁启航店,药店,2026-04-30,22,退休老人,33,0
药店-桐君阁启航店,药店,2026-04-30,22,中青年,27,0
药店-桐君阁启航店,药店,2026-04-30,22,上班族,36,0
药店-桐君阁启航店,药店,2026-04-30,22,学生,29,0
药店-桐君阁启航店,药店,2026-04-30,23,家庭主妇,0,0
药店-桐君阁启航店,药店,2026-04-30,23,退休老人,0,0
药店-桐君阁启航店,药店,2026-04-30,23,中青年,0,0
药店-桐君阁启航店,药店,2026-04-30,23,上班族,0,0
药店-桐君阁启航店,药店,2026-04-30,23,学生,0,0
